Position,Const,Created,Modified,Description,Title,Original Title,URL,Title Type,IMDb Rating,Runtime (mins),Year,Genres,Num Votes,Release Date,Directors,Your Rating,Date Rated
1,tt0446755,2017-05-05,2017-05-05,,"The Painted Veil","The Painted Veil",https://www.imdb.com/title/tt0446755/,Movie,7.4,125,2006,"Drama, Romance",100778,2007-01-19,"John Curran",,
2,tt2884206,2017-05-16,2017-05-16,,"I Origins","I Origins",https://www.imdb.com/title/tt2884206/,Movie,7.3,106,2014,"Drama, Mystery, Romance, Sci-Fi",142678,2014-07-18,"Mike Cahill",,
3,tt0266987,2017-05-21,2017-05-21,,"Spy Game","Spy Game",https://www.imdb.com/title/tt0266987/,Movie,7.1,126,2001,"Action, Crime, Thriller",178823,2001-11-21,"Tony Scott",,
4,tt0275719,2017-05-22,2017-05-22,,"Tape","Tape",https://www.imdb.com/title/tt0275719/,Movie,7.2,86,2001,"Drama",22449,2002-07-12,"Richard Linklater",,
5,tt2378507,2017-05-22,2017-05-22,,"The Glass Castle","The Glass Castle",https://www.imdb.com/title/tt2378507/,Movie,7.1,127,2017,"Biography, Drama",41683,2017-08-11,"Destin Daniel Cretton",,
6,tt1403981,2017-05-30,2017-05-30,,"Remember Me","Remember Me",https://www.imdb.com/title/tt1403981/,Movie,7.1,113,2010,"Drama, Romance",166671,2010-03-12,"Allen Coulter",,
7,tt1563738,2017-05-31,2017-05-31,,"One Day","One Day",https://www.imdb.com/title/tt1563738/,Movie,7.0,107,2011,"Drama, Romance",181671,2011-08-19,"Lone Scherfig",,
8,tt2226597,2017-06-01,2017-06-01,,"The Mountain Between Us","The Mountain Between Us",https://www.imdb.com/title/tt2226597/,Movie,6.4,112,2017,"Drama, Thriller",89072,2017-10-06,"Hany Abu-Assad",,
9,tt0473308,2017-06-06,2017-06-06,,"Waitress","Waitress",https://www.imdb.com/title/tt0473308/,Movie,7.0,108,2007,"Comedy, Drama, Romance",51592,2007-05-25,"Adrienne Shelly",,
10,tt0465551,2017-06-07,2017-06-07,,"Notes on a Scandal","Notes on a Scandal",https://www.imdb.com/title/tt0465551/,Movie,7.4,92,2006,"Crime, Drama, Romance, Thriller",90023,2007-01-26,"Richard Eyre",,
11,tt0180073,2017-06-07,2017-06-07,,"Quills","Quills",https://www.imdb.com/title/tt0180073/,Movie,7.2,124,2000,"Biography, Drama",59445,2000-12-15,"Philip Kaufman",,
12,tt0114388,2017-06-07,2017-06-07,,"Sense and Sensibility","Sense and Sensibility",https://www.imdb.com/title/tt0114388/,Movie,7.7,136,1995,"Drama, Romance",138320,1996-01-26,"Ang Lee",,
13,tt0104036,2017-06-07,2017-06-07,,"The Crying Game","The Crying Game",https://www.imdb.com/title/tt0104036/,Movie,7.2,112,1992,"Crime, Drama, Romance, Thriller",63968,1993-02-19,"Neil Jordan",,
14,tt0449467,2017-06-08,2017-06-08,,"Babel","Babel",https://www.imdb.com/title/tt0449467/,Movie,7.4,143,2006,"Drama",331369,2006-11-10,"Alejandro G. Iñárritu",,
15,tt1859650,2017-06-09,2017-06-09,,"To Rome with Love","To Rome with Love",https://www.imdb.com/title/tt1859650/,Movie,6.3,112,2012,"Comedy, Music, Romance",93656,2012-07-06,"Woody Allen",,
16,tt0268126,2017-06-09,2017-06-09,,"Adaptation.","Adaptation.",https://www.imdb.com/title/tt0268126/,Movie,7.6,115,2002,"Comedy, Drama",214868,2003-02-14,"Spike Jonze",,
17,tt0106226,2017-06-09,2017-06-09,,"The Age of Innocence","The Age of Innocence",https://www.imdb.com/title/tt0106226/,Movie,7.2,139,1993,"Drama, Romance",75834,1993-10-01,"Martin Scorsese",,
18,tt0113347,2017-06-09,2017-06-09,,"How to Make an American Quilt","How to Make an American Quilt",https://www.imdb.com/title/tt0113347/,Movie,6.3,117,1995,"Comedy, Drama, Romance",13246,1995-10-06,"Jocelyn Moorhouse",,
19,tt0203009,2017-06-12,2017-06-12,,"Moulin Rouge!","Moulin Rouge!",https://www.imdb.com/title/tt0203009/,Movie,7.5,127,2001,"Drama, Musical, Romance",317327,2001-06-01,"Baz Luhrmann",,
20,tt1809398,2017-06-15,2017-06-15,,"Unbroken","Unbroken",https://www.imdb.com/title/tt1809398/,Movie,7.2,137,2014,"Biography, Drama, Sport, War",200639,2014-12-25,"Angelina Jolie",,
21,tt5716464,2017-06-19,2017-06-19,,"Breathe","Breathe",https://www.imdb.com/title/tt5716464/,Movie,7.2,118,2017,"Biography, Drama, Romance",26871,2017-10-27,"Andy Serkis",,
22,tt1305806,2017-06-21,2017-06-21,,"The Secret in Their Eyes","El secreto de sus ojos",https://www.imdb.com/title/tt1305806/,Movie,8.2,129,2009,"Drama, Mystery, Romance, Thriller",245803,2010-05-21,"Juan José Campanella",,
23,tt0109707,2017-06-21,2017-06-21,,"Ed Wood","Ed Wood",https://www.imdb.com/title/tt0109707/,Movie,7.8,127,1994,"Biography, Comedy, Drama",191201,1994-10-07,"Tim Burton",,
24,tt0402894,2017-06-26,2017-06-26,,"Casanova","Casanova",https://www.imdb.com/title/tt0402894/,Movie,6.5,112,2005,"Adventure, Comedy, Drama, Romance",58585,2006-01-06,"Lasse Hallström",,
25,tt0313737,2017-06-26,2017-06-26,,"Two Weeks Notice","Two Weeks Notice",https://www.imdb.com/title/tt0313737/,Movie,6.2,101,2002,"Comedy, Romance",135575,2002-12-20,"Marc Lawrence",,
26,tt0104454,2017-07-11,2017-07-11,,"Howards End","Howards End",https://www.imdb.com/title/tt0104454/,Movie,7.3,142,1992,"Drama, Romance",39117,1993-02-26,"James Ivory",,
27,tt0120520,2017-07-11,2017-07-11,,"The Wings of the Dove","The Wings of the Dove",https://www.imdb.com/title/tt0120520/,Movie,7.1,102,1997,"Drama, Romance",12414,1998-03-13,"Iain Softley",,
28,tt1401656,2017-07-15,2017-07-15,,"I Give My First Love to You","Boku no hatsukoi wo kimi ni sasagu",https://www.imdb.com/title/tt1401656/,Movie,7.1,122,2009,"Drama, Romance",3009,2009-10-24,"Takehiko Shinjô",,
29,tt0414993,2017-07-29,2017-07-29,,"The Fountain","The Fountain",https://www.imdb.com/title/tt0414993/,Movie,7.1,97,2006,"Drama, Mystery, Romance, Sci-Fi",259790,2006-11-22,"Darren Aronofsky",,
30,tt1536537,2017-08-01,2017-08-01,,"What Happened to Monday","What Happened to Monday",https://www.imdb.com/title/tt1536537/,Movie,6.8,123,2017,"Action, Crime, Fantasy, Mystery, Sci-Fi, Thriller",146491,2017-08-18,"Tommy Wirkola",,
31,tt0361862,2017-08-06,2017-08-06,,"The Machinist","The Machinist",https://www.imdb.com/title/tt0361862/,Movie,7.6,101,2004,"Drama, Thriller",447210,2004-12-03,"Brad Anderson",,
32,tt0066921,2017-08-06,2017-08-06,,"A Clockwork Orange","A Clockwork Orange",https://www.imdb.com/title/tt0066921/,Movie,8.2,136,1971,"Crime, Sci-Fi",946246,1972-02-02,"Stanley Kubrick",,
33,tt1382339,2017-08-14,2017-08-14,,"Santhosh Subramaniyam","Santhosh Subramaniyam",https://www.imdb.com/title/tt1382339/,Movie,7.6,177,2008,"Comedy, Romance",2500,2008-04-11,"Mohan Raja",,
34,tt6315524,2017-08-17,2017-08-17,,"Take Off","Take Off",https://www.imdb.com/title/tt6315524/,Movie,8.0,139,2017,"Action, Drama, Thriller",8283,2017-04-07,"Mahesh Narayanan",,
35,tt0940585,2017-08-17,2017-08-17,,"Brick Lane","Brick Lane",https://www.imdb.com/title/tt0940585/,Movie,6.6,102,2007,"Drama",3375,2008-07-11,"Sarah Gavron",,
36,tt2106476,2017-09-01,2017-09-01,,"The Hunt","Jagten",https://www.imdb.com/title/tt2106476/,Movie,8.3,115,2012,"Drama",419739,2012-11-14,"Thomas Vinterberg",,
37,tt0124315,2017-09-03,2017-09-03,,"The Cider House Rules","The Cider House Rules",https://www.imdb.com/title/tt0124315/,Movie,7.4,126,1999,"Drama, Romance",110351,2000-01-07,"Lasse Hallström",,
38,tt1259521,2017-09-11,2017-09-11,,"The Cabin in the Woods","The Cabin in the Woods",https://www.imdb.com/title/tt1259521/,Movie,7.0,95,2011,"Horror, Mystery, Thriller",496615,2012-04-13,"Drew Goddard",,
39,tt0367495,2017-09-11,2017-09-11,,"Anbe Sivam","Anbe Sivam",https://www.imdb.com/title/tt0367495/,Movie,8.6,160,2003,"Adventure, Comedy, Drama",28679,2003-01-14,"Sundar C.",,
40,tt4934950,2017-09-11,2017-09-11,,"Talvar","Talvar",https://www.imdb.com/title/tt4934950/,Movie,8.1,132,2015,"Crime, Drama, Mystery, Thriller",44075,2015-10-02,"Meghna Gulzar",,
41,tt5838806,2017-09-16,2017-09-16,,"Annmariya Kalippilanu","Ann Mariya Kalippilanu",https://www.imdb.com/title/tt5838806/,Movie,7.2,127,2016,"Comedy, Drama",1736,2016-08-05,"Midhun Manuel Thomas",,
42,tt4186118,2017-09-16,2017-09-16,,"Iyobinte Pusthakam","Iyobinte Pusthakam",https://www.imdb.com/title/tt4186118/,Movie,7.7,158,2014,"Action, Adventure, Drama, Romance, Thriller",3353,2014-11-07,"Amal Neerad",,
43,tt0265666,2017-09-16,2017-09-16,,"The Royal Tenenbaums","The Royal Tenenbaums",https://www.imdb.com/title/tt0265666/,Movie,7.6,110,2001,"Comedy, Drama",339267,2002-01-04,"Wes Anderson",,
44,tt0119008,2017-09-23,2017-09-23,,"Donnie Brasco","Donnie Brasco",https://www.imdb.com/title/tt0119008/,Movie,7.7,127,1997,"Biography, Crime, Drama",361342,1997-02-28,"Mike Newell",,
45,tt4486986,2017-09-23,2017-09-23,,"All I See Is You","All I See Is You",https://www.imdb.com/title/tt4486986/,Movie,5.4,109,2016,"Drama, Mystery",14905,2017-10-27,"Marc Forster",,
46,tt5208216,2017-09-23,2017-09-23,,"Wonderstruck","Wonderstruck",https://www.imdb.com/title/tt5208216/,Movie,6.2,116,2017,"Adventure, Drama, Mystery",11611,2017-10-20,"Todd Haynes",,
47,tt4882376,2017-09-27,2017-09-27,,"First They Killed My Father","First They Killed My Father",https://www.imdb.com/title/tt4882376/,Movie,7.2,136,2017,"Biography, Drama, History, War",22510,2017-09-15,"Angelina Jolie",,
48,tt1423894,2017-10-02,2017-10-02,,"Barney's Version","Barney's Version",https://www.imdb.com/title/tt1423894/,Movie,7.3,134,2010,"Comedy, Drama",27529,2011-02-18,"Richard J. Lewis",,
49,tt0172493,2017-10-03,2017-10-03,,"Girl, Interrupted","Girl, Interrupted",https://www.imdb.com/title/tt0172493/,Movie,7.3,127,1999,"Biography, Drama",237326,2000-01-14,"James Mangold",,
50,tt0159097,2017-10-03,2017-10-03,,"The Virgin Suicides","The Virgin Suicides",https://www.imdb.com/title/tt0159097/,Movie,7.2,97,1999,"Drama, Romance",188834,2000-05-19,"Sofia Coppola",,
51,tt0824747,2017-10-03,2017-10-03,,"Changeling","Changeling",https://www.imdb.com/title/tt0824747/,Movie,7.7,141,2008,"Biography, Crime, Drama, History, Mystery, Thriller",276793,2008-10-31,"Clint Eastwood",,
52,tt0134119,2017-10-03,2017-10-03,,"The Talented Mr. Ripley","The Talented Mr. Ripley",https://www.imdb.com/title/tt0134119/,Movie,7.4,139,1999,"Crime, Drama, Thriller",276387,1999-12-25,"Anthony Minghella",,
53,tt0118929,2017-10-03,2017-10-03,,"Dark City","Dark City",https://www.imdb.com/title/tt0118929/,Movie,7.5,100,1998,"Fantasy, Mystery, Sci-Fi, Thriller",228929,1998-02-27,"Alex Proyas",,
54,tt1182345,2017-10-03,2017-10-03,,"Moon","Moon",https://www.imdb.com/title/tt1182345/,Movie,7.8,97,2009,"Drama, Mystery, Sci-Fi",398902,2009-07-10,"Duncan Jones",,
55,tt0399295,2017-10-03,2017-10-03,,"Lord of War","Lord of War",https://www.imdb.com/title/tt0399295/,Movie,7.6,122,2005,"Crime, Drama",363249,2005-09-16,"Andrew Niccol",,
56,tt1532503,2017-10-06,2017-10-06,,"Beginners","Beginners",https://www.imdb.com/title/tt1532503/,Movie,7.2,105,2010,"Comedy, Drama, Romance",98018,2011-06-09,"Mike Mills",,
57,tt0315983,2017-10-06,2017-10-06,,"House of Sand and Fog","House of Sand and Fog",https://www.imdb.com/title/tt0315983/,Movie,7.5,126,2003,"Crime, Drama",76361,2004-01-09,"Vadim Perelman",,
58,tt0375063,2017-10-13,2017-10-13,,"Sideways","Sideways",https://www.imdb.com/title/tt0375063/,Movie,7.5,127,2004,"Comedy, Drama, Romance",218911,2004-10-22,"Alexander Payne",,
59,tt0375679,2017-10-13,2017-10-13,,"Crash","Crash",https://www.imdb.com/title/tt0375679/,Movie,7.7,112,2004,"Crime, Drama, Thriller",464695,2005-05-06,"Paul Haggis",,
60,tt0299658,2017-10-13,2017-10-13,,"Chicago","Chicago",https://www.imdb.com/title/tt0299658/,Movie,7.2,113,2002,"Comedy, Crime, Musical",258882,2003-01-24,"Rob Marshall",,
61,tt0436697,2017-10-13,2017-10-13,,"The Queen","The Queen",https://www.imdb.com/title/tt0436697/,Movie,7.3,103,2006,"Biography, Drama",120310,2006-11-17,"Stephen Frears",,
62,tt0120768,2017-10-13,2017-10-13,,"The Negotiator","The Negotiator",https://www.imdb.com/title/tt0120768/,Movie,7.3,140,1998,"Action, Crime, Drama, Mystery, Thriller",171091,1998-07-29,"F. Gary Gray",,
63,tt0117913,2017-10-13,2017-10-13,,"A Time to Kill","A Time to Kill",https://www.imdb.com/title/tt0117913/,Movie,7.5,149,1996,"Crime, Drama, Thriller",212840,1996-07-24,"Joel Schumacher",,
64,tt0289992,2017-10-13,2017-10-13,,"The Life of David Gale","The Life of David Gale",https://www.imdb.com/title/tt0289992/,Movie,7.5,130,2003,"Crime, Drama, Mystery, Thriller",133551,2003-02-21,"Alan Parker",,
65,tt0106977,2017-10-13,2017-10-13,,"The Fugitive","The Fugitive",https://www.imdb.com/title/tt0106977/,Movie,7.8,130,1993,"Action, Crime, Drama, Mystery, Thriller",350951,1993-08-06,"Andrew Davis",,
66,tt1862079,2017-10-15,2017-10-15,,"Safety Not Guaranteed","Safety Not Guaranteed",https://www.imdb.com/title/tt1862079/,Movie,6.9,86,2012,"Adventure, Comedy, Drama, Fantasy, Romance",135980,2012-06-15,"Colin Trevorrow",,
67,tt2756032,2017-10-15,2017-10-15,,"The One I Love","The One I Love",https://www.imdb.com/title/tt2756032/,Movie,7.0,91,2014,"Comedy, Drama, Fantasy, Mystery, Romance, Sci-Fi, Thriller",48112,2014-08-08,"Charlie McDowell",,
68,tt0369339,2017-10-17,2017-10-17,,"Collateral","Collateral",https://www.imdb.com/title/tt0369339/,Movie,7.5,120,2004,"Action, Crime, Drama, Thriller",474962,2004-08-06,"Michael Mann",,
69,tt0350258,2017-10-17,2017-10-17,,"Ray","Ray",https://www.imdb.com/title/tt0350258/,Movie,7.7,152,2004,"Biography, Drama, Music",167448,2004-10-29,"Taylor Hackford",8,2024-05-26
70,tt0203230,2017-10-25,2017-10-25,,"You Can Count on Me","You Can Count on Me",https://www.imdb.com/title/tt0203230/,Movie,7.5,111,2000,"Drama",33846,2000-12-22,"Kenneth Lonergan",,
71,tt0362269,2017-10-25,2017-10-25,,"Kinsey","Kinsey",https://www.imdb.com/title/tt0362269/,Movie,7.0,118,2004,"Biography, Drama, Romance",52862,2005-01-07,"Bill Condon",,
72,tt0775529,2017-10-25,2017-10-25,,"The Savages","The Savages",https://www.imdb.com/title/tt0775529/,Movie,7.1,114,2007,"Comedy, Drama",39996,2008-01-17,"Tamara Jenkins",,
73,tt6232898,2017-10-25,2017-10-25,,"Jangle Bells","Jangle Bells",https://www.imdb.com/title/tt6232898/,Short,7.9,14,2015,"Short, Romance",20,2015-12-23,"Abhimanyu Kanodia",,
74,tt3829920,2017-10-25,2017-10-25,,"Only the Brave","Only the Brave",https://www.imdb.com/title/tt3829920/,Movie,7.6,134,2017,"Action, Biography, Drama",94071,2017-10-20,"Joseph Kosinski",,
75,tt0056291,2017-10-25,2017-10-25,,"Knife in the Water","Nóz w wodzie",https://www.imdb.com/title/tt0056291/,Movie,7.4,94,1962,"Drama, Thriller",25448,1963-10-28,"Roman Polanski",,
76,tt0059646,2017-10-25,2017-10-25,,"Repulsion","Repulsion",https://www.imdb.com/title/tt0059646/,Movie,7.5,105,1965,"Drama, Horror, Thriller",61920,1965-10-03,"Roman Polanski",,
77,tt2406252,2017-10-25,2017-10-25,,"Venus in Fur","La Vénus à la fourrure",https://www.imdb.com/title/tt2406252/,Movie,7.1,96,2013,"Drama",22221,2013-11-08,"Roman Polanski",,
78,tt0109579,2017-10-25,2017-10-25,,"Death and the Maiden","Death and the Maiden",https://www.imdb.com/title/tt0109579/,Movie,7.2,103,1994,"Drama, Mystery, Thriller",29297,1995-01-27,"Roman Polanski",,
79,tt0416044,2017-10-27,2017-10-27,,"Mongol: The Rise of Genghis Khan","Mongol",https://www.imdb.com/title/tt0416044/,Movie,7.2,126,2007,"Action, Biography, Drama, History, War",51820,2008-07-04,"Sergei Bodrov",,
80,tt0061418,2017-10-27,2017-10-27,,"Bonnie and Clyde","Bonnie and Clyde",https://www.imdb.com/title/tt0061418/,Movie,7.7,111,1967,"Action, Biography, Crime, Drama",127940,1967-08-14,"Arthur Penn",,
81,tt1777034,2017-10-31,2017-10-31,,"United","United",https://www.imdb.com/title/tt1777034/,Movie,7.3,94,2011,"Drama, History, Sport",14059,2011-04-24,"James Strong",,
82,tt3311384,2017-10-31,2017-10-31,,"The Class of '92","The Class of '92",https://www.imdb.com/title/tt3311384/,Movie,7.9,99,2013,"Documentary, Sport",9028,2013-11-29,"Ben Turner, Gabe Turner",,
83,tt0091167,2017-10-31,2017-10-31,,"Hannah and Her Sisters","Hannah and Her Sisters",https://www.imdb.com/title/tt0091167/,Movie,7.8,107,1986,"Comedy, Drama",82272,1986-03-14,"Woody Allen",,
84,tt0079522,2017-10-31,2017-10-31,,"Manhattan","Manhattan",https://www.imdb.com/title/tt0079522/,Movie,7.8,96,1979,"Comedy, Drama, Romance",153666,1979-04-25,"Woody Allen",,
85,tt0795368,2017-10-31,2017-10-31,,"Death at a Funeral","Death at a Funeral",https://www.imdb.com/title/tt0795368/,Movie,7.3,90,2007,"Comedy",129206,2007-09-07,"Frank Oz",,
86,tt1439572,2017-11-01,2017-11-01,,"Perfect Sense","Perfect Sense",https://www.imdb.com/title/tt1439572/,Movie,7.0,92,2011,"Drama, Romance, Sci-Fi",67829,2011-10-07,"David Mackenzie",,
87,tt0115964,2017-11-01,2017-11-01,,"Crash","Crash",https://www.imdb.com/title/tt0115964/,Movie,6.4,100,1996,"Drama",73061,1997-03-21,"David Cronenberg",,
88,tt1726669,2017-11-01,2017-11-01,,"Killer Joe","Killer Joe",https://www.imdb.com/title/tt1726669/,Movie,6.7,102,2011,"Crime, Drama, Thriller",89652,2012-06-29,"William Friedkin",,
89,tt0147612,2017-11-01,2017-11-01,,"Happiness","Happiness",https://www.imdb.com/title/tt0147612/,Movie,7.7,140,1998,"Comedy, Drama",80941,1998-10-16,"Todd Solondz",,
90,tt0097108,2017-11-01,2017-11-01,,"The Cook, the Thief, His Wife & Her Lover","The Cook, the Thief, His Wife & Her Lover",https://www.imdb.com/title/tt0097108/,Movie,7.5,124,1989,"Crime, Drama",45585,1990-04-06,"Peter Greenaway",,
91,tt0103759,2017-11-01,2017-11-01,,"Bad Lieutenant","Bad Lieutenant",https://www.imdb.com/title/tt0103759/,Movie,7.0,96,1992,"Crime, Drama, Thriller",53394,1992-12-17,"Abel Ferrara",,
92,tt0098253,2017-11-01,2017-11-01,,"Santa Sangre","Santa Sangre",https://www.imdb.com/title/tt0098253/,Movie,7.4,123,1989,"Drama, Horror, Thriller",25976,1990-06-27,"Alejandro Jodorowsky",,
93,tt0287467,2017-11-01,2017-11-01,,"Talk to Her","Hable con ella",https://www.imdb.com/title/tt0287467/,Movie,7.9,112,2002,"Drama, Mystery, Romance",121267,2003-02-14,"Pedro Almodóvar",,
94,tt0250797,2017-11-01,2017-11-01,,"Unfaithful","Unfaithful",https://www.imdb.com/title/tt0250797/,Movie,6.7,124,2002,"Drama, Romance, Thriller",108983,2002-05-10,"Adrian Lyne",,
95,tt0780516,2017-11-02,2017-11-02,,"Flawless","Flawless",https://www.imdb.com/title/tt0780516/,Movie,6.7,108,2007,"Crime, Drama, Thriller",28741,2008-03-28,"Michael Radford",,
96,tt1159926,2017-11-02,2017-11-02,,"City of Life","City of Life",https://www.imdb.com/title/tt1159926/,Movie,6.8,119,2009,"Drama, Romance",1463,2010-09-23,"Ali F. Mostafa",,
97,tt1134629,2017-11-02,2017-11-02,,"The Private Lives of Pippa Lee","The Private Lives of Pippa Lee",https://www.imdb.com/title/tt1134629/,Movie,6.3,98,2009,"Comedy, Drama, Romance",14815,2009-07-10,"Rebecca Miller",,
98,tt0219699,2017-11-02,2017-11-02,,"The Gift","The Gift",https://www.imdb.com/title/tt0219699/,Movie,6.7,111,2000,"Drama, Fantasy, Horror, Mystery",82594,2001-01-19,"Sam Raimi",,
99,tt0095250,2017-11-02,2017-11-02,,"The Big Blue","Le grand bleu",https://www.imdb.com/title/tt0095250/,Movie,7.5,168,1988,"Adventure, Drama, Sport",59457,1988-08-19,"Luc Besson",,
100,tt0243133,2017-11-02,2017-11-02,,"The Man Who Wasn't There","The Man Who Wasn't There",https://www.imdb.com/title/tt0243133/,Movie,7.5,116,2001,"Crime, Drama",121380,2001-11-16,"Joel Coen, Ethan Coen",,
101,tt0115751,2017-11-03,2017-11-03,,"Breaking the Waves","Breaking the Waves",https://www.imdb.com/title/tt0115751/,Movie,7.8,153,1996,"Drama",76785,1996-11-13,"Lars von Trier",,
102,tt0168629,2017-11-03,2017-11-03,,"Dancer in the Dark","Dancer in the Dark",https://www.imdb.com/title/tt0168629/,Movie,7.9,135,2000,"Crime, Drama, Musical",125356,2000-10-06,"Lars von Trier",,
103,tt0154420,2017-11-03,2017-11-03,,"The Celebration","Festen",https://www.imdb.com/title/tt0154420/,Movie,8.0,101,1998,"Drama",100980,1998-06-19,"Thomas Vinterberg",,
104,tt0256103,2017-11-03,2017-11-03,,"Intimacy","Intimacy",https://www.imdb.com/title/tt0256103/,Movie,6.0,119,2001,"Drama, Romance",14277,2001-03-28,"Patrice Chéreau",,
105,tt0152015,2017-11-03,2017-11-03,,"Pola X","Pola X",https://www.imdb.com/title/tt0152015/,Movie,5.7,134,1999,"Drama, Romance",5752,1999-10-09,"Leos Carax",,
106,tt4943322,2017-11-03,2017-11-03,,"The Ottoman Lieutenant","The Ottoman Lieutenant",https://www.imdb.com/title/tt4943322/,Movie,6.4,106,2017,"Drama, History, War",27280,2017-03-10,"Joseph Ruben",,
107,tt0104231,2017-11-04,2017-11-04,,"Far and Away","Far and Away",https://www.imdb.com/title/tt0104231/,Movie,6.6,140,1992,"Adventure, Drama, Romance, Western",73512,1992-05-22,"Ron Howard",,
108,tt0096969,2017-11-04,2017-11-04,,"Born on the Fourth of July","Born on the Fourth of July",https://www.imdb.com/title/tt0096969/,Movie,7.2,145,1989,"Biography, Drama, War",126314,1990-01-05,"Oliver Stone",,
109,tt1895315,2017-11-05,2017-11-05,,"Brimstone","Brimstone",https://www.imdb.com/title/tt1895315/,Movie,7.0,148,2016,"Drama, Thriller, Western",49988,2017-01-12,"Martin Koolhoven",,
110,tt5362988,2017-11-05,2017-11-05,,"Wind River","Wind River",https://www.imdb.com/title/tt5362988/,Movie,7.7,107,2017,"Crime, Drama, Mystery, Thriller, Western",321179,2017-08-18,"Taylor Sheridan",,
111,tt4072326,2017-11-06,2017-11-06,,"Ali and Nino","Ali and Nino",https://www.imdb.com/title/tt4072326/,Movie,6.8,100,2016,"Drama, Romance, War",11741,2016-10-06,"Asif Kapadia",,
112,tt0918927,2017-11-06,2017-11-06,,"Doubt","Doubt",https://www.imdb.com/title/tt0918927/,Movie,7.5,104,2008,"Drama, Mystery",148833,2008-12-25,"John Patrick Shanley",,
113,tt0472062,2017-11-06,2017-11-06,,"Charlie Wilson's War","Charlie Wilson's War",https://www.imdb.com/title/tt0472062/,Movie,7.0,102,2007,"Biography, Comedy, Drama, History",132774,2007-12-21,"Mike Nichols",,
114,tt0113117,2017-11-06,2017-11-06,,"French Kiss","French Kiss",https://www.imdb.com/title/tt0113117/,Movie,6.6,111,1995,"Comedy, Drama, Romance",57161,1995-05-05,"Lawrence Kasdan",,
115,tt3501590,2017-11-06,2017-11-06,,"Ithaca","Ithaca",https://www.imdb.com/title/tt3501590/,Movie,5.5,96,2015,"Drama, War",3447,2016-09-09,"Meg Ryan",,
116,tt0473705,2017-11-08,2017-11-08,,"State of Play","State of Play",https://www.imdb.com/title/tt0473705/,Movie,7.1,127,2009,"Crime, Drama, Mystery, Thriller",167603,2009-04-17,"Kevin Macdonald",,
117,tt0228750,2017-11-08,2017-11-08,,"Proof of Life","Proof of Life",https://www.imdb.com/title/tt0228750/,Movie,6.3,135,2000,"Action, Drama, Thriller",61342,2000-12-08,"Taylor Hackford",,
118,tt1057500,2017-11-08,2017-11-08,,"Invictus","Invictus",https://www.imdb.com/title/tt1057500/,Movie,7.3,134,2009,"Biography, Drama, History, Sport",175727,2009-12-11,"Clint Eastwood",,
119,tt0371257,2017-11-09,2017-11-09,,"Stay","Stay",https://www.imdb.com/title/tt0371257/,Movie,6.7,99,2005,"Drama, Mystery, Thriller",95622,2005-10-21,"Marc Forster",,
120,tt1891845,2017-11-11,2017-11-11,,"The Day of the Crows","Le jour des corneilles",https://www.imdb.com/title/tt1891845/,Movie,7.2,96,2012,"Animation, Drama, Fantasy",1450,2014-08-01,"Jean-Christophe Dessaint",,
121,tt0368794,2017-11-12,2017-11-12,,"I'm Not There","I'm Not There",https://www.imdb.com/title/tt0368794/,Movie,6.8,135,2007,"Biography, Drama, Music",63813,2007-12-07,"Todd Haynes",,
122,tt3076658,2017-11-12,2017-11-12,,"Creed","Creed",https://www.imdb.com/title/tt3076658/,Movie,7.6,133,2015,"Action, Drama, Sport",340664,2015-11-25,"Ryan Coogler",,
123,tt2084970,2017-11-12,2017-11-12,,"The Imitation Game","The Imitation Game",https://www.imdb.com/title/tt2084970/,Movie,8.0,114,2014,"Biography, Drama, Thriller, War",886425,2014-12-25,"Morten Tyldum",,
124,tt0346156,2017-11-12,2017-11-12,,"Sky Captain and the World of Tomorrow","Sky Captain and the World of Tomorrow",https://www.imdb.com/title/tt0346156/,Movie,6.1,106,2004,"Action, Adventure, Mystery, Sci-Fi, Thriller",90770,2004-09-17,"Kerry Conran",,
125,tt0401792,2017-11-12,2017-11-12,,"Sin City","Sin City",https://www.imdb.com/title/tt0401792/,Movie,8.0,124,2005,"Crime, Thriller",824595,2005-04-01,"Frank Miller, Robert Rodriguez",,
126,tt0250371,2017-11-12,2017-11-12,,"The Other Side of Heaven","The Other Side of Heaven",https://www.imdb.com/title/tt0250371/,Movie,6.3,113,2001,"Adventure, Biography, Drama",5181,2002-04-12,"Mitch Davis",,
127,tt0477916,2017-11-12,2017-11-12,,"Viva Cuba","Viva Cuba",https://www.imdb.com/title/tt0477916/,Movie,6.9,92,2005,"Comedy, Drama, Family",1130,2005-02,"Juan Carlos Cremata Malberti, Iraida Malberti Cabrera",,
128,tt1606180,2017-11-12,2017-11-12,,"That's What I Am","That's What I Am",https://www.imdb.com/title/tt1606180/,Movie,7.0,101,2011,"Comedy, Drama, Romance",11336,2011-04-29,"Michael Pavone",,
129,tt0423977,2017-11-12,2017-11-12,,"Charlie Bartlett","Charlie Bartlett",https://www.imdb.com/title/tt0423977/,Movie,6.9,97,2007,"Comedy, Drama, Romance",68508,2008-02-22,"Jon Poll",,
130,tt0815244,2017-11-12,2017-11-12,,"Sydney White","Sydney White",https://www.imdb.com/title/tt0815244/,Movie,6.2,108,2007,"Comedy, Drama, Romance",55291,2007-09-21,"Joe Nussbaum",,
131,tt0079477,2017-11-12,2017-11-12,,"A Little Romance","A Little Romance",https://www.imdb.com/title/tt0079477/,Movie,7.4,110,1979,"Adventure, Comedy, Drama, Romance",7235,1979-04-27,"George Roy Hill",,
132,tt0975684,2017-11-12,2017-11-12,,"Kisses","Kisses",https://www.imdb.com/title/tt0975684/,Movie,7.2,72,2008,"Drama",2082,2008-11-21,"Lance Daly",,
133,tt0119506,2017-11-12,2017-11-12,,"Lawn Dogs","Lawn Dogs",https://www.imdb.com/title/tt0119506/,Movie,7.4,101,1997,"Drama",9375,1998-05-15,"John Duigan",,
134,tt0128445,2017-11-12,2017-11-12,,"Rushmore","Rushmore",https://www.imdb.com/title/tt0128445/,Movie,7.6,93,1998,"Comedy, Drama, Romance",209907,1999-02-19,"Wes Anderson",,
135,tt0354899,2017-11-12,2017-11-12,,"The Science of Sleep","La science des rêves",https://www.imdb.com/title/tt0354899/,Movie,7.2,105,2006,"Comedy, Drama, Fantasy, Romance",72444,2006-09-29,"Michel Gondry",,
136,tt0853153,2017-11-13,2017-11-13,,"Stuart: A Life Backwards","Stuart: A Life Backwards",https://www.imdb.com/title/tt0853153/,TV Movie,7.6,92,2007,"Drama",16716,2007-09-23,"David Attwood",,
137,tt1600196,2017-11-13,2017-11-13,,"The Drop","The Drop",https://www.imdb.com/title/tt1600196/,Movie,7.0,106,2014,"Crime, Drama, Mystery, Thriller",171739,2014-09-12,"Michaël R. Roskam",,
138,tt0358273,2017-11-13,2017-11-13,,"Walk the Line","Walk the Line",https://www.imdb.com/title/tt0358273/,Movie,7.8,136,2005,"Biography, Drama, Music, Romance",282901,2005-11-18,"James Mangold",,
139,tt0126886,2017-11-13,2017-11-13,,"Election","Election",https://www.imdb.com/title/tt0126886/,Movie,7.2,103,1999,"Comedy, Romance",112372,1999-05-07,"Alexander Payne",,
140,tt0402348,2017-11-14,2017-11-14,,"Love's Enduring Promise","Love's Enduring Promise",https://www.imdb.com/title/tt0402348/,TV Movie,7.0,120,2004,"Drama, Family, Western",3950,2004-11-20,"Michael Landon Jr.",,
141,tt4163596,2017-11-14,2017-11-14,,"Bodhon","Bodhon",https://www.imdb.com/title/tt4163596/,Movie,7.7,120,2015,"Drama",40,2015-01-31,"Ayananshu Banerjee",,
142,tt0110099,2017-11-20,2017-11-20,,"I.Q.","I.Q.",https://www.imdb.com/title/tt0110099/,Movie,6.2,100,1994,"Comedy, Romance",27985,1994-12-25,"Fred Schepisi",,
143,tt0116683,2017-11-22,2017-11-22,,"James and the Giant Peach","James and the Giant Peach",https://www.imdb.com/title/tt0116683/,Movie,6.7,79,1996,"Animation, Adventure, Family, Fantasy, Musical",79462,1996-04-12,"Henry Selick",,
144,tt0443680,2017-11-22,2017-11-22,,"The Assassination of Jesse James by the Coward Robert Ford","The Assassination of Jesse James by the Coward Robert Ford",https://www.imdb.com/title/tt0443680/,Movie,7.5,160,2007,"Biography, Crime, Drama, History, Western",206639,2007-10-19,"Andrew Dominik",,
145,tt1839494,2017-11-25,2017-11-25,,"Children Who Chase Lost Voices","Hoshi o ou kodomo",https://www.imdb.com/title/tt1839494/,Movie,7.1,116,2011,"Animation, Adventure, Drama, Family, Fantasy",18808,2025-09-01,"Makoto Shinkai",,
146,tt0097937,2017-11-25,2017-11-25,,"My Left Foot","My Left Foot: The Story of Christy Brown",https://www.imdb.com/title/tt0097937/,Movie,7.8,103,1989,"Biography, Drama",86099,1990-03-30,"Jim Sheridan",,
147,tt0107207,2017-11-25,2017-11-25,,"In the Name of the Father","In the Name of the Father",https://www.imdb.com/title/tt0107207/,Movie,8.1,133,1993,"Biography, Crime, Drama",205042,1994-02-25,"Jim Sheridan",,
148,tt0096332,2017-11-25,2017-11-25,,"The Unbearable Lightness of Being","The Unbearable Lightness of Being",https://www.imdb.com/title/tt0096332/,Movie,7.2,171,1988,"Drama, Romance",41102,1988-02-05,"Philip Kaufman",,
149,tt0104691,2017-11-25,2017-11-25,,"The Last of the Mohicans","The Last of the Mohicans",https://www.imdb.com/title/tt0104691/,Movie,7.6,112,1992,"Action, Adventure, Drama, Romance, War",210159,1992-09-25,"Michael Mann",,
150,tt0357110,2017-11-25,2017-11-25,,"The Ballad of Jack and Rose","The Ballad of Jack and Rose",https://www.imdb.com/title/tt0357110/,Movie,6.5,112,2005,"Drama",12766,2005-04-08,"Rebecca Miller",,
151,tt0091578,2017-11-25,2017-11-25,,"My Beautiful Laundrette","My Beautiful Laundrette",https://www.imdb.com/title/tt0091578/,Movie,6.8,97,1985,"Comedy, Drama, Romance",18965,1986-04-04,"Stephen Frears",,
152,tt3895152,2017-11-26,2017-11-26,,"Vikramadithyan","Vikramadithyan",https://www.imdb.com/title/tt3895152/,Movie,7.1,143,2014,"Drama",4356,2014-07-25,"Lal Jose",,
153,tt0344510,2017-11-27,2017-11-27,,"A Very Long Engagement","Un long dimanche de fiançailles",https://www.imdb.com/title/tt0344510/,Movie,7.6,133,2004,"Drama, Mystery, Romance, War",78328,2005-01-14,"Jean-Pierre Jeunet",,
154,tt0108071,2017-11-28,2017-11-28,,"The Secret Garden","The Secret Garden",https://www.imdb.com/title/tt0108071/,Movie,7.3,101,1993,"Drama, Family, Fantasy",47876,1993-08-13,"Agnieszka Holland",,
155,tt3397884,2017-11-29,2017-11-29,,"Sicario","Sicario",https://www.imdb.com/title/tt3397884/,Movie,7.7,121,2015,"Action, Crime, Drama, Mystery, Thriller",551380,2015-10-02,"Denis Villeneuve",,
156,tt1675192,2017-12-04,2017-12-04,,"Take Shelter","Take Shelter",https://www.imdb.com/title/tt1675192/,Movie,7.3,120,2011,"Drama, Thriller",117772,2011-11-10,"Jeff Nichols",,
157,tt2891174,2017-12-04,2017-12-04,,"99 Homes","99 Homes",https://www.imdb.com/title/tt2891174/,Movie,7.1,112,2014,"Crime, Drama",42102,2015-10-09,"Ramin Bahrani",,
158,tt0443706,2017-12-04,2017-12-04,,"Zodiac","Zodiac",https://www.imdb.com/title/tt0443706/,Movie,7.7,157,2007,"Crime, Drama, Mystery, Thriller",692191,2007-03-02,"David Fincher",,
159,tt1315981,2017-12-04,2017-12-04,,"A Single Man","A Single Man",https://www.imdb.com/title/tt1315981/,Movie,7.5,99,2009,"Drama, Romance, Thriller",122808,2010-02-05,"Tom Ford",,
160,tt2204080,2017-12-05,2017-12-05,,"Wildlike","Wildlike",https://www.imdb.com/title/tt2204080/,Movie,6.6,104,2014,"Adventure, Drama, Thriller",5848,2015-09-25,"Frank Hall Green",,
161,tt0119738,2017-12-05,2017-12-05,,"My Best Friend's Wedding","My Best Friend's Wedding",https://www.imdb.com/title/tt0119738/,Movie,6.4,105,1997,"Comedy, Drama, Romance",168999,1997-06-20,"P.J. Hogan",,
162,tt0122541,2017-12-05,2017-12-05,,"An Ideal Husband","An Ideal Husband",https://www.imdb.com/title/tt0122541/,Movie,6.8,97,1999,"Comedy, Romance",17836,1999-06-30,"Oliver Parker",,
163,tt0365737,2017-12-05,2017-12-05,,"Syriana","Syriana",https://www.imdb.com/title/tt0365737/,Movie,6.8,128,2005,"Drama, Thriller",139305,2005-12-09,"Stephen Gaghan",,
164,tt1547035,2017-12-06,2017-12-06,,"When Love Is Not Enough: The Lois Wilson Story","When Love Is Not Enough: The Lois Wilson Story",https://www.imdb.com/title/tt1547035/,TV Movie,6.6,92,2010,"Biography, Drama",1430,2010-04-25,"John Kent Harrison",,
165,tt0118760,2017-12-06,2017-12-06,,"The Boxer","The Boxer",https://www.imdb.com/title/tt0118760/,Movie,7.0,113,1997,"Drama, Romance, Sport",23995,1998-01-09,"Jim Sheridan",,
166,tt1091722,2017-12-07,2017-12-07,,"Adventureland","Adventureland",https://www.imdb.com/title/tt1091722/,Movie,6.8,107,2009,"Comedy, Drama, Romance",175526,2009-04-03,"Greg Mottola",,
167,tt0283111,2017-12-07,2017-12-07,,"Van Wilder","National Lampoon's Van Wilder",https://www.imdb.com/title/tt0283111/,Movie,6.4,92,2002,"Comedy, Romance",121598,2002-04-05,"Walt Becker",,
168,tt2349144,2017-12-07,2017-12-07,,"Mississippi Grind","Mississippi Grind",https://www.imdb.com/title/tt2349144/,Movie,6.4,108,2015,"Comedy, Drama",28560,2015-08-13,"Anna Boden, Ryan Fleck",,
169,tt0437405,2017-12-07,2017-12-07,,"Paper Man","Paper Man",https://www.imdb.com/title/tt0437405/,Movie,6.5,110,2009,"Comedy, Drama",21243,2011-06-18,"Kieran Mulroney, Michele Mulroney",,
170,tt0961108,2017-12-07,2017-12-07,,"Fireflies in the Garden","Fireflies in the Garden",https://www.imdb.com/title/tt0961108/,Movie,6.4,99,2008,"Drama",14249,2008-07-17,"Dennis Lee",,
171,tt0098724,2017-12-14,2017-12-14,,"Sex, Lies, and Videotape","Sex, Lies, and Videotape",https://www.imdb.com/title/tt0098724/,Movie,7.2,100,1989,"Drama",65375,1989-09-22,"Steven Soderbergh",,
172,tt0162346,2017-12-14,2017-12-14,,"Ghost World","Ghost World",https://www.imdb.com/title/tt0162346/,Movie,7.3,111,2001,"Comedy, Drama",131973,2001-09-21,"Terry Zwigoff",,
173,tt0245574,2017-12-14,2017-12-14,,"Y tu mamá también","Y tu mamá también",https://www.imdb.com/title/tt0245574/,Movie,7.7,106,2001,"Drama",143276,2001-06-08,"Alfonso Cuarón",,
174,tt1083452,2017-12-14,2017-12-14,,"Eddie the Eagle","Eddie the Eagle",https://www.imdb.com/title/tt1083452/,Movie,7.3,106,2015,"Adventure, Biography, Comedy, Drama, History, Sport",108722,2016-02-26,"Dexter Fletcher",,
175,tt0842926,2017-12-14,2017-12-14,,"The Kids Are All Right","The Kids Are All Right",https://www.imdb.com/title/tt0842926/,Movie,7.0,106,2010,"Comedy, Drama, Romance",137984,2010-07-30,"Lisa Cholodenko",,
176,tt0172348,2017-12-14,2017-12-14,,"Introducing Dorothy Dandridge","Introducing Dorothy Dandridge",https://www.imdb.com/title/tt0172348/,TV Movie,7.0,120,1999,"Biography, Drama, Music, Romance",4189,1999-08-21,"Martha Coolidge",,
177,tt3532216,2017-12-14,2017-12-14,,"American Made","American Made",https://www.imdb.com/title/tt3532216/,Movie,7.2,115,2017,"Action, Comedy, Crime, Drama, Thriller",237345,2017-09-29,"Doug Liman",,
178,tt0304415,2017-12-14,2017-12-14,,"Mona Lisa Smile","Mona Lisa Smile",https://www.imdb.com/title/tt0304415/,Movie,6.6,117,2003,"Drama",100781,2003-12-19,"Mike Newell",,
179,tt0107211,2017-12-14,2017-12-14,,"Indecent Proposal","Indecent Proposal",https://www.imdb.com/title/tt0107211/,Movie,6.1,117,1993,"Drama, Romance",88352,1993-04-07,"Adrian Lyne",,
180,tt0116607,2017-12-14,2017-12-14,,"If These Walls Could Talk","If These Walls Could Talk",https://www.imdb.com/title/tt0116607/,TV Movie,7.0,97,1996,"Drama, Thriller",5687,1996-10-13,"Cher, Nancy Savoca",,
181,tt1615147,2017-12-14,2017-12-14,,"Margin Call","Margin Call",https://www.imdb.com/title/tt1615147/,Movie,7.1,107,2011,"Drama, Thriller",165371,2011-09-29,"J.C. Chandor",,
182,tt0361127,2017-12-14,2017-12-14,,"The Woodsman","The Woodsman",https://www.imdb.com/title/tt0361127/,Movie,7.1,87,2004,"Drama",37130,2005-01-28,"Nicole Kassell",,
183,tt1512888,2017-12-14,2017-12-14,,"Ayirathil Oruvan","Aayirathil Oruvan",https://www.imdb.com/title/tt1512888/,Movie,8.1,183,2010,"Action, Adventure, Musical",8684,2010-01-14,"K. Selvaraghavan",,
184,tt1020072,2017-12-14,2017-12-14,,"Selma","Selma",https://www.imdb.com/title/tt1020072/,Movie,7.5,128,2014,"Biography, Drama, History",99795,2015-01-09,"Ava DuVernay",,
185,tt0407936,2017-12-14,2017-12-14,,"Lackawanna Blues","Lackawanna Blues",https://www.imdb.com/title/tt0407936/,TV Movie,7.8,95,2005,"Drama, Music",2710,2005-02-12,"George C. Wolfe",,
186,tt1232830,2017-12-14,2017-12-14,,"Cole","Cole",https://www.imdb.com/title/tt1232830/,Movie,6.7,95,2009,"Drama, Romance",357,2010-06-17,"Carl Bessai",,
187,tt1800372,2017-12-14,2017-12-14,,"Cool Kids Don't Cry","Achtste-groepers huilen niet",https://www.imdb.com/title/tt1800372/,Movie,7.4,96,2012,"Drama, Family, Sport",4584,2012-02-15,"Dennis Bots",,
188,tt1313092,2017-12-14,2017-12-14,,"Animal Kingdom","Animal Kingdom",https://www.imdb.com/title/tt1313092/,Movie,7.2,113,2010,"Crime, Drama, Thriller",63933,2010-06-03,"David Michôd",,
189,tt0203119,2017-12-14,2017-12-14,,"Sexy Beast","Sexy Beast",https://www.imdb.com/title/tt0203119/,Movie,7.3,89,2000,"Crime, Drama, Thriller",77164,2001-07-13,"Jonathan Glazer",,
190,tt5439796,2017-12-14,2017-12-14,,"Logan Lucky","Logan Lucky",https://www.imdb.com/title/tt5439796/,Movie,7.0,118,2017,"Action, Comedy, Crime, Drama",178698,2017-08-18,"Steven Soderbergh",,
191,tt1193138,2017-12-15,2017-12-15,,"Up in the Air","Up in the Air",https://www.imdb.com/title/tt1193138/,Movie,7.4,109,2009,"Comedy, Drama, Romance",363126,2009-12-23,"Jason Reitman",,
192,tt0172396,2017-12-15,2017-12-15,,"The End of the Affair","The End of the Affair",https://www.imdb.com/title/tt0172396/,Movie,7.0,102,1999,"Drama, Mystery, Romance",25776,2000-01-21,"Neil Jordan",,
193,tt1848902,2017-12-15,2017-12-15,,"Game Change","Game Change",https://www.imdb.com/title/tt1848902/,TV Movie,7.4,118,2012,"Biography, Drama, History",24400,2012-03-10,"Jay Roach",,
194,tt1658801,2017-12-15,2017-12-15,,"Freeheld","Freeheld",https://www.imdb.com/title/tt1658801/,Movie,6.6,103,2015,"Biography, Drama, Romance",13849,2016-02-19,"Peter Sollett",,
195,tt0424136,2017-12-15,2017-12-15,,"Hard Candy","Hard Candy",https://www.imdb.com/title/tt0424136/,Movie,7.0,104,2005,"Drama, Thriller",175338,2006-04-28,"David Slade",,
196,tt0212985,2017-12-15,2017-12-15,,"Hannibal","Hannibal",https://www.imdb.com/title/tt0212985/,Movie,6.8,131,2001,"Crime, Drama, Thriller",317251,2001-02-09,"Ridley Scott",,
197,tt0297884,2017-12-15,2017-12-15,,"Far from Heaven","Far from Heaven",https://www.imdb.com/title/tt0297884/,Movie,7.3,107,2002,"Drama, Romance",52014,2003-01-10,"Todd Haynes",,
198,tt0308055,2017-12-15,2017-12-15,,"Bobby","Bobby",https://www.imdb.com/title/tt0308055/,Movie,6.9,117,2006,"Biography, Drama, History",44075,2006-11-23,"Emilio Estevez",,
199,tt0119256,2017-12-15,2017-12-15,,"Hard Eight","Sydney",https://www.imdb.com/title/tt0119256/,Movie,7.1,101,1996,"Crime, Drama",60637,1997-02-28,"Paul Thomas Anderson",,
200,tt0208178,2017-12-15,2017-12-15,,"Moonlight Whispers","Gekkô no sasayaki",https://www.imdb.com/title/tt0208178/,Movie,6.9,100,1999,"Drama, Romance",1122,2000-12-23,"Akihiko Shiota",,
201,tt0065233,2017-12-15,2017-12-15,,"Go, Go Second Time Virgin","Yuke yuke nidome no shojo",https://www.imdb.com/title/tt0065233/,Movie,7.1,65,1969,"Drama, Horror",2894,1969,"Kōji Wakamatsu",,
202,tt1440292,2017-12-15,2017-12-15,,"Submarine","Submarine",https://www.imdb.com/title/tt1440292/,Movie,7.3,97,2010,"Comedy, Drama, Romance",101829,2011-03-18,"Richard Ayoade",,
203,tt2305051,2017-12-15,2017-12-15,,"Wild","Wild",https://www.imdb.com/title/tt2305051/,Movie,7.1,115,2014,"Adventure, Biography, Drama",147611,2014-12-19,"Jean-Marc Vallée",,
204,tt1242460,2017-12-16,2017-12-16,,"We Need to Talk About Kevin","We Need to Talk About Kevin",https://www.imdb.com/title/tt1242460/,Movie,7.4,112,2011,"Drama, Mystery, Thriller",183926,2011-10-21,"Lynne Ramsay",,
205,tt0376136,2017-12-16,2017-12-16,,"The Rum Diary","The Rum Diary",https://www.imdb.com/title/tt0376136/,Movie,6.1,119,2011,"Comedy, Drama, Romance",110565,2011-10-28,"Bruce Robinson",,
206,tt1308729,2017-12-16,2017-12-16,,"Bullet to the Head","Bullet to the Head",https://www.imdb.com/title/tt1308729/,Movie,5.7,92,2012,"Action, Crime, Thriller",54706,2013-02-01,"Walter Hill",,
207,tt0146882,2017-12-16,2017-12-16,,"High Fidelity","High Fidelity",https://www.imdb.com/title/tt0146882/,Movie,7.4,113,2000,"Comedy, Drama, Music, Romance",201437,2000-03-31,"Stephen Frears",,
208,tt0120660,2017-12-16,2017-12-16,,"Enemy of the State","Enemy of the State",https://www.imdb.com/title/tt0120660/,Movie,7.3,132,1998,"Action, Thriller",277334,1998-11-20,"Tony Scott",,
209,tt3442006,2017-12-16,2017-12-16,,"Cake","Cake",https://www.imdb.com/title/tt3442006/,Movie,6.4,102,2014,"Drama",40424,2015-01-23,"Daniel Barnz",,
210,tt0279113,2017-12-16,2017-12-16,,"The Good Girl","The Good Girl",https://www.imdb.com/title/tt0279113/,Movie,6.4,93,2002,"Drama, Romance",50300,2002-08-30,"Miguel Arteta",,
211,tt1767372,2017-12-16,2017-12-16,,"She's Funny That Way","She's Funny That Way",https://www.imdb.com/title/tt1767372/,Movie,6.2,93,2014,"Comedy, Drama",31005,2015-08-21,"Peter Bogdanovich",,
212,tt0117628,2017-12-16,2017-12-16,,"She's the One","She's the One",https://www.imdb.com/title/tt0117628/,Movie,6.0,96,1996,"Comedy, Drama, Romance",20279,1996-08-23,"Edward Burns",,
213,tt0389557,2017-12-17,2017-12-17,,"Black Book","Zwartboek",https://www.imdb.com/title/tt0389557/,Movie,7.7,145,2006,"Drama, Thriller, War",84496,2007-05-18,"Paul Verhoeven",,
214,tt1797469,2017-12-18,2017-12-18,,"Page Eight","Page Eight",https://www.imdb.com/title/tt1797469/,TV Movie,6.8,99,2011,"Drama, Mystery, Thriller",22770,2011-11-06,"David Hare",,
215,tt0487907,2017-12-18,2017-12-18,,"Gideon's Daughter","Gideon's Daughter",https://www.imdb.com/title/tt0487907/,TV Movie,6.9,105,2005,"Drama",2204,2006-03-23,"Stephen Poliakoff",,
216,tt1412386,2017-12-18,2017-12-18,,"The Best Exotic Marigold Hotel","The Best Exotic Marigold Hotel",https://www.imdb.com/title/tt1412386/,Movie,7.2,124,2011,"Comedy, Drama, Romance",104578,2012-05-25,"John Madden",,
217,tt0387131,2017-12-18,2017-12-18,,"The Constant Gardener","The Constant Gardener",https://www.imdb.com/title/tt0387131/,Movie,7.3,129,2005,"Drama, Mystery, Romance, Thriller",156765,2005-08-31,"Fernando Meirelles",,
218,tt1661275,2017-12-18,2017-12-18,,"Their Finest","Their Finest",https://www.imdb.com/title/tt1661275/,Movie,6.8,117,2016,"Comedy, Drama, Romance, War",22449,2017-04-07,"Lone Scherfig",,
219,tt0423510,2017-12-18,2017-12-18,,"Warm Springs","Warm Springs",https://www.imdb.com/title/tt0423510/,TV Movie,7.4,121,2005,"Biography, Drama",3587,2005-04-30,"Joseph Sargent",,
220,tt0465538,2017-12-18,2017-12-18,,"Michael Clayton","Michael Clayton",https://www.imdb.com/title/tt0465538/,Movie,7.2,119,2007,"Crime, Drama, Mystery, Thriller",185420,2007-10-12,"Tony Gilroy",,
221,tt0109045,2017-12-18,2017-12-18,,"The Adventures of Priscilla, Queen of the Desert","The Adventures of Priscilla, Queen of the Desert",https://www.imdb.com/title/tt0109045/,Movie,7.5,104,1994,"Comedy, Music",62676,1994-08-10,"Stephan Elliott",,
222,tt1047011,2017-12-18,2017-12-18,,"Unfinished Song","Song for Marion",https://www.imdb.com/title/tt1047011/,Movie,6.9,90,2012,"Comedy, Drama, Music, Romance",8261,2013-02-22,"Paul Andrew Williams",,
223,tt0810819,2017-12-20,2017-12-20,,"The Danish Girl","The Danish Girl",https://www.imdb.com/title/tt0810819/,Movie,7.1,119,2015,"Biography, Drama",207627,2016-01-22,"Tom Hooper",,
224,tt1619029,2017-12-20,2017-12-20,,"Jackie","Jackie",https://www.imdb.com/title/tt1619029/,Movie,6.6,100,2016,"Biography, Drama",87601,2016-12-02,"Pablo Larraín",,
225,tt0790712,2017-12-21,2017-12-21,,"The Messenger","The Messenger",https://www.imdb.com/title/tt0790712/,Movie,7.1,113,2009,"Drama, Romance, War",38858,2009-12-04,"Oren Moverman",,
226,tt0288439,2017-12-21,2017-12-21,,"Bang Bang You're Dead","Bang Bang You're Dead",https://www.imdb.com/title/tt0288439/,Movie,7.7,93,2002,"Crime, Drama, Thriller",13503,2002-06-07,"Guy Ferland",,
227,tt2713180,2017-12-21,2017-12-21,,"Fury","Fury",https://www.imdb.com/title/tt2713180/,Movie,7.6,134,2014,"Action, Drama, War",620139,2014-10-17,"David Ayer",,
228,tt3721936,2017-12-21,2017-12-21,,"American Honey","American Honey",https://www.imdb.com/title/tt3721936/,Movie,7.0,163,2016,"Adventure, Drama, Romance",50369,2016-10-14,"Andrea Arnold",,
229,tt0107943,2017-12-21,2017-12-21,,"The Remains of the Day","The Remains of the Day",https://www.imdb.com/title/tt0107943/,Movie,7.8,134,1993,"Drama, Romance",94386,1993-11-19,"James Ivory",,
230,tt0117887,2017-12-21,2017-12-21,,"That Thing You Do!","That Thing You Do!",https://www.imdb.com/title/tt0117887/,Movie,7.0,108,1996,"Comedy, Drama, Music",79263,1996-10-04,"Tom Hanks",,
231,tt0305206,2017-12-21,2017-12-21,,"American Splendor","American Splendor",https://www.imdb.com/title/tt0305206/,Movie,7.4,101,2003,"Biography, Comedy, Drama",55143,2003-09-12,"Shari Springer Berman, Robert Pulcini",,
232,tt0110598,2017-12-21,2017-12-21,,"Muriel's Wedding","Muriel's Wedding",https://www.imdb.com/title/tt0110598/,Movie,7.3,106,1994,"Comedy, Drama",46169,1995-03-31,"P.J. Hogan",,
233,tt3531824,2017-12-21,2017-12-21,,"Nerve","Nerve",https://www.imdb.com/title/tt3531824/,Movie,6.5,96,2016,"Adventure, Crime, Drama, Romance, Thriller",148938,2016-07-27,"Henry Joost, Ariel Schulman",,
234,tt4925292,2017-12-21,2017-12-21,,"Lady Bird","Lady Bird",https://www.imdb.com/title/tt4925292/,Movie,7.4,94,2017,"Comedy, Drama",369809,2017-12-01,"Greta Gerwig",,
235,tt0935075,2017-12-22,2017-12-22,,"Rabbit Hole","Rabbit Hole",https://www.imdb.com/title/tt0935075/,Movie,6.9,91,2010,"Drama",53064,2011-01-28,"John Cameron Mitchell",,
236,tt1033575,2017-12-22,2017-12-22,,"The Descendants","The Descendants",https://www.imdb.com/title/tt1033575/,Movie,7.3,115,2011,"Comedy, Drama",261058,2011-12-09,"Alexander Payne",,
237,tt2370248,2017-12-22,2017-12-22,,"Short Term 12","Short Term 12",https://www.imdb.com/title/tt2370248/,Movie,7.9,96,2013,"Drama",96238,2013-08-23,"Destin Daniel Cretton",,
238,tt2063781,2017-12-22,2017-12-22,,"Smashed","Smashed",https://www.imdb.com/title/tt2063781/,Movie,6.7,81,2012,"Drama",18597,2012-12-14,"James Ponsoldt",,
239,tt0106918,2017-12-23,2017-12-23,,"The Firm","The Firm",https://www.imdb.com/title/tt0106918/,Movie,6.9,154,1993,"Crime, Drama, Mystery, Thriller",164913,1993-06-30,"Sydney Pollack",,
240,tt0099762,2017-12-23,2017-12-23,,"Henry & June","Henry & June",https://www.imdb.com/title/tt0099762/,Movie,6.3,136,1990,"Biography, Drama",15062,1990-10-05,"Philip Kaufman",,
241,tt0082484,2017-12-23,2017-12-23,,"Quest for Fire","La guerre du feu",https://www.imdb.com/title/tt0082484/,Movie,7.3,100,1981,"Adventure, Drama",26814,1982-02-12,"Jean-Jacques Annaud",,
242,tt0109456,2017-12-23,2017-12-23,,"Color of Night","Color of Night",https://www.imdb.com/title/tt0109456/,Movie,5.2,121,1994,"Drama, Mystery, Romance, Thriller",27814,1994-08-19,"Richard Rush",,
243,tt0120102,2017-12-23,2017-12-23,,"Seven Years in Tibet","Seven Years in Tibet",https://www.imdb.com/title/tt0120102/,Movie,7.1,136,1997,"Adventure, Biography, Drama, History, War",170475,1997-10-10,"Jean-Jacques Annaud",,
244,tt0104237,2017-12-23,2017-12-23,,"Damage","Damage",https://www.imdb.com/title/tt0104237/,Movie,6.7,111,1992,"Drama, Romance",23015,1993-01-22,"Louis Malle",,
245,tt2192016,2017-12-26,2017-12-26,,"The Dark Horse","The Dark Horse",https://www.imdb.com/title/tt2192016/,Movie,7.4,124,2014,"Biography, Drama",6908,2014-11-20,"James Napier Robertson",,
246,tt0289043,2017-12-26,2017-12-26,,"28 Days Later","28 Days Later",https://www.imdb.com/title/tt0289043/,Movie,7.5,113,2002,"Drama, Horror, Sci-Fi, Thriller",557050,2003-06-27,"Danny Boyle",,
247,tt0411195,2017-12-26,2017-12-26,,"Breakfast on Pluto","Breakfast on Pluto",https://www.imdb.com/title/tt0411195/,Movie,7.2,128,2005,"Comedy, Drama",26806,2006-01-06,"Neil Jordan",,
248,tt0190332,2017-12-26,2017-12-26,,"Crouching Tiger, Hidden Dragon","Wo hu cang long",https://www.imdb.com/title/tt0190332/,Movie,7.8,120,2000,"Action, Adventure, Drama, Fantasy, Romance",297882,2001-01-12,"Ang Lee",,
249,tt0351817,2017-12-26,2017-12-26,,"The Twilight Samurai","Tasogare Seibei",https://www.imdb.com/title/tt0351817/,Movie,8.0,129,2002,"Drama, Romance",27332,2002-11-02,"Yōji Yamada",,
250,tt0314498,2017-12-26,2017-12-26,,"The Perfect Score","The Perfect Score",https://www.imdb.com/title/tt0314498/,Movie,5.7,93,2004,"Comedy, Crime, Drama",27490,2004-01-30,"Brian Robbins",,
251,tt0337921,2017-12-26,2017-12-26,,"Cellular","Cellular",https://www.imdb.com/title/tt0337921/,Movie,6.5,94,2004,"Action, Crime, Thriller",110221,2004-09-10,"David R. Ellis",,
252,tt0449061,2017-12-26,2017-12-26,,"London","London",https://www.imdb.com/title/tt0449061/,Movie,6.3,92,2005,"Drama, Romance",25920,2021-07-03,"Hunter Richards",,
253,tt0401420,2017-12-26,2017-12-26,,"Fierce People","Fierce People",https://www.imdb.com/title/tt0401420/,Movie,6.4,107,2005,"Drama, Thriller",7615,2007-11-30,"Griffin Dunne",,
254,tt0896031,2017-12-26,2017-12-26,,"The Loss of a Teardrop Diamond","The Loss of a Teardrop Diamond",https://www.imdb.com/title/tt0896031/,Movie,5.8,102,2008,"Drama, Romance",2948,2009-10-10,"Jodie Markell",,
255,tt0465580,2017-12-26,2017-12-26,,"Push","Push",https://www.imdb.com/title/tt0465580/,Movie,6.1,111,2009,"Action, Sci-Fi, Thriller",120248,2009-02-06,"Paul McGuigan",,
256,tt2101569,2017-12-27,2017-12-27,,"In Your Eyes","In Your Eyes",https://www.imdb.com/title/tt2101569/,Movie,6.9,106,2014,"Fantasy, Romance",33126,2014-04-20,"Brin Hill",,
257,tt3014866,2017-12-27,2017-12-27,,"Criminal","Criminal",https://www.imdb.com/title/tt3014866/,Movie,6.3,113,2016,"Action, Adventure, Sci-Fi, Thriller",75621,2016-04-15,"Ariel Vromen",,
258,tt2203939,2017-12-28,2017-12-28,,"The Other Woman","The Other Woman",https://www.imdb.com/title/tt2203939/,Movie,6.0,109,2014,"Comedy, Romance",162162,2014-04-25,"Nick Cassavetes",,
259,tt0104348,2017-12-28,2017-12-28,,"Glengarry Glen Ross","Glengarry Glen Ross",https://www.imdb.com/title/tt0104348/,Movie,7.6,100,1992,"Crime, Drama, Mystery",127514,1992-10-02,"James Foley",,
260,tt1872194,2017-12-28,2017-12-28,,"The Judge","The Judge",https://www.imdb.com/title/tt1872194/,Movie,7.4,141,2014,"Crime, Drama, Mystery, Thriller",222570,2014-10-10,"David Dobkin",,
261,tt0291350,2017-12-28,2017-12-28,,"Millennium Actress","Sennen joyû",https://www.imdb.com/title/tt0291350/,Movie,7.8,87,2001,"Animation, Drama, Fantasy, Romance",37725,2002-09-14,"Satoshi Kon",,
262,tt0851578,2017-12-28,2017-12-28,,"Paprika","Paprika",https://www.imdb.com/title/tt0851578/,Movie,7.7,90,2006,"Animation, Drama, Fantasy, Mystery, Sci-Fi, Thriller",116171,2007-06-22,"Satoshi Kon",,
263,tt4769824,2017-12-28,2017-12-28,,"In This Corner of the World","Kono sekai no katasumi ni",https://www.imdb.com/title/tt4769824/,Movie,7.8,129,2016,"Animation, Drama, History, War",14166,2016-11-12,"Sunao Katabuchi",,
264,tt0926762,2017-12-28,2017-12-28,,"Loft","Loft",https://www.imdb.com/title/tt0926762/,Movie,7.2,118,2008,"Crime, Drama, Mystery, Romance, Thriller",26205,2008-10-22,"Erik Van Looy",,
265,tt0372782,2017-12-28,2017-12-28,,"A Good Lawyer's Wife","Baramnan gajok",https://www.imdb.com/title/tt0372782/,Movie,6.0,104,2003,"Drama, Romance",2207,2003-08-15,"Im Sang-soo",,
266,tt0492533,2017-12-28,2017-12-28,,"Lover","Aein",https://www.imdb.com/title/tt0492533/,Movie,5.7,98,2005,"Drama, Romance",1245,2005-12-08,"Eun-tae Kim",,
267,tt0452623,2017-12-30,2017-12-30,,"Gone Baby Gone","Gone Baby Gone",https://www.imdb.com/title/tt0452623/,Movie,7.6,114,2007,"Crime, Drama, Mystery, Thriller",313918,2007-10-19,"Ben Affleck",,
268,tt0340377,2017-12-30,2017-12-30,,"The Station Agent","The Station Agent",https://www.imdb.com/title/tt0340377/,Movie,7.6,89,2003,"Comedy, Drama",82012,2003-12-05,"Tom McCarthy",,
269,tt0418689,2018-01-02,2018-01-02,,"Flags of Our Fathers","Flags of Our Fathers",https://www.imdb.com/title/tt0418689/,Movie,7.1,135,2006,"Action, Adventure, Drama, History, War",135268,2006-10-20,"Clint Eastwood",,
270,tt0070849,2018-01-03,2018-01-03,,"Last Tango in Paris","Ultimo tango a Parigi",https://www.imdb.com/title/tt0070849/,Movie,6.8,129,1972,"Drama, Romance",63302,1973-02-07,"Bernardo Bertolucci",,
271,tt0375912,2018-01-03,2018-01-03,,"Layer Cake","Layer Cake",https://www.imdb.com/title/tt0375912/,Movie,7.2,105,2004,"Crime, Drama, Thriller",209655,2005-06-03,"Matthew Vaughn",,
272,tt0326835,2018-01-03,2018-01-03,,"Dot the I","Dot the I",https://www.imdb.com/title/tt0326835/,Movie,6.7,92,2003,"Drama, Romance, Thriller",9216,2003-10-31,"Matthew Parkhill",,
273,tt2937898,2018-01-03,2018-01-03,,"A Most Violent Year","A Most Violent Year",https://www.imdb.com/title/tt2937898/,Movie,6.9,125,2014,"Crime, Drama, Thriller",82427,2015-01-30,"J.C. Chandor",,
274,tt1100089,2018-01-04,2018-01-04,,"Foxcatcher","Foxcatcher",https://www.imdb.com/title/tt1100089/,Movie,7.0,134,2014,"Biography, Drama, History, Sport",156052,2015-01-16,"Bennett Miller",,
275,tt0315733,2018-01-04,2018-01-04,,"21 Grams","21 Grams",https://www.imdb.com/title/tt0315733/,Movie,7.6,124,2003,"Crime, Drama, Thriller",253903,2004-01-16,"Alejandro G. Iñárritu",,
276,tt0074102,2018-01-04,2018-01-04,,"In the Realm of the Senses","Ai no korîda",https://www.imdb.com/title/tt0074102/,Movie,6.6,109,1976,"Drama, Romance",25603,1977-04-01,"Nagisa Ōshima",,
277,tt0120885,2018-01-05,2018-01-05,,"Wag the Dog","Wag the Dog",https://www.imdb.com/title/tt0120885/,Movie,7.1,97,1997,"Comedy, Drama",94307,1998-01-09,"Barry Levinson",,
278,tt0119229,2018-01-05,2018-01-05,,"Grosse Pointe Blank","Grosse Pointe Blank",https://www.imdb.com/title/tt0119229/,Movie,7.3,107,1997,"Action, Comedy, Crime, Romance, Thriller",106093,1997-04-11,"George Armitage",,
279,tt2582802,2018-01-05,2018-01-05,,"Whiplash","Whiplash",https://www.imdb.com/title/tt2582802/,Movie,8.5,106,2014,"Drama, Music",1184926,2014-10-15,"Damien Chazelle",,
280,tt0363163,2018-01-05,2018-01-05,,"Downfall","Der Untergang",https://www.imdb.com/title/tt0363163/,Movie,8.2,156,2004,"Biography, Drama, History, War",404475,2005-04-08,"Oliver Hirschbiegel",,
281,tt0112641,2018-01-05,2018-01-05,,"Casino","Casino",https://www.imdb.com/title/tt0112641/,Movie,8.2,178,1995,"Crime, Drama",629151,1995-11-22,"Martin Scorsese",,
282,tt0421239,2018-01-06,2018-01-06,,"Red Eye","Red Eye",https://www.imdb.com/title/tt0421239/,Movie,6.4,85,2005,"Thriller",167816,2005-08-19,"Wes Craven",,
283,tt1855199,2018-01-06,2018-01-06,,"End of Watch","End of Watch",https://www.imdb.com/title/tt1855199/,Movie,7.6,109,2012,"Action, Crime, Drama, Thriller",296829,2012-09-21,"David Ayer",,
284,tt3881784,2018-01-06,2018-01-06,,"Stronger","Stronger",https://www.imdb.com/title/tt3881784/,Movie,6.9,119,2017,"Biography, Drama",54835,2017-09-29,"David Gordon Green",,
285,tt1172049,2018-01-06,2018-01-06,,"Demolition","Demolition",https://www.imdb.com/title/tt1172049/,Movie,7.0,101,2015,"Comedy, Drama",140278,2016-04-08,"Jean-Marc Vallée",,
286,tt0111495,2018-01-07,2018-01-07,,"Three Colors: Red","Trois couleurs : Rouge",https://www.imdb.com/title/tt0111495/,Movie,8.0,99,1994,"Drama, Mystery, Romance",117091,1994-11-23,"Krzysztof Kieślowski",,
287,tt1355683,2018-01-07,2018-01-07,,"Black Mass","Black Mass",https://www.imdb.com/title/tt1355683/,Movie,6.8,123,2015,"Biography, Crime, Drama",204296,2015-09-18,"Scott Cooper",,
288,tt0183790,2018-01-07,2018-01-07,,"A Knight's Tale","A Knight's Tale",https://www.imdb.com/title/tt0183790/,Movie,7.0,132,2001,"Action, Adventure, Drama, Romance",223241,2001-05-11,"Brian Helgeland",,
289,tt0824758,2018-01-09,2018-01-09,,"The Last Station","The Last Station",https://www.imdb.com/title/tt0824758/,Movie,6.9,112,2009,"Biography, Drama, Romance",19906,2010-02-26,"Michael Hoffman",,
290,tt0280707,2018-01-09,2018-01-09,,"Gosford Park","Gosford Park",https://www.imdb.com/title/tt0280707/,Movie,7.2,137,2001,"Comedy, Drama, Mystery",103623,2002-01-18,"Robert Altman",,
291,tt0106519,2018-01-09,2018-01-09,,"Carlito's Way","Carlito's Way",https://www.imdb.com/title/tt0106519/,Movie,7.9,144,1993,"Crime, Drama, Thriller",251377,1993-11-12,"Brian De Palma",,
292,tt0113118,2018-01-10,2018-01-10,,"Friday","Friday",https://www.imdb.com/title/tt0113118/,Movie,7.2,91,1995,"Comedy, Drama",139191,1995-04-26,"F. Gary Gray",,
293,tt2531344,2018-01-10,2018-01-10,,"Blockers","Blockers",https://www.imdb.com/title/tt2531344/,Movie,6.2,102,2018,"Comedy, Drama",92912,2018-04-06,"Kay Cannon",,
294,tt1837709,2018-01-10,2018-01-10,,"Winter's Tale","Winter's Tale",https://www.imdb.com/title/tt1837709/,Movie,6.1,118,2014,"Drama, Fantasy, Mystery, Romance",59432,2014-02-14,"Akiva Goldsman",,
295,tt0974014,2018-01-10,2018-01-10,,"Creation","Creation",https://www.imdb.com/title/tt0974014/,Movie,6.6,108,2009,"Biography, Drama, Romance",15715,2009-09-25,"Jon Amiel",,
296,tt0831884,2018-01-10,2018-01-10,,"Reservation Road","Reservation Road",https://www.imdb.com/title/tt0831884/,Movie,6.6,102,2007,"Crime, Drama, Thriller",26153,2007-11-15,"Terry George",,
297,tt0110712,2018-01-10,2018-01-10,,"Of Love and Shadows","Of Love and Shadows",https://www.imdb.com/title/tt0110712/,Movie,4.9,103,1994,"Drama, Romance, Thriller, War",2671,1996-05-10,"Betty Kaplan",,
298,tt0138704,2018-01-10,2018-01-10,,"Pi","Pi",https://www.imdb.com/title/tt0138704/,Movie,7.3,84,1998,"Drama, Horror, Mystery, Sci-Fi, Thriller",193945,1998-07-10,"Darren Aronofsky",,
299,tt2786278,2018-01-11,2018-01-11,,"Amen","Amen",https://www.imdb.com/title/tt2786278/,Movie,7.9,165,2013,"Drama, Romance",3758,2013-03-22,"Lijo Jose Pellissery",,
300,tt0404390,2018-01-12,2018-01-12,,"Running Scared","Running Scared",https://www.imdb.com/title/tt0404390/,Movie,7.3,122,2006,"Action, Crime, Drama, Thriller",107470,2006-02-24,"Wayne Kramer",,
301,tt1172233,2018-01-12,2018-01-12,,"Whip It","Whip It",https://www.imdb.com/title/tt1172233/,Movie,6.9,111,2009,"Drama, Sport",72714,2009-10-02,"Drew Barrymore",,
302,tt0116242,2018-01-12,2018-01-12,,"Everyone Says I Love You","Everyone Says I Love You",https://www.imdb.com/title/tt0116242/,Movie,6.7,101,1996,"Comedy, Musical, Romance",41543,1997-01-17,"Woody Allen",,
303,tt0277941,2018-01-13,2018-01-13,,"Ned Kelly","Ned Kelly",https://www.imdb.com/title/tt0277941/,Movie,6.4,110,2003,"Action, Adventure, Biography, Crime, Drama, History, Romance, Western",29456,2004-03-26,"Gregor Jordan",,
304,tt0368709,2018-01-13,2018-01-13,,"Elizabethtown","Elizabethtown",https://www.imdb.com/title/tt0368709/,Movie,6.3,123,2005,"Comedy, Drama, Romance",75726,2005-10-14,"Cameron Crowe",,
305,tt0146984,2018-01-14,2018-01-14,,"The Legend of Bagger Vance","The Legend of Bagger Vance",https://www.imdb.com/title/tt0146984/,Movie,6.7,126,2000,"Drama, Sport",62874,2000-11-03,"Robert Redford",,
306,tt0230838,2018-01-14,2018-01-14,,"Sweet November","Sweet November",https://www.imdb.com/title/tt0230838/,Movie,6.7,119,2001,"Drama, Romance",99792,2001-02-16,"Pat O'Connor",,
307,tt0114906,2018-01-14,2018-01-14,,"Welcome to the Dollhouse","Welcome to the Dollhouse",https://www.imdb.com/title/tt0114906/,Movie,7.3,88,1995,"Comedy, Drama",41059,1996-05-24,"Todd Solondz",,
308,tt0111257,2018-01-14,2018-01-14,,"Speed","Speed",https://www.imdb.com/title/tt0111257/,Movie,7.3,116,1994,"Action, Adventure, Thriller",428488,1994-06-10,"Jan de Bont",,
309,tt0166924,2018-01-16,2018-01-16,,"Mulholland Drive","Mulholland Dr.",https://www.imdb.com/title/tt0166924/,Movie,7.9,147,2001,"Drama, Mystery, Thriller",435181,2001-10-19,"David Lynch",,
310,tt0181689,2018-01-16,2018-01-16,,"Minority Report","Minority Report",https://www.imdb.com/title/tt0181689/,Movie,7.6,145,2002,"Action, Crime, Mystery, Sci-Fi, Thriller",628062,2002-06-21,"Steven Spielberg",,
311,tt0379725,2018-01-16,2018-01-16,,"Capote","Capote",https://www.imdb.com/title/tt0379725/,Movie,7.3,114,2005,"Biography, Crime, Drama, History",150785,2006-02-03,"Bennett Miller",,
312,tt0090329,2018-01-22,2018-01-22,,"Witness","Witness",https://www.imdb.com/title/tt0090329/,Movie,7.3,112,1985,"Crime, Drama, Romance, Thriller",115680,1985-02-08,"Peter Weir",,
313,tt1661382,2018-01-24,2018-01-24,,"Grudge Match","Grudge Match",https://www.imdb.com/title/tt1661382/,Movie,6.4,113,2013,"Comedy, Drama, Sport",65554,2013-12-25,"Peter Segal",,
314,tt0445990,2018-01-24,2018-01-24,,"Invincible","Invincible",https://www.imdb.com/title/tt0445990/,Movie,7.0,105,2006,"Biography, Drama, Sport",80146,2006-08-25,"Ericson Core",,
315,tt1653665,2018-01-24,2018-01-24,,"Goodbye Christopher Robin","Goodbye Christopher Robin",https://www.imdb.com/title/tt1653665/,Movie,7.1,107,2017,"Biography, Drama, Family",32086,2017-09-29,"Simon Curtis",,
316,tt0309698,2018-01-25,2018-01-25,,"Identity","Identity",https://www.imdb.com/title/tt0309698/,Movie,7.3,90,2003,"Mystery, Thriller",298355,2003-04-25,"James Mangold",,
317,tt0756683,2018-01-25,2018-01-25,,"The Man from Earth","The Man from Earth",https://www.imdb.com/title/tt0756683/,Movie,7.8,87,2007,"Drama, Fantasy, Mystery, Sci-Fi",221547,2007-11-13,"Richard Schenkman",,
318,tt0109348,2018-01-27,2018-01-27,,"Bullets Over Broadway","Bullets Over Broadway",https://www.imdb.com/title/tt0109348/,Movie,7.4,98,1994,"Comedy, Crime",43569,1995-02-24,"Woody Allen",,
319,tt0332047,2018-01-27,2018-01-27,,"Fever Pitch","Fever Pitch",https://www.imdb.com/title/tt0332047/,Movie,6.3,104,2005,"Comedy, Drama, Romance, Sport",50448,2005-04-08,"Bobby Farrelly, Peter Farrelly",,
320,tt0090103,2018-01-27,2018-01-27,,"The Sure Thing","The Sure Thing",https://www.imdb.com/title/tt0090103/,Movie,7.0,95,1985,"Comedy, Drama, Romance",24592,1985-03-01,"Rob Reiner",,
321,tt0220507,2018-01-28,2018-01-28,,"Happy End","Haepi-endeu",https://www.imdb.com/title/tt0220507/,Movie,6.6,100,1999,"Crime, Drama, Romance",2582,1999-12-11,"Jung Ji-woo",,
322,tt0310775,2018-01-28,2018-01-28,,"Sympathy for Mr. Vengeance","Boksuneun naui geot",https://www.imdb.com/title/tt0310775/,Movie,7.5,129,2002,"Crime, Drama, Thriller",82958,2002-03-29,"Park Chan-wook",,
323,tt1197624,2018-01-31,2018-01-31,,"Law Abiding Citizen","Law Abiding Citizen",https://www.imdb.com/title/tt1197624/,Movie,7.4,109,2009,"Action, Crime, Drama, Thriller",349986,2009-10-16,"F. Gary Gray",,
324,tt1365050,2018-01-31,2018-01-31,,"Beasts of No Nation","Beasts of No Nation",https://www.imdb.com/title/tt1365050/,Movie,7.7,137,2015,"Drama, War",92382,2015-10-16,"Cary Joji Fukunaga",,
325,tt2547584,2018-02-02,2018-02-02,,"The Light Between Oceans","The Light Between Oceans",https://www.imdb.com/title/tt2547584/,Movie,7.2,133,2016,"Drama, Romance",63659,2016-09-02,"Derek Cianfrance",,
326,tt1068646,2018-02-02,2018-02-02,,"The Class","Entre les murs",https://www.imdb.com/title/tt1068646/,Movie,7.5,128,2008,"Drama",37668,2009-03-13,"Laurent Cantet",,
327,tt0401383,2018-02-02,2018-02-02,,"The Diving Bell and the Butterfly","Le scaphandre et le papillon",https://www.imdb.com/title/tt0401383/,Movie,8.0,112,2007,"Biography, Drama",113317,2008-02-01,"Julian Schnabel",,
328,tt0125659,2018-02-02,2018-02-02,,"Open Your Eyes","Abre los ojos",https://www.imdb.com/title/tt0125659/,Movie,7.7,119,1997,"Drama, Mystery, Sci-Fi, Thriller",76583,1997-12-19,"Alejandro Amenábar",,
329,tt0113247,2018-02-02,2018-02-02,,"La haine","La haine",https://www.imdb.com/title/tt0113247/,Movie,8.1,98,1995,"Crime, Drama",232335,1996-02-23,"Mathieu Kassovitz",,
330,tt0109508,2018-02-02,2018-02-02,,"Crumb","Crumb",https://www.imdb.com/title/tt0109508/,Movie,8.0,119,1994,"Documentary, Biography, Comedy, Drama",23253,1995-04-28,"Terry Zwigoff",,
331,tt1602620,2018-02-02,2018-02-02,,"Amour","Amour",https://www.imdb.com/title/tt1602620/,Movie,7.9,127,2012,"Drama",111421,2012-09-20,"Michael Haneke",,
332,tt0110057,2018-02-02,2018-02-02,,"Hoop Dreams","Hoop Dreams",https://www.imdb.com/title/tt0110057/,Movie,8.3,170,1994,"Documentary, Drama, Sport",29852,1994-10-14,"Steve James",,
333,tt0425196,2018-02-02,2018-02-02,,"Murderous Intent","Like Minds",https://www.imdb.com/title/tt0425196/,Movie,6.3,110,2006,"Crime, Horror, Mystery, Thriller",6686,2006-11-09,"Gregory Read",,
334,tt0907657,2018-02-02,2018-02-02,,"Once","Once",https://www.imdb.com/title/tt0907657/,Movie,7.8,86,2006,"Drama, Music, Musical, Romance",126665,2007-06-15,"John Carney",,
335,tt0301199,2018-02-03,2018-02-03,,"Dirty Pretty Things","Dirty Pretty Things",https://www.imdb.com/title/tt0301199/,Movie,7.2,97,2002,"Crime, Drama, Thriller",45892,2003-09-05,"Stephen Frears",,
336,tt0765443,2018-02-03,2018-02-03,,"Eastern Promises","Eastern Promises",https://www.imdb.com/title/tt0765443/,Movie,7.6,100,2007,"Crime, Drama, Thriller",280391,2007-09-21,"David Cronenberg",,
337,tt6998518,2018-02-03,2018-02-03,,"Mandy","Mandy",https://www.imdb.com/title/tt6998518/,Movie,6.5,121,2018,"Action, Fantasy, Horror",99834,2018-09-14,"Panos Cosmatos",,
338,tt4178092,2018-02-05,2018-02-05,,"The Gift","The Gift",https://www.imdb.com/title/tt4178092/,Movie,7.0,108,2015,"Drama, Mystery, Thriller",188099,2015-08-07,"Joel Edgerton",,
339,tt0482572,2018-02-05,2018-02-05,,"Pride and Glory","Pride and Glory",https://www.imdb.com/title/tt0482572/,Movie,6.6,130,2008,"Crime, Drama, Thriller",65936,2008-10-24,"Gavin O'Connor",,
340,tt1259528,2018-02-05,2018-02-05,,"Den of Thieves","Den of Thieves",https://www.imdb.com/title/tt1259528/,Movie,7.0,140,2018,"Action, Crime, Drama, Thriller",156001,2018-01-19,"Christian Gudegast",,
341,tt0314412,2018-02-08,2018-02-08,,"My Life Without Me","My Life Without Me",https://www.imdb.com/title/tt0314412/,Movie,7.4,106,2003,"Drama, Romance",26768,2003-03-07,"Isabel Coixet",,
342,tt0120255,2018-02-08,2018-02-08,,"The Sweet Hereafter","The Sweet Hereafter",https://www.imdb.com/title/tt0120255/,Movie,7.4,112,1997,"Drama",37193,1997-11-21,"Atom Egoyan",,
343,tt1401152,2018-02-08,2018-02-08,,"Unknown","Unknown",https://www.imdb.com/title/tt1401152/,Movie,6.8,113,2011,"Action, Mystery, Thriller",277723,2011-02-18,"Jaume Collet-Serra",,
344,tt3430548,2018-02-08,2018-02-08,,"Away","Away",https://www.imdb.com/title/tt3430548/,Movie,6.4,105,2016,"Crime, Drama",2062,2017-05-12,"David Blair",,
345,tt1426329,2018-02-08,2018-02-08,,"Lovelace","Lovelace",https://www.imdb.com/title/tt1426329/,Movie,6.2,93,2013,"Biography, Drama",44969,2013-08-08,"Rob Epstein, Jeffrey Friedman",,
346,tt1623745,2018-02-08,2018-02-08,,"Little Birds","Little Birds",https://www.imdb.com/title/tt1623745/,Movie,6.1,94,2011,"Drama",5467,2016-01-09,"Elgin James",,
347,tt0107616,2018-02-10,2018-02-10,,"Much Ado About Nothing","Much Ado About Nothing",https://www.imdb.com/title/tt0107616/,Movie,7.3,111,1993,"Comedy, Drama, Romance",56334,1993-07-02,"Kenneth Branagh",,
348,tt3622592,2018-02-11,2018-02-11,,"Paper Towns","Paper Towns",https://www.imdb.com/title/tt3622592/,Movie,6.2,109,2015,"Adventure, Comedy, Drama, Mystery, Romance",112455,2015-07-24,"Jake Schreier",,
349,tt1817273,2018-02-11,2018-02-11,,"The Place Beyond the Pines","The Place Beyond the Pines",https://www.imdb.com/title/tt1817273/,Movie,7.3,140,2012,"Crime, Drama, Thriller",313388,2013-04-19,"Derek Cianfrance",,
350,tt0454848,2018-02-11,2018-02-11,,"Inside Man","Inside Man",https://www.imdb.com/title/tt0454848/,Movie,7.6,129,2006,"Crime, Drama, Mystery, Thriller",430091,2006-03-24,"Spike Lee",,
351,tt0100263,2018-02-11,2018-02-11,,"La Femme Nikita","Nikita",https://www.imdb.com/title/tt0100263/,Movie,7.2,117,1990,"Action, Crime, Drama, Thriller",82506,1991-04,"Luc Besson",,
352,tt1935179,2018-02-15,2018-02-15,,"Mud","Mud",https://www.imdb.com/title/tt1935179/,Movie,7.3,130,2012,"Adventure, Drama",201949,2013-05-10,"Jeff Nichols",,
353,tt1915581,2018-02-15,2018-02-15,,"Magic Mike","Magic Mike",https://www.imdb.com/title/tt1915581/,Movie,6.1,110,2012,"Comedy, Drama, Music",153628,2012-06-29,"Steven Soderbergh",,
354,tt0333766,2018-02-15,2018-02-15,,"Garden State","Garden State",https://www.imdb.com/title/tt0333766/,Movie,7.4,102,2004,"Comedy, Drama, Romance",228661,2004-08-20,"Zach Braff",,
355,tt0329575,2018-02-15,2018-02-15,,"Seabiscuit","Seabiscuit",https://www.imdb.com/title/tt0329575/,Movie,7.3,140,2003,"Drama, History, Sport",79546,2003-07-25,"Gary Ross",,
356,tt0290086,2018-02-15,2018-02-15,,"Temptation","Temptation",https://www.imdb.com/title/tt0290086/,Movie,6.6,86,2003,"Comedy, Thriller",127,2003-04-01,"Kim Caviness",,
357,tt5713426,2018-02-15,2018-02-15,,"Dolly Parton's Christmas of Many Colors: Circle of Love","Dolly Parton's Christmas of Many Colors: Circle of Love",https://www.imdb.com/title/tt5713426/,TV Movie,7.6,85,2016,"Biography, Drama, Family",1177,2016-11-30,"Stephen Herek",,
358,tt3170832,2018-02-17,2018-02-17,,"Room","Room",https://www.imdb.com/title/tt3170832/,Movie,8.1,118,2015,"Drama, Thriller",485483,2016-01-22,"Lenny Abrahamson",,
359,tt0115734,2018-02-17,2018-02-17,,"Bottle Rocket","Bottle Rocket",https://www.imdb.com/title/tt0115734/,Movie,6.9,91,1996,"Comedy, Crime, Drama",89176,1996-02-21,"Wes Anderson",,
360,tt0497986,2018-02-20,2018-02-20,,"Time","Shigan",https://www.imdb.com/title/tt0497986/,Movie,7.1,97,2006,"Drama, Mystery, Romance",13417,2006-08-10,"Kim Ki-duk",,
361,tt0374546,2018-02-20,2018-02-20,,"Spring, Summer, Fall, Winter... and Spring","Bom yeoreum gaeul gyeoul geurigo bom",https://www.imdb.com/title/tt0374546/,Movie,8.0,103,2003,"Drama, Romance",91636,2004-05-28,"Kim Ki-duk",,
362,tt0118980,2018-02-20,2018-02-20,,"Digging to China","Digging to China",https://www.imdb.com/title/tt0118980/,Movie,6.7,98,1997,"Drama",3287,1998-09-11,"Timothy Hutton",,
363,tt0332375,2018-02-20,2018-02-20,,"Saved!","Saved!",https://www.imdb.com/title/tt0332375/,Movie,6.7,92,2004,"Comedy, Drama",51621,2004-06-11,"Brian Dannelly",,
364,tt0099348,2018-02-20,2018-02-20,,"Dances with Wolves","Dances with Wolves",https://www.imdb.com/title/tt0099348/,Movie,8.0,181,1990,"Adventure, Drama, Western",313531,1990-11-21,"Kevin Costner",,
365,tt0098206,2018-02-20,2018-02-20,,"Road House","Road House",https://www.imdb.com/title/tt0098206/,Movie,6.7,114,1989,"Action, Thriller",114034,1989-05-19,"Rowdy Herrington",,
366,tt0209322,2018-02-20,2018-02-20,,"Skipped Parts","Skipped Parts",https://www.imdb.com/title/tt0209322/,Movie,6.2,100,2000,"Comedy, Drama, Romance",3941,2001-04-21,"Tamra Davis",,
367,tt0331811,2018-02-22,2018-02-22,,"11:14","11:14",https://www.imdb.com/title/tt0331811/,Movie,7.1,86,2003,"Comedy, Crime, Drama, Mystery, Thriller",52987,2004-08-20,"Greg Marcks",,
368,tt1790885,2018-02-22,2018-02-22,,"Zero Dark Thirty","Zero Dark Thirty",https://www.imdb.com/title/tt1790885/,Movie,7.4,157,2012,"Drama, History, Thriller",345046,2013-01-11,"Kathryn Bigelow",,
369,tt0095765,2018-02-22,2018-02-22,,"Cinema Paradiso","Nuovo Cinema Paradiso",https://www.imdb.com/title/tt0095765/,Movie,8.5,174,1988,"Drama, Romance",321451,1990-02-23,"Giuseppe Tornatore",,
370,tt2910274,2018-02-25,2018-02-25,,"Obvious Child","Obvious Child",https://www.imdb.com/title/tt2910274/,Movie,6.7,84,2014,"Comedy, Drama, Romance",27317,2014-06-27,"Gillian Robespierre",,
371,tt1568346,2018-02-26,2018-02-26,,"The Girl with the Dragon Tattoo","The Girl with the Dragon Tattoo",https://www.imdb.com/title/tt1568346/,Movie,7.8,158,2011,"Crime, Drama, Mystery, Thriller",534447,2011-12-21,"David Fincher",,
372,tt2671706,2018-02-26,2018-02-26,,"Fences","Fences",https://www.imdb.com/title/tt2671706/,Movie,7.2,139,2016,"Drama",126646,2016-12-25,"Denzel Washington",,
373,tt3263904,2018-02-26,2018-02-26,,"Sully","Sully",https://www.imdb.com/title/tt3263904/,Movie,7.4,96,2016,"Biography, Drama, History",326830,2016-09-09,"Clint Eastwood",,
374,tt5294550,2018-02-27,2018-02-27,,"All the Money in the World","All the Money in the World",https://www.imdb.com/title/tt5294550/,Movie,6.8,132,2017,"Biography, Crime, Drama, History, Mystery, Thriller",97384,2017-12-25,"Ridley Scott",,
375,tt0383028,2018-02-27,2018-02-27,,"Synecdoche, New York","Synecdoche, New York",https://www.imdb.com/title/tt0383028/,Movie,7.5,124,2008,"Drama",106033,2009-02-05,"Charlie Kaufman",,
376,tt1592281,2018-02-27,2018-02-27,,"Take This Waltz","Take This Waltz",https://www.imdb.com/title/tt1592281/,Movie,6.5,116,2011,"Comedy, Drama",31557,2012-07-06,"Sarah Polley",,
377,tt1038043,2018-02-27,2018-02-27,,"Mammoth","Mammoth",https://www.imdb.com/title/tt1038043/,Movie,6.8,125,2009,"Drama, Romance",10777,2009-01-23,"Lukas Moodysson",,
378,tt0800240,2018-02-27,2018-02-27,,"Deception","Deception",https://www.imdb.com/title/tt0800240/,Movie,6.0,107,2008,"Crime, Drama, Mystery, Thriller",42422,2008-04-25,"Marcel Langenegger",,
379,tt0390221,2018-02-27,2018-02-27,,"Maria Full of Grace","Maria Full of Grace",https://www.imdb.com/title/tt0390221/,Movie,7.4,101,2004,"Crime, Drama",37812,2004-08-06,"Joshua Marston",,
380,tt0354356,2018-02-27,2018-02-27,,"Five Times Two","5x2",https://www.imdb.com/title/tt0354356/,Movie,6.6,90,2004,"Drama, Romance",10882,2004-09-01,"François Ozon",,
381,tt0240913,2018-02-27,2018-02-27,,"Under the Sand","Sous le sable",https://www.imdb.com/title/tt0240913/,Movie,7.0,92,2000,"Drama, Mystery",10814,2001-05-04,"François Ozon",,
382,tt2752200,2018-02-27,2018-02-27,,"Young & Beautiful","Jeune et jolie",https://www.imdb.com/title/tt2752200/,Movie,6.7,95,2013,"Drama, Romance",41361,2014-04-25,"François Ozon",,
383,tt2704998,2018-03-07,2018-03-07,,"Game Night","Game Night",https://www.imdb.com/title/tt2704998/,Movie,6.9,100,2018,"Action, Adventure, Comedy, Crime, Mystery, Thriller",285325,2018-02-23,"John Francis Daley, Jonathan Goldstein",,
384,tt3721954,2018-03-12,2018-03-12,,"Maudie","Maudie",https://www.imdb.com/title/tt3721954/,Movie,7.6,115,2016,"Biography, Drama, Romance",26101,2017-08-04,"Aisling Walsh",,
385,tt5649144,2018-03-12,2018-03-12,,"The Florida Project","The Florida Project",https://www.imdb.com/title/tt5649144/,Movie,7.6,111,2017,"Drama",149767,2017-11-10,"Sean Baker",,
386,tt1132620,2018-03-13,2018-03-13,,"The Girl with the Dragon Tattoo","Män som hatar kvinnor",https://www.imdb.com/title/tt1132620/,Movie,7.8,152,2009,"Crime, Drama, Mystery, Thriller",232430,2010-04-30,"Niels Arden Oplev",,
387,tt1216487,2018-03-13,2018-03-13,,"The Girl Who Played with Fire","Flickan som lekte med elden",https://www.imdb.com/title/tt1216487/,Movie,7.1,129,2009,"Action, Crime, Drama, Mystery, Thriller",102826,2010-08-27,"Daniel Alfredson",,
388,tt0110308,2018-03-18,2018-03-18,,"The Last Seduction","The Last Seduction",https://www.imdb.com/title/tt0110308/,Movie,7.0,110,1994,"Crime, Drama, Romance, Thriller",29230,1994-10-26,"John Dahl",,
389,tt0109759,2018-03-18,2018-03-18,,"Exotica","Exotica",https://www.imdb.com/title/tt0109759/,Movie,7.0,103,1994,"Drama",22786,1995-03-24,"Atom Egoyan",,
390,tt0437526,2018-03-18,2018-03-18,,"The Last Mistress","Une vieille maîtresse",https://www.imdb.com/title/tt0437526/,Movie,6.2,109,2007,"Drama, Romance",4091,2008-07-18,"Catherine Breillat",,
391,tt1465505,2018-03-18,2018-03-18,,"Red White & Blue","Red White & Blue",https://www.imdb.com/title/tt1465505/,Movie,6.3,103,2010,"Drama, Horror, Thriller",6519,2010-10-08,"Simon Rumley",,
392,tt0445760,2018-03-18,2018-03-18,,"The Wayward Cloud","Tian bian yi duo yun",https://www.imdb.com/title/tt0445760/,Movie,6.5,112,2005,"Comedy, Drama, Musical",6013,2005-03-18,"Tsai Ming-liang",,
393,tt0118819,2018-03-18,2018-03-18,,"Live Flesh","Carne trémula",https://www.imdb.com/title/tt0118819/,Movie,7.3,103,1997,"Drama",35924,1998-01-16,"Pedro Almodóvar",,
394,tt1226236,2018-03-18,2018-03-18,,"I Am Love","Io sono l'amore",https://www.imdb.com/title/tt1226236/,Movie,7.0,120,2009,"Drama, Romance",25837,2010-07-23,"Luca Guadagnino",,
395,tt0110116,2018-03-18,2018-03-18,,"Immortal Beloved","Immortal Beloved",https://www.imdb.com/title/tt0110116/,Movie,7.4,121,1994,"Biography, Drama, Music, Mystery, Romance",27816,1995-01-27,"Bernard Rose",,
396,tt0114134,2018-03-18,2018-03-18,,"The Pillow Book","The Pillow Book",https://www.imdb.com/title/tt0114134/,Movie,6.5,126,1996,"Drama",14357,1997-06-06,"Peter Greenaway",,
397,tt0289635,2018-03-18,2018-03-18,,"Young Adam","Young Adam",https://www.imdb.com/title/tt0289635/,Movie,6.3,98,2003,"Crime, Drama",15437,2003-09-26,"David Mackenzie",,
398,tt0217019,2018-03-18,2018-03-18,,"Sade","Sade",https://www.imdb.com/title/tt0217019/,Movie,6.0,100,2000,"Biography, Drama, History",1958,2000-08-23,"Benoît Jacquot",,
399,tt0419256,2018-03-22,2018-03-22,,"Wah-Wah","Wah-Wah",https://www.imdb.com/title/tt0419256/,Movie,6.7,120,2005,"Comedy, Drama",3458,2006-06-02,"Richard E. Grant",,
400,tt0181865,2018-03-22,2018-03-22,,"Traffic","Traffic",https://www.imdb.com/title/tt0181865/,Movie,7.5,147,2000,"Crime, Drama, Thriller",232266,2001-01-05,"Steven Soderbergh",,
401,tt1839654,2018-03-22,2018-03-22,,"The Magic of Belle Isle","The Magic of Belle Isle",https://www.imdb.com/title/tt1839654/,Movie,7.0,109,2012,"Comedy, Drama",22644,2012-07-06,"Rob Reiner",,
402,tt6450186,2018-03-22,2018-03-22,,"I Can Only Imagine","I Can Only Imagine",https://www.imdb.com/title/tt6450186/,Movie,7.3,110,2018,"Biography, Drama, Family, Music",21219,2018-03-16,"Andrew Erwin, Jon Erwin",,
403,tt0119396,2018-03-23,2018-03-23,,"Jackie Brown","Jackie Brown",https://www.imdb.com/title/tt0119396/,Movie,7.5,154,1997,"Crime, Drama, Thriller",408805,1997-12-25,"Quentin Tarantino",,
404,tt1270262,2018-03-23,2018-03-23,,"The Devil's Double","The Devil's Double",https://www.imdb.com/title/tt1270262/,Movie,7.0,109,2011,"Biography, Drama, Thriller",65698,2011-09-08,"Lee Tamahori",,
405,tt0116999,2018-03-26,2018-03-26,,"Marvin's Room","Marvin's Room",https://www.imdb.com/title/tt0116999/,Movie,6.7,98,1996,"Drama",32282,1997-02-28,"Jerry Zaks",,
406,tt1164999,2018-03-26,2018-03-26,,"Biutiful","Biutiful",https://www.imdb.com/title/tt1164999/,Movie,7.4,148,2010,"Drama, Romance",98720,2011-02-04,"Alejandro G. Iñárritu",,
407,tt0226872,2018-03-27,2018-03-27,,"Female Prisoner #701: Scorpion","Joshû 701-gô: Sasori",https://www.imdb.com/title/tt0226872/,Movie,7.2,87,1972,"Crime, Drama, Thriller",5781,1972-08-25,"Shunya Itō",,
408,tt0116361,2018-03-27,2018-03-27,,"Freeway","Freeway",https://www.imdb.com/title/tt0116361/,Movie,6.8,104,1996,"Crime, Drama, Thriller",34692,1997-09-03,"Matthew Bright",,
409,tt0286261,2018-03-27,2018-03-27,,"All or Nothing","All or Nothing",https://www.imdb.com/title/tt0286261/,Movie,7.5,128,2002,"Drama",12443,2002-10-18,"Mike Leigh",,
410,tt0373450,2018-03-27,2018-03-27,,"Where the Truth Lies","Where the Truth Lies",https://www.imdb.com/title/tt0373450/,Movie,6.4,107,2005,"Crime, Mystery, Thriller",19753,2005-10-07,"Atom Egoyan",,
411,tt0101273,2018-03-27,2018-03-27,,"The Adjuster","The Adjuster",https://www.imdb.com/title/tt0101273/,Movie,6.6,102,1991,"Comedy, Drama",4108,1992-07,"Atom Egoyan",,
412,tt0124819,2018-03-27,2018-03-27,,"Orgazmo","Orgazmo",https://www.imdb.com/title/tt0124819/,Movie,6.1,94,1997,"Comedy",39503,1998-10-23,"Trey Parker",,
413,tt0101026,2018-03-27,2018-03-27,,"Tie Me Up! Tie Me Down!","Átame!",https://www.imdb.com/title/tt0101026/,Movie,7.0,101,1989,"Comedy, Crime, Drama, Romance",33970,1990-01-22,"Pedro Almodóvar",,
414,tt0108565,2018-03-27,2018-03-27,,"Wide Sargasso Sea","Wide Sargasso Sea",https://www.imdb.com/title/tt0108565/,Movie,5.6,99,1993,"Drama, Romance, Thriller",2358,1993-04-16,"John Duigan",,
415,tt0365125,2018-03-27,2018-03-27,,"A Dirty Shame","A Dirty Shame",https://www.imdb.com/title/tt0365125/,Movie,5.1,89,2004,"Comedy",14327,2004-09-24,"John Waters",,
416,tt1232776,2018-03-27,2018-03-27,,"Fish Tank","Fish Tank",https://www.imdb.com/title/tt1232776/,Movie,7.3,123,2009,"Drama",68763,2009-09-11,"Andrea Arnold",,
417,tt0478304,2018-03-27,2018-03-27,,"The Tree of Life","The Tree of Life",https://www.imdb.com/title/tt0478304/,Movie,6.8,139,2011,"Drama, Fantasy",193614,2011-05-18,"Terrence Malick",,
418,tt0377092,2018-03-30,2018-03-30,,"Mean Girls","Mean Girls",https://www.imdb.com/title/tt0377092/,Movie,7.1,97,2004,"Comedy",494053,2004-04-30,"Mark Waters",,
419,tt0358135,2018-03-30,2018-03-30,,"Shall We Dance?","Shall We Dance?",https://www.imdb.com/title/tt0358135/,Movie,6.2,106,2004,"Comedy, Drama, Music, Romance",53212,2004-10-15,"Peter Chelsom",,
420,tt0366627,2018-04-01,2018-04-01,,"The Jacket","The Jacket",https://www.imdb.com/title/tt0366627/,Movie,7.1,103,2005,"Drama, Fantasy, Mystery, Sci-Fi, Thriller",125717,2005-03-04,"John Maybury",,
421,tt4005402,2018-04-02,2018-04-02,,"Colonia","Colonia",https://www.imdb.com/title/tt4005402/,Movie,7.0,110,2015,"Biography, Drama, History, Romance, Thriller",60173,2016-04-15,"Florian Gallenberger",,
422,tt4257926,2018-04-04,2018-04-04,,"Miracles from Heaven","Miracles from Heaven",https://www.imdb.com/title/tt4257926/,Movie,7.1,109,2016,"Biography, Drama, Family",32327,2016-03-16,"Patricia Riggen",,
423,tt2452254,2018-04-06,2018-04-06,,"Clouds of Sils Maria","Clouds of Sils Maria",https://www.imdb.com/title/tt2452254/,Movie,6.7,124,2014,"Drama",32764,2014-08-20,"Olivier Assayas",,
424,tt0367089,2018-04-06,2018-04-06,,"The Squid and the Whale","The Squid and the Whale",https://www.imdb.com/title/tt0367089/,Movie,7.3,81,2005,"Comedy, Drama",95174,2005-12-16,"Noah Baumbach",,
425,tt0198021,2018-04-06,2018-04-06,,"Where the Heart Is","Where the Heart Is",https://www.imdb.com/title/tt0198021/,Movie,6.7,120,2000,"Comedy, Drama, Romance",38671,2000-04-28,"Matt Williams",,
426,tt2170593,2018-04-09,2018-04-09,,"St. Vincent","St. Vincent",https://www.imdb.com/title/tt2170593/,Movie,7.2,102,2014,"Comedy, Drama",114604,2014-10-24,"Theodore Melfi",,
427,tt2568862,2018-04-09,2018-04-09,,"Going in Style","Going in Style",https://www.imdb.com/title/tt2568862/,Movie,6.6,96,2017,"Comedy, Crime",100708,2017-04-07,"Zach Braff",,
428,tt0780536,2018-04-11,2018-04-11,,"In Bruges","In Bruges",https://www.imdb.com/title/tt0780536/,Movie,7.9,107,2008,"Comedy, Crime, Drama, Thriller",498718,2008-02-29,"Martin McDonagh",,
429,tt0395972,2018-04-11,2018-04-11,,"North Country","North Country",https://www.imdb.com/title/tt0395972/,Movie,7.3,126,2005,"Drama",48041,2005-10-21,"Niki Caro",,
430,tt3480796,2018-04-20,2018-04-20,,"Vice","Vice",https://www.imdb.com/title/tt3480796/,Movie,4.2,96,2015,"Action, Sci-Fi, Thriller",17578,2015-01-16,"Brian A. Miller",,
431,tt1971325,2018-04-20,2018-04-20,,"Automata","Autómata",https://www.imdb.com/title/tt1971325/,Movie,6.0,109,2014,"Action, Drama, Sci-Fi, Thriller",62302,2014-10-17,"Gabe Ibáñez",,
432,tt2007360,2018-04-20,2018-04-20,,"Computer Chess","Computer Chess",https://www.imdb.com/title/tt2007360/,Movie,6.2,92,2013,"Comedy",5053,2013-08-01,"Andrew Bujalski",,
433,tt4520364,2018-04-20,2018-04-20,,"Morgan","Morgan",https://www.imdb.com/title/tt4520364/,Movie,5.9,92,2016,"Action, Horror, Sci-Fi, Thriller",50192,2016-09-02,"Luke Scott",,
434,tt1059786,2018-04-20,2018-04-20,,"Eagle Eye","Eagle Eye",https://www.imdb.com/title/tt1059786/,Movie,6.6,118,2008,"Action, Mystery, Thriller",203143,2008-09-26,"D.J. Caruso",,
435,tt0133751,2018-04-20,2018-04-20,,"The Faculty","The Faculty",https://www.imdb.com/title/tt0133751/,Movie,6.6,104,1998,"Horror, Mystery, Sci-Fi",149865,1998-12-25,"Robert Rodriguez",,
436,tt0139809,2018-04-20,2018-04-20,,"The Thirteenth Floor","The Thirteenth Floor",https://www.imdb.com/title/tt0139809/,Movie,7.0,100,1999,"Mystery, Sci-Fi, Thriller",84119,1999-05-28,"Josef Rusnak",,
437,tt0113957,2018-04-20,2018-04-20,,"The Net","The Net",https://www.imdb.com/title/tt0113957/,Movie,6.0,114,1995,"Action, Crime, Drama, Mystery, Thriller",80845,1995-07-28,"Irwin Winkler",,
438,tt0120738,2018-04-20,2018-04-20,,"Lost in Space","Lost in Space",https://www.imdb.com/title/tt0120738/,Movie,5.3,130,1998,"Action, Adventure, Sci-Fi, Thriller",78214,1998-04-03,"Stephen Hopkins",,
439,tt0113481,2018-04-20,2018-04-20,,"Johnny Mnemonic","Johnny Mnemonic",https://www.imdb.com/title/tt0113481/,Movie,5.6,96,1995,"Action, Drama, Sci-Fi, Thriller",82354,1995-05-26,"Robert Longo",,
440,tt0113243,2018-04-20,2018-04-20,,"Hackers","Hackers",https://www.imdb.com/title/tt0113243/,Movie,6.2,105,1995,"Crime, Drama, Romance, Thriller",83145,1995-09-15,"Iain Softley",,
441,tt0093649,2018-04-20,2018-04-20,,"Not Quite Human","Not Quite Human",https://www.imdb.com/title/tt0093649/,TV Movie,6.1,97,1987,"Family, Sci-Fi, Comedy",1465,1987-06-19,"Steven Hilliard Stern",,
442,tt0086567,2018-04-20,2018-04-20,,"WarGames","WarGames",https://www.imdb.com/title/tt0086567/,Movie,7.1,114,1983,"Action, Drama, Sci-Fi, Thriller",123324,1983-06-03,"John Badham",,
443,tt0159784,2018-04-20,2018-04-20,,"Takedown","Takedown",https://www.imdb.com/title/tt0159784/,Movie,6.2,96,2000,"Biography, Crime, Drama, Thriller",7439,2000-03-15,"Joe Chappelle",,
444,tt0880578,2018-04-20,2018-04-20,,"Untraceable","Untraceable",https://www.imdb.com/title/tt0880578/,Movie,6.2,101,2008,"Crime, Mystery, Thriller",55116,2008-01-25,"Gregory Hoblit",,
445,tt0267287,2018-04-20,2018-04-20,,"Avalon","Abaron",https://www.imdb.com/title/tt0267287/,Movie,6.4,107,2001,"Action, Drama, Fantasy, Sci-Fi, Thriller",14133,2001-01-20,"Mamoru Oshii",,
446,tt1034032,2018-04-20,2018-04-20,,"Gamer","Gamer",https://www.imdb.com/title/tt1034032/,Movie,5.7,95,2009,"Action, Sci-Fi, Thriller",144778,2009-09-04,"Mark Neveldine, Brian Taylor",,
447,tt0338337,2018-04-20,2018-04-20,,"Paycheck","Paycheck",https://www.imdb.com/title/tt0338337/,Movie,6.3,119,2003,"Action, Mystery, Sci-Fi, Thriller",119428,2003-12-25,"John Woo",,
448,tt3012184,2018-04-20,2018-04-20,,"Betas","Betas",https://www.imdb.com/title/tt3012184/,TV Series,6.9,27,2013,"Comedy",3070,2013-04-19,,,
449,tt2084953,2018-04-20,2018-04-20,,"Terms and Conditions May Apply","Terms and Conditions May Apply",https://www.imdb.com/title/tt2084953/,Movie,7.3,79,2013,"Documentary, News",6653,2013-07-12,"Cullen Hoback",,
450,tt0390384,2018-04-20,2018-04-20,,"Primer","Primer",https://www.imdb.com/title/tt0390384/,Movie,6.7,77,2004,"Drama, Sci-Fi, Thriller",123284,2005-05-25,"Shane Carruth",,
451,tt0109831,2018-04-21,2018-04-21,,"Four Weddings and a Funeral","Four Weddings and a Funeral",https://www.imdb.com/title/tt0109831/,Movie,7.1,117,1994,"Comedy, Drama, Romance",184768,1994-04-15,"Mike Newell",,
452,tt1322312,2018-04-21,2018-04-21,,"Going the Distance","Going the Distance",https://www.imdb.com/title/tt1322312/,Movie,6.3,102,2010,"Comedy, Romance",61790,2010-09-03,"Nanette Burstein",,
453,tt3921314,2018-04-24,2018-04-24,,"Muhammad: The Messenger of God","Mohammad Rasoolollah",https://www.imdb.com/title/tt3921314/,Movie,7.2,162,2015,"Biography, Drama, History",13156,2015-08-27,"Majid Majidi",,
454,tt1311071,2018-04-29,2018-04-29,,"Kill Your Darlings","Kill Your Darlings",https://www.imdb.com/title/tt1311071/,Movie,6.4,104,2013,"Biography, Drama, Romance, Thriller",43712,2014-03-18,"John Krokidas",,
455,tt0120148,2018-04-29,2018-04-29,,"Sliding Doors","Sliding Doors",https://www.imdb.com/title/tt0120148/,Movie,6.7,99,1998,"Comedy, Drama, Fantasy, Romance",76806,1998-05-01,"Peter Howitt",,
456,tt0093640,2018-05-03,2018-05-03,,"No Way Out","No Way Out",https://www.imdb.com/title/tt0093640/,Movie,7.1,114,1987,"Action, Crime, Drama, Mystery, Romance, Thriller",56809,1987-08-14,"Roger Donaldson",,
457,tt4158096,2018-05-04,2018-05-04,,"Free Fire","Free Fire",https://www.imdb.com/title/tt4158096/,Movie,6.3,91,2016,"Action, Comedy, Crime, Thriller",54074,2017-04-21,"Ben Wheatley",,
458,tt2334649,2018-05-04,2018-05-04,,"Fruitvale Station","Fruitvale Station",https://www.imdb.com/title/tt2334649/,Movie,7.5,85,2013,"Biography, Crime, Drama",93225,2013-07-26,"Ryan Coogler",,
459,tt0100491,2018-05-05,2018-05-05,,"Riff-Raff","Riff-Raff",https://www.imdb.com/title/tt0100491/,Movie,7.0,95,1991,"Comedy, Drama",5300,1993-02-12,"Ken Loach",,
460,tt0365748,2018-05-05,2018-05-05,,"Shaun of the Dead","Shaun of the Dead",https://www.imdb.com/title/tt0365748/,Movie,7.8,99,2004,"Comedy, Horror",645602,2004-09-24,"Edgar Wright",,
461,tt1213663,2018-05-05,2018-05-05,,"The World's End","The World's End",https://www.imdb.com/title/tt1213663/,Movie,6.9,109,2013,"Action, Comedy, Sci-Fi",315453,2013-08-23,"Edgar Wright",,
462,tt0405296,2018-05-07,2018-05-07,,"A Scanner Darkly","A Scanner Darkly",https://www.imdb.com/title/tt0405296/,Movie,7.0,100,2006,"Animation, Comedy, Crime, Drama, Mystery, Sci-Fi, Thriller",122674,2006-07-28,"Richard Linklater",,
463,tt1206543,2018-05-07,2018-05-07,,"Out of the Furnace","Out of the Furnace",https://www.imdb.com/title/tt1206543/,Movie,6.7,116,2013,"Crime, Drama, Thriller",133724,2013-12-06,"Scott Cooper",,
464,tt0443518,2018-05-18,2018-05-18,,"The Girl in the Café","The Girl in the Café",https://www.imdb.com/title/tt0443518/,TV Movie,7.4,94,2005,"Drama, Romance",9058,2005-06-25,"David Yates",,
465,tt0296845,2018-05-18,2018-05-18,,"Little Secrets","Little Secrets",https://www.imdb.com/title/tt0296845/,Movie,6.4,96,2001,"Comedy, Drama, Family, Music",3623,2002-08-23,"Blair Treu",,
466,tt1322269,2018-05-21,2018-05-21,,"August: Osage County","August: Osage County",https://www.imdb.com/title/tt1322269/,Movie,7.2,121,2013,"Comedy, Drama",100595,2014-01-10,"John Wells",,
467,tt1230414,2018-05-21,2018-05-21,,"It's Complicated","It's Complicated",https://www.imdb.com/title/tt1230414/,Movie,6.6,120,2009,"Comedy, Drama, Romance",104551,2009-12-25,"Nancy Meyers",,
468,tt0303461,2018-06-04,2018-06-04,,"Firefly","Firefly",https://www.imdb.com/title/tt0303461/,TV Series,8.9,45,2002,"Adventure, Sci-Fi",304686,2002-09-20,,,
469,tt5177088,2018-06-12,2018-06-12,,"The Girl in the Spider's Web","The Girl in the Spider's Web",https://www.imdb.com/title/tt5177088/,Movie,6.1,115,2018,"Action, Adventure, Crime, Drama, Mystery, Thriller",56068,2018-11-09,"Fede Alvarez",,
470,tt1084950,2018-06-12,2018-06-12,,"Rachel Getting Married","Rachel Getting Married",https://www.imdb.com/title/tt1084950/,Movie,6.6,113,2008,"Drama, Romance",55013,2008-10-31,"Jonathan Demme",,
471,tt7853242,2018-06-13,2018-06-13,,"Love Per Square Foot","Love Per Square Foot",https://www.imdb.com/title/tt7853242/,Movie,7.1,133,2018,"Comedy, Romance",9809,2018-02-14,"Anand Tiwari",,
472,tt1758692,2018-06-17,2018-06-17,,"Like Crazy","Like Crazy",https://www.imdb.com/title/tt1758692/,Movie,6.6,86,2011,"Drama, Romance",64880,2012-01-27,"Drake Doremus",,
473,tt5479616,2018-06-17,2018-06-17,,"Amar","Amar",https://www.imdb.com/title/tt5479616/,Movie,5.1,105,2017,"Drama, Romance",5373,2017-07-16,"Esteban Crespo",,
474,tt1481572,2018-07-03,2018-07-03,,"Happythankyoumoreplease","Happythankyoumoreplease",https://www.imdb.com/title/tt1481572/,Movie,6.7,100,2010,"Comedy, Drama, Romance",31070,2011-03-03,"Josh Radnor",,
475,tt0122933,2018-08-06,2018-08-06,,"Analyze This","Analyze This",https://www.imdb.com/title/tt0122933/,Movie,6.7,103,1999,"Comedy, Crime",170771,1999-03-05,"Harold Ramis",,
476,tt0230030,2018-08-06,2018-08-06,,"Bedazzled","Bedazzled",https://www.imdb.com/title/tt0230030/,Movie,6.1,93,2000,"Comedy, Fantasy",120431,2000-10-20,"Harold Ramis",,
477,tt0116778,2018-08-06,2018-08-06,,"Kingpin","Kingpin",https://www.imdb.com/title/tt0116778/,Movie,6.9,114,1996,"Comedy, Sport",97603,1996-07-26,"Bobby Farrelly, Peter Farrelly",,
478,tt1139328,2018-08-11,2018-08-11,,"The Ghost Writer","The Ghost Writer",https://www.imdb.com/title/tt1139328/,Movie,7.2,128,2010,"Crime, Drama, Mystery, Thriller",177778,2010-03-19,"Roman Polanski",,
479,tt5541240,2018-08-12,2018-08-12,,"To the Bone","To the Bone",https://www.imdb.com/title/tt5541240/,Movie,6.7,107,2017,"Drama",60151,2017-07-14,"Marti Noxon",,
480,tt2055765,2018-08-12,2018-08-12,,"The English Teacher","The English Teacher",https://www.imdb.com/title/tt2055765/,Movie,5.8,93,2013,"Comedy, Drama",13782,2013-08-01,"Craig Zisk",,
481,tt1133993,2018-08-12,2018-08-12,,"Serious Moonlight","Serious Moonlight",https://www.imdb.com/title/tt1133993/,Movie,5.3,81,2009,"Comedy, Crime, Drama, Romance",9254,2009-12-04,"Cheryl Hines",,
482,tt2140619,2018-08-12,2018-08-12,,"Two Night Stand","Two Night Stand",https://www.imdb.com/title/tt2140619/,Movie,6.3,86,2014,"Comedy, Romance",76899,2014-09-26,"Max Nichols",,
483,tt1216496,2018-08-12,2018-08-12,,"Mother","Madeo",https://www.imdb.com/title/tt1216496/,Movie,7.7,129,2009,"Crime, Drama, Mystery, Thriller",81965,2009-05-28,"Bong Joon Ho",,
484,tt0117951,2018-08-13,2018-08-13,,"Trainspotting","Trainspotting",https://www.imdb.com/title/tt0117951/,Movie,8.1,93,1996,"Crime, Drama",775726,1996-08-09,"Danny Boyle",,
485,tt1019452,2018-08-13,2018-08-13,,"A Serious Man","A Serious Man",https://www.imdb.com/title/tt1019452/,Movie,7.0,106,2009,"Comedy, Drama",160074,2009-11-06,"Ethan Coen, Joel Coen",,
486,tt0478134,2018-08-13,2018-08-13,,"In the Valley of Elah","In the Valley of Elah",https://www.imdb.com/title/tt0478134/,Movie,7.1,121,2007,"Crime, Drama, Mystery",77845,2007-09-28,"Paul Haggis",,
487,tt0247196,2018-08-13,2018-08-13,,"Before Night Falls","Before Night Falls",https://www.imdb.com/title/tt0247196/,Movie,7.1,133,2000,"Biography, Drama, Romance",27476,2001-02-23,"Julian Schnabel",,
488,tt0117381,2018-08-14,2018-08-14,,"Primal Fear","Primal Fear",https://www.imdb.com/title/tt0117381/,Movie,7.7,129,1996,"Crime, Drama, Mystery, Thriller",298829,1996-04-03,"Gregory Hoblit",,
489,tt0362270,2018-08-14,2018-08-14,,"The Life Aquatic with Steve Zissou","The Life Aquatic with Steve Zissou",https://www.imdb.com/title/tt0362270/,Movie,7.2,119,2004,"Action, Adventure, Comedy, Drama, Romance",222531,2004-12-25,"Wes Anderson",,
490,tt0340855,2018-08-19,2018-08-19,,"Monster","Monster",https://www.imdb.com/title/tt0340855/,Movie,7.3,109,2003,"Biography, Crime, Drama, Thriller",173988,2004-01-30,"Patty Jenkins",,
491,tt1450321,2018-08-19,2018-08-19,,"Filth","Filth",https://www.imdb.com/title/tt1450321/,Movie,7.0,97,2013,"Action, Comedy, Crime, Drama",123291,2014-04-24,"Jon S. Baird",,
492,tt5442430,2018-08-19,2018-08-19,,"Life","Life",https://www.imdb.com/title/tt5442430/,Movie,6.6,104,2017,"Horror, Sci-Fi, Thriller",280703,2017-03-24,"Daniel Espinosa",,
493,tt0144168,2018-08-19,2018-08-19,,"Dick","Dick",https://www.imdb.com/title/tt0144168/,Movie,6.2,94,1999,"Comedy",22931,1999-08-04,"Andrew Fleming",,
494,tt0098384,2018-08-20,2018-08-20,,"Steel Magnolias","Steel Magnolias",https://www.imdb.com/title/tt0098384/,Movie,7.3,117,1989,"Comedy, Drama, Romance",72682,1989-11-22,"Herbert Ross",,
495,tt1798243,2018-08-21,2018-08-21,,"Rudderless","Rudderless",https://www.imdb.com/title/tt1798243/,Movie,7.4,105,2014,"Comedy, Drama, Music",20279,2015-02-21,"William H. Macy",,
496,tt1639084,2018-08-21,2018-08-21,,"Tallulah","Tallulah",https://www.imdb.com/title/tt1639084/,Movie,6.7,111,2016,"Comedy, Drama, Romance",22557,2016-07-29,"Sian Heder",,
497,tt0981227,2018-08-21,2018-08-21,,"Nick and Norah's Infinite Playlist","Nick and Norah's Infinite Playlist",https://www.imdb.com/title/tt0981227/,Movie,6.6,90,2008,"Comedy, Drama, Music, Romance",97764,2008-10-03,"Peter Sollett",,
498,tt0472160,2018-08-22,2018-08-22,,"Penelope","Penelope",https://www.imdb.com/title/tt0472160/,Movie,6.7,104,2006,"Comedy, Fantasy, Romance",69851,2008-02-29,"Mark Palansky",,
499,tt1135487,2018-08-22,2018-08-22,,"Duplicity","Duplicity",https://www.imdb.com/title/tt1135487/,Movie,6.1,125,2009,"Comedy, Crime, Romance, Thriller",54250,2009-03-20,"Tony Gilroy",,
500,tt0765120,2018-08-22,2018-08-22,,"My Blueberry Nights","My Blueberry Nights",https://www.imdb.com/title/tt0765120/,Movie,6.6,95,2007,"Drama, Romance",59110,2007-11-28,"Wong Kar-Wai",,
501,tt0103074,2018-08-23,2018-08-23,,"Thelma & Louise","Thelma & Louise",https://www.imdb.com/title/tt0103074/,Movie,7.6,130,1991,"Adventure, Crime, Drama",197216,1991-05-24,"Ridley Scott",,
502,tt0110527,2018-08-23,2018-08-23,,"Miracle on 34th Street","Miracle on 34th Street",https://www.imdb.com/title/tt0110527/,Movie,6.7,114,1994,"Drama, Family, Fantasy",51440,1994-11-18,"Les Mayfield",,
503,tt5607096,2018-08-23,2018-08-23,,"Juliet, Naked","Juliet, Naked",https://www.imdb.com/title/tt5607096/,Movie,6.6,97,2018,"Comedy, Drama, Music, Romance",26704,2018-08-17,"Jesse Peretz",,
504,tt0120772,2018-08-23,2018-08-23,,"The Object of My Affection","The Object of My Affection",https://www.imdb.com/title/tt0120772/,Movie,6.0,111,1998,"Comedy, Drama, Romance",22834,1998-04-17,"Nicholas Hytner",,
505,tt0422783,2018-08-24,2018-08-24,,"Music Within","Music Within",https://www.imdb.com/title/tt0422783/,Movie,7.2,94,2007,"Biography, Comedy, Drama, Music, Romance, War",6275,2007-01-05,"Steven Sawalich",,
506,tt0398017,2018-08-24,2018-08-24,,"Derailed","Derailed",https://www.imdb.com/title/tt0398017/,Movie,6.6,108,2005,"Crime, Drama, Thriller",79479,2005-11-11,"Mikael Håfström",,
507,tt0309530,2018-08-24,2018-08-24,,"Down with Love","Down with Love",https://www.imdb.com/title/tt0309530/,Movie,6.3,101,2003,"Comedy, Romance",47494,2003-05-16,"Peyton Reed",,
508,tt0462033,2018-08-24,2018-08-24,,"Stranded","Stranded",https://www.imdb.com/title/tt0462033/,Movie,6.7,52,2006,"Drama",417,2006-04-04,"Stuart McDonald",,
509,tt1294226,2018-08-24,2018-08-24,,"The Last Song","The Last Song",https://www.imdb.com/title/tt1294226/,Movie,6.0,107,2010,"Drama, Music, Romance",97184,2010-03-31,"Julie Anne Robinson",,
510,tt0137494,2018-08-25,2018-08-25,,"Entrapment","Entrapment",https://www.imdb.com/title/tt0137494/,Movie,6.3,113,1999,"Action, Crime, Romance, Thriller",130869,1999-04-30,"Jon Amiel",,
511,tt2053463,2018-08-25,2018-08-25,,"Side Effects","Side Effects",https://www.imdb.com/title/tt2053463/,Movie,7.0,106,2013,"Crime, Drama, Mystery, Thriller",207068,2013-02-08,"Steven Soderbergh",,
512,tt1205535,2018-08-25,2018-08-25,,"The Rebound","The Rebound",https://www.imdb.com/title/tt1205535/,Movie,6.3,95,2009,"Comedy, Romance",52758,2012-02-07,"Bart Freundlich",,
513,tt0138524,2018-08-25,2018-08-25,,"Intolerable Cruelty","Intolerable Cruelty",https://www.imdb.com/title/tt0138524/,Movie,6.3,100,2003,"Comedy, Crime, Romance",106553,2003-10-10,"Joel Coen, Ethan Coen",,
514,tt0265029,2018-08-25,2018-08-25,,"America's Sweethearts","America's Sweethearts",https://www.imdb.com/title/tt0265029/,Movie,5.7,102,2001,"Comedy, Romance",62030,2001-07-20,"Joe Roth",,
515,tt0110977,2018-08-25,2018-08-25,,"The Return of the Native","The Return of the Native",https://www.imdb.com/title/tt0110977/,TV Movie,6.0,101,1994,"Drama",877,1994-12-04,"Jack Gold",,
516,tt1473832,2018-08-26,2018-08-26,,"Bridget Jones's Baby","Bridget Jones's Baby",https://www.imdb.com/title/tt1473832/,Movie,6.4,123,2016,"Comedy, Drama, Romance",92214,2016-09-16,"Sharon Maguire",,
517,tt0795421,2018-08-26,2018-08-26,,"Mamma Mia!","Mamma Mia!",https://www.imdb.com/title/tt0795421/,Movie,6.5,108,2008,"Comedy, Musical, Romance",312747,2008-07-18,"Phyllida Lloyd",,
518,tt0317198,2018-08-26,2018-08-26,,"Bridget Jones: The Edge of Reason","Bridget Jones: The Edge of Reason",https://www.imdb.com/title/tt0317198/,Movie,6.0,108,2004,"Comedy, Drama, Romance",134197,2004-11-19,"Beeban Kidron",,
519,tt0112679,2018-08-26,2018-08-26,,"Circle of Friends","Circle of Friends",https://www.imdb.com/title/tt0112679/,Movie,6.6,103,1995,"Drama, Romance",9863,1995-03-15,"Pat O'Connor",,
520,tt0107146,2018-08-26,2018-08-26,,"The Advocate","The Hour of the Pig",https://www.imdb.com/title/tt0107146/,Movie,6.6,102,1993,"Comedy, Crime, Drama, Mystery, Romance",2345,1994-08-24,"Leslie Megahey",,
521,tt0117631,2018-08-26,2018-08-26,,"Shine","Shine",https://www.imdb.com/title/tt0117631/,Movie,7.6,105,1996,"Biography, Drama, Music, Romance",59406,1997-02-14,"Scott Hicks",,
522,tt3517106,2018-08-26,2018-08-26,,"The Land of Sometimes","The Land of Sometimes",https://www.imdb.com/title/tt3517106/,Movie,4.7,93,2026,"Animation, Family, Fantasy",217,2026-04-07,"Leon Joosen",,
523,tt0301390,2018-08-26,2018-08-26,,"The Heart of Me","The Heart of Me",https://www.imdb.com/title/tt0301390/,Movie,6.5,96,2002,"Drama, Romance",2942,2003-05-02,"Thaddeus O'Sullivan",,
524,tt0119453,2018-08-26,2018-08-26,,"A Merry War","Keep the Aspidistra Flying",https://www.imdb.com/title/tt0119453/,Movie,6.3,101,1997,"Comedy, Drama, Romance",1669,1998-08-28,"Robert Bierman",,
525,tt0829098,2018-08-28,2018-08-28,,"When Did You Last See Your Father?","And When Did You Last See Your Father?",https://www.imdb.com/title/tt0829098/,Movie,6.8,92,2007,"Biography, Drama",4851,2008-07-04,"Anand Tucker",,
526,tt0127723,2018-08-28,2018-08-28,,"Can't Hardly Wait","Can't Hardly Wait",https://www.imdb.com/title/tt0127723/,Movie,6.5,100,1998,"Comedy, Romance",57968,1998-06-12,"Harry Elfont, Deborah Kaplan",,
527,tt5610554,2018-09-05,2018-09-05,,"Tully","Tully",https://www.imdb.com/title/tt5610554/,Movie,6.9,95,2018,"Comedy, Drama, Mystery",67078,2018-05-04,"Jason Reitman",,
528,tt5304992,2018-09-05,2018-09-05,,"Set It Up","Set It Up",https://www.imdb.com/title/tt5304992/,Movie,6.5,105,2018,"Comedy, Romance",78116,2018-06-15,"Claire Scanlon",,
529,tt7026672,2018-09-06,2018-09-06,,"Every Day","Every Day",https://www.imdb.com/title/tt7026672/,Movie,6.5,97,2018,"Drama, Fantasy, Romance",26103,2018-02-23,"Michael Sucsy",,
530,tt6911608,2018-09-07,2018-09-07,,"Mamma Mia! Here We Go Again","Mamma Mia! Here We Go Again",https://www.imdb.com/title/tt6911608/,Movie,6.6,114,2018,"Comedy, Musical, Romance",123269,2018-07-20,"Ol Parker",,
531,tt2503944,2018-09-07,2018-09-07,,"Burnt","Burnt",https://www.imdb.com/title/tt2503944/,Movie,6.6,101,2015,"Comedy, Drama",144763,2015-10-30,"John Wells",,
532,tt3682448,2018-09-07,2018-09-07,,"Bridge of Spies","Bridge of Spies",https://www.imdb.com/title/tt3682448/,Movie,7.6,142,2015,"Drama, History, Thriller, War",347663,2015-10-16,"Steven Spielberg",,
533,tt3675906,2018-09-10,2018-09-10,,"Gyeongju","Gyeongju",https://www.imdb.com/title/tt3675906/,Movie,6.8,145,2014,"Drama",554,2014-06-12,"Zhang Lu",,
534,tt1454545,2018-09-10,2018-09-10,,"More Than Blue","Seulpeumboda deo seulpeun iyagi",https://www.imdb.com/title/tt1454545/,Movie,7.5,105,2009,"Drama, Romance",3042,2009-03-11,"Won Tae-yeon",,
535,tt0870967,2018-09-10,2018-09-10,,"Maundy Thursday","Urideul-ui haengbok-han shigan",https://www.imdb.com/title/tt0870967/,Movie,7.4,120,2006,"Drama, Romance",1556,2006-09-14,"Song Hae-sung",,
536,tt0419843,2018-09-12,2018-09-12,,"In the Land of Women","In the Land of Women",https://www.imdb.com/title/tt0419843/,Movie,6.4,97,2007,"Comedy, Drama, Romance",33687,2007-04-20,"Jonathan Kasdan",,
537,tt0094291,2018-09-12,2018-09-12,,"Wall Street","Wall Street",https://www.imdb.com/title/tt0094291/,Movie,7.3,126,1987,"Crime, Drama",176190,1987-12-11,"Oliver Stone",,
538,tt0168122,2018-09-12,2018-09-12,,"Pirates of Silicon Valley","Pirates of Silicon Valley",https://www.imdb.com/title/tt0168122/,TV Movie,7.2,95,1999,"Biography, Drama, History",26350,1999-06-20,"Martyn Burke",,
539,tt2378281,2018-09-13,2018-09-13,,"Instructions Not Included","No se aceptan devoluciones",https://www.imdb.com/title/tt2378281/,Movie,7.5,122,2013,"Comedy, Drama",34829,2013-09-06,"Eugenio Derbez",,
540,tt0112453,2018-09-16,2018-09-16,,"Balto","Balto",https://www.imdb.com/title/tt0112453/,Movie,7.1,78,1995,"Animation, Adventure, Drama, Family, History",52565,1995-12-22,"Simon Wells",,
541,tt2911342,2018-09-16,2018-09-16,,"Dragon Nest: Warriors' Dawn","Long Zhi Gu: Po Xiao Qi Bing",https://www.imdb.com/title/tt2911342/,Movie,6.3,88,2014,"Animation, Action, Adventure, Family, Fantasy",3625,2014-07-31,"Yuefeng Song",,
542,tt2573198,2018-09-16,2018-09-16,,"Hal","Haru",https://www.imdb.com/title/tt2573198/,Movie,6.6,60,2013,"Animation, Drama, Romance, Sci-Fi",2232,2013-06-08,"Ryôtarô Makihara",,
543,tt0102587,2018-09-16,2018-09-16,,"Only Yesterday","Omohide poro poro",https://www.imdb.com/title/tt0102587/,Movie,7.6,119,1991,"Animation, Drama, Romance",43230,2016-02-26,"Isao Takahata",,
544,tt5843838,2018-09-17,2018-09-17,,"Max 2: White House Hero","Max 2: White House Hero",https://www.imdb.com/title/tt5843838/,Movie,5.2,85,2017,"Action, Family",1995,2017-05-09,"Brian Levant",,
545,tt1935065,2018-09-18,2018-09-18,,"Not Suitable for Children","Not Suitable for Children",https://www.imdb.com/title/tt1935065/,Movie,5.8,97,2012,"Comedy, Romance",5443,2012-07-12,"Peter Templeman",,
546,tt2910904,2018-09-18,2018-09-18,,"The Dressmaker","The Dressmaker",https://www.imdb.com/title/tt2910904/,Movie,7.0,119,2015,"Comedy, Drama",71604,2015-10-29,"Jocelyn Moorhouse",,
547,tt0119472,2018-09-21,2018-09-21,,"Knockin' on Heaven's Door","Knockin' on Heaven's Door",https://www.imdb.com/title/tt0119472/,Movie,7.8,87,1997,"Action, Crime, Comedy, Drama",37506,1997-02-20,"Thomas Jahn",,
548,tt0268690,2018-10-06,2018-10-06,,"13 Conversations About One Thing","Thirteen Conversations About One Thing",https://www.imdb.com/title/tt0268690/,Movie,7.0,104,2001,"Drama",10681,2002-07-05,"Jill Sprecher",,
549,tt2870708,2018-10-18,2018-10-18,,"Wish I Was Here","Wish I Was Here",https://www.imdb.com/title/tt2870708/,Movie,6.6,106,2014,"Comedy, Drama",39926,2014-07-25,"Zach Braff",,
550,tt0458352,2018-10-18,2018-10-18,,"The Devil Wears Prada","The Devil Wears Prada",https://www.imdb.com/title/tt0458352/,Movie,7.0,109,2006,"Comedy, Drama",574095,2006-06-30,"David Frankel",,
551,tt0108330,2018-10-27,2018-10-27,,"This Boy's Life","This Boy's Life",https://www.imdb.com/title/tt0108330/,Movie,7.2,115,1993,"Biography, Drama",63154,1993-04-23,"Michael Caton-Jones",,
552,tt0490204,2018-10-27,2018-10-27,,"Reign Over Me","Reign Over Me",https://www.imdb.com/title/tt0490204/,Movie,7.4,124,2007,"Drama",106038,2007-03-23,"Mike Binder",,
553,tt0107206,2018-10-28,2018-10-28,,"In the Line of Fire","In the Line of Fire",https://www.imdb.com/title/tt0107206/,Movie,7.2,128,1993,"Action, Crime, Drama, Thriller",124733,1993-07-09,"Wolfgang Petersen",,
554,tt0112579,2018-10-28,2018-10-28,,"The Bridges of Madison County","The Bridges of Madison County",https://www.imdb.com/title/tt0112579/,Movie,7.6,135,1995,"Drama, Romance",98218,1995-06-02,"Clint Eastwood",,
555,tt2083383,2018-10-28,2018-10-28,,"Trouble with the Curve","Trouble with the Curve",https://www.imdb.com/title/tt2083383/,Movie,6.8,111,2012,"Drama, Romance, Sport",72896,2012-09-21,"Robert Lorenz",,
556,tt0480242,2018-10-30,2018-10-30,,"Dan in Real Life","Dan in Real Life",https://www.imdb.com/title/tt0480242/,Movie,6.8,98,2007,"Comedy, Drama, Romance",111870,2007-10-26,"Peter Hedges",,
557,tt0862846,2018-10-30,2018-10-30,,"Sunshine Cleaning","Sunshine Cleaning",https://www.imdb.com/title/tt0862846/,Movie,6.8,91,2008,"Comedy, Drama",76518,2009-04-17,"Christine Jeffs",,
558,tt1460743,2018-11-23,2018-11-23,,"Reign of Assassins","Jian yu",https://www.imdb.com/title/tt1460743/,Movie,6.8,117,2010,"Action, Adventure",9664,2010-09-28,"Chao-Bin Su, John Woo",,
559,tt0108122,2018-12-24,2018-12-24,,"Short Cuts","Short Cuts",https://www.imdb.com/title/tt0108122/,Movie,7.6,188,1993,"Comedy, Drama",50410,1993-10-01,"Robert Altman",,
560,tt0102753,2019-01-01,2019-01-01,,"Rambling Rose","Rambling Rose",https://www.imdb.com/title/tt0102753/,Movie,6.5,112,1991,"Drama",6192,1991-09-20,"Martha Coolidge",,
561,tt0089767,2019-01-01,2019-01-01,,"Pale Rider","Pale Rider",https://www.imdb.com/title/tt0089767/,Movie,7.3,115,1985,"Drama, Western",71848,1985-06-28,"Clint Eastwood",,
562,tt0116041,2019-01-01,2019-01-01,,"The Daytrippers","The Daytrippers",https://www.imdb.com/title/tt0116041/,Movie,7.1,87,1996,"Comedy, Drama",9197,1997-03-05,"Greg Mottola",,
563,tt0838283,2019-01-01,2019-01-01,,"Step Brothers","Step Brothers",https://www.imdb.com/title/tt0838283/,Movie,6.9,98,2008,"Comedy",345483,2008-07-25,"Adam McKay",,
564,tt0357413,2019-01-01,2019-01-01,,"Anchorman: The Legend of Ron Burgundy","Anchorman: The Legend of Ron Burgundy",https://www.imdb.com/title/tt0357413/,Movie,7.1,94,2004,"Comedy",405407,2004-07-09,"Adam McKay",,
565,tt0356680,2019-01-03,2019-01-03,,"The Family Stone","The Family Stone",https://www.imdb.com/title/tt0356680/,Movie,6.3,103,2005,"Comedy, Drama, Romance",91273,2005-12-16,"Thomas Bezucha",,
566,tt2463512,2019-01-03,2019-01-03,,"Hateship Loveship","Hateship Loveship",https://www.imdb.com/title/tt2463512/,Movie,6.2,104,2013,"Drama, Romance",7548,2014-06-12,"Liza Johnson",,
567,tt6412452,2019-01-03,2019-01-03,,"The Ballad of Buster Scruggs","The Ballad of Buster Scruggs",https://www.imdb.com/title/tt6412452/,Movie,7.2,133,2018,"Comedy, Drama, Musical, Mystery, Western",187445,2018-11-09,"Ethan Coen, Joel Coen",,
568,tt0190590,2019-01-03,2019-01-03,,"O Brother, Where Art Thou?","O Brother, Where Art Thou?",https://www.imdb.com/title/tt0190590/,Movie,7.7,107,2000,"Adventure, Comedy, Crime, Drama, Music",356064,2001-02-02,"Joel Coen, Ethan Coen",,
569,tt0101410,2019-01-03,2019-01-03,,"Barton Fink","Barton Fink",https://www.imdb.com/title/tt0101410/,Movie,7.6,116,1991,"Comedy, Drama, Thriller",136648,1991-08-21,"Joel Coen, Ethan Coen",,
570,tt0112818,2019-01-06,2019-01-06,,"Dead Man Walking","Dead Man Walking",https://www.imdb.com/title/tt0112818/,Movie,7.5,122,1995,"Crime, Drama",109777,1996-02-02,"Tim Robbins",,
571,tt0158371,2019-01-06,2019-01-06,,"Sweet and Lowdown","Sweet and Lowdown",https://www.imdb.com/title/tt0158371/,Movie,7.1,95,1999,"Comedy, Drama, Music",37238,2000-03-10,"Woody Allen",,
572,tt0113870,2019-01-06,2019-01-06,,"Murder in the First","Murder in the First",https://www.imdb.com/title/tt0113870/,Movie,7.3,122,1995,"Drama, Thriller",33317,1995-01-20,"Marc Rocco",,
573,tt0109642,2019-01-10,2019-01-10,,"Dolores Claiborne","Dolores Claiborne",https://www.imdb.com/title/tt0109642/,Movie,7.4,132,1995,"Crime, Drama, Mystery, Thriller",54117,1995-03-24,"Taylor Hackford",,
574,tt1554091,2019-01-10,2019-01-10,,"A Better Life","A Better Life",https://www.imdb.com/title/tt1554091/,Movie,7.2,98,2011,"Drama, Romance",17170,2011-07-28,"Chris Weitz",,
575,tt0431197,2019-01-10,2019-01-10,,"The Kingdom","The Kingdom",https://www.imdb.com/title/tt0431197/,Movie,7.0,110,2007,"Action, Drama, Thriller",138303,2007-09-28,"Peter Berg",,
576,tt0327137,2019-01-23,2019-01-23,,"Secondhand Lions","Secondhand Lions",https://www.imdb.com/title/tt0327137/,Movie,7.5,109,2003,"Comedy, Drama, Family",66855,2003-09-19,"Tim McCanlies",,
577,tt0098536,2019-01-23,2019-01-23,,"Turner & Hooch","Turner & Hooch",https://www.imdb.com/title/tt0098536/,Movie,6.2,100,1989,"Comedy, Crime, Drama, Thriller",81896,1989-07-28,"Roger Spottiswoode",,
578,tt0177858,2019-01-23,2019-01-23,,"In July","Im Juli",https://www.imdb.com/title/tt0177858/,Movie,7.6,99,2000,"Adventure, Comedy, Romance",23650,2000-08-24,"Fatih Akin",,
579,tt0119535,2019-01-24,2019-01-24,,"A Life Less Ordinary","A Life Less Ordinary",https://www.imdb.com/title/tt0119535/,Movie,6.3,103,1997,"Comedy, Crime, Fantasy, Romance",38648,1997-10-24,"Danny Boyle",,
580,tt1126590,2019-01-24,2019-01-24,,"Big Eyes","Big Eyes",https://www.imdb.com/title/tt1126590/,Movie,6.9,106,2014,"Biography, Crime, Drama, Romance",105478,2014-12-25,"Tim Burton",,
581,tt2582502,2019-01-30,2019-01-30,,"Fathers & Daughters","Fathers & Daughters",https://www.imdb.com/title/tt2582502/,Movie,7.0,116,2015,"Drama",31262,2016-07-08,"Gabriele Muccino",,
582,tt3007512,2019-01-30,2019-01-30,,"The Water Diviner","The Water Diviner",https://www.imdb.com/title/tt3007512/,Movie,7.0,111,2014,"Drama, History, War",81446,2014-12-26,"Russell Crowe",,
583,tt1458175,2019-01-30,2019-01-30,,"The Next Three Days","The Next Three Days",https://www.imdb.com/title/tt1458175/,Movie,7.3,133,2010,"Action, Crime, Drama, Romance, Thriller",216963,2010-11-19,"Paul Haggis",,
584,tt6266538,2019-01-30,2019-01-30,,"Vice","Vice",https://www.imdb.com/title/tt6266538/,Movie,7.2,132,2018,"Biography, Comedy, Drama, History",177004,2018-12-25,"Adam McKay",,
585,tt0316356,2019-01-31,2019-01-31,,"Open Range","Open Range",https://www.imdb.com/title/tt0316356/,Movie,7.4,139,2003,"Action, Drama, Romance, Western",85570,2003-08-15,"Kevin Costner",,
586,tt0086425,2019-02-07,2019-02-07,,"Terms of Endearment","Terms of Endearment",https://www.imdb.com/title/tt0086425/,Movie,7.4,132,1983,"Comedy, Drama",71518,1983-12-09,"James L. Brooks",,
587,tt0285823,2019-02-19,2019-02-19,,"Once Upon a Time in Mexico","Once Upon a Time in Mexico",https://www.imdb.com/title/tt0285823/,Movie,6.3,102,2003,"Action, Crime, Thriller",177760,2003-09-12,"Robert Rodriguez",,
588,tt0033467,2019-04-19,2019-04-19,,"Citizen Kane","Citizen Kane",https://www.imdb.com/title/tt0033467/,Movie,8.2,119,1941,"Drama, Mystery",497344,1941-09-05,"Orson Welles",,
589,tt6857112,2019-04-23,2019-04-23,,"Us","Us",https://www.imdb.com/title/tt6857112/,Movie,6.8,116,2019,"Horror, Mystery, Thriller",400917,2019-03-22,"Jordan Peele",,
590,tt4135218,2019-05-01,2019-05-01,,"Cyberbully","Cyberbully",https://www.imdb.com/title/tt4135218/,TV Movie,6.7,62,2015,"Crime, Drama, Mystery, Thriller",8217,2015-01-15,"Ben Chanan",,
591,tt0118789,2019-05-06,2019-05-06,,"Buffalo '66","Buffalo '66",https://www.imdb.com/title/tt0118789/,Movie,7.4,110,1998,"Comedy, Drama, Romance",67731,1998-06-26,"Vincent Gallo",,
592,tt0094226,2019-05-18,2019-05-18,,"The Untouchables","The Untouchables",https://www.imdb.com/title/tt0094226/,Movie,7.8,119,1987,"Crime, Drama, Thriller",357549,1987-06-03,"Brian De Palma",,
593,tt2066051,2019-06-03,2019-06-03,,"Rocketman","Rocketman",https://www.imdb.com/title/tt2066051/,Movie,7.3,121,2019,"Biography, Drama, Music, Musical",212385,2019-05-31,"Dexter Fletcher",,
594,tt0114272,2019-06-06,2019-06-06,,"Restoration","Restoration",https://www.imdb.com/title/tt0114272/,Movie,6.6,117,1995,"Biography, Drama, History, Romance",10491,1996-02-02,"Michael Hoffman",,
595,tt0106926,2019-06-06,2019-06-06,,"Flesh and Bone","Flesh and Bone",https://www.imdb.com/title/tt0106926/,Movie,6.3,126,1993,"Drama, Mystery, Romance",6620,1993-11-05,"Steve Kloves",,
596,tt4459156,2019-06-07,2019-06-07,,"55 Steps","55 Steps",https://www.imdb.com/title/tt4459156/,Movie,7.0,115,2017,"Biography, Drama",4116,2018-05-03,"Bille August",,
597,tt7264080,2019-06-20,2019-06-20,,"I Love You, Daddy","I Love You, Daddy",https://www.imdb.com/title/tt7264080/,Movie,6.3,123,2017,"Comedy, Drama",4926,2017-11-17,"Louis C.K.",,
598,tt1272878,2019-06-20,2019-06-20,,"2 Guns","2 Guns",https://www.imdb.com/title/tt1272878/,Movie,6.7,109,2013,"Action, Comedy, Crime, Thriller",239541,2013-08-02,"Baltasar Kormákur",,
599,tt0120034,2019-06-24,2019-06-24,,"For Roseanna","Roseanna's Grave",https://www.imdb.com/title/tt0120034/,Movie,7.1,98,1997,"Comedy, Romance, Drama",3612,1997-06-18,"Paul Weiland",,
600,tt0247613,2019-06-27,2019-06-27,,"Peppermint Candy","Bakhasatang",https://www.imdb.com/title/tt0247613/,Movie,7.6,129,1999,"Drama",13047,2000-01-01,"Lee Chang-dong",,
601,tt1486217,2019-07-12,2019-07-12,,"Archer","Archer",https://www.imdb.com/title/tt1486217/,TV Series,8.6,22,2009,"Animation, Action, Comedy",177037,2009-09-17,,,
602,tt2396589,2019-08-14,2019-08-14,,"Mudbound","Mudbound",https://www.imdb.com/title/tt2396589/,Movie,7.4,134,2017,"Drama, War",58151,2017-11-17,"Dee Rees",,
603,tt8515062,2019-10-10,2019-10-10,,"Asobi Asobase: Workshop of Fun","Asobi Asobase",https://www.imdb.com/title/tt8515062/,TV Series,8.0,24,2018,"Animation, Comedy",2319,2018-07-08,,,
604,tt0105151,2019-10-24,2019-10-24,,"The Player","The Player",https://www.imdb.com/title/tt0105151/,Movie,7.5,124,1992,"Comedy, Crime, Drama, Thriller",73201,1992-05-08,"Robert Altman",,
605,tt0156794,2019-10-24,2019-10-24,,"Eternity and a Day","Mia aioniotita kai mia mera",https://www.imdb.com/title/tt0156794/,Movie,7.8,137,1998,"Drama",16546,1999-05-28,"Theodoros Angelopoulos",,
606,tt0101985,2019-10-24,2019-10-24,,"A Brighter Summer Day","Guling jie shaonian sharen shijian",https://www.imdb.com/title/tt0101985/,Movie,8.2,237,1991,"Crime, Drama, Romance",15473,2011-11-25,"Edward Yang",,
607,tt0089469,2019-11-01,2019-11-01,,"Legend","Legend",https://www.imdb.com/title/tt0089469/,Movie,6.3,89,1985,"Adventure, Fantasy, Romance",81446,1986-04-18,"Ridley Scott",,
608,tt6083230,2019-11-19,2019-11-19,,"Little Forest","Liteul poleseuteu",https://www.imdb.com/title/tt6083230/,Movie,7.3,103,2018,"Drama",5448,2018-02-28,"Soon-rye Yim",,
609,tt1610860,2019-12-28,2019-12-28,,"Rainbow: The Seven from Compound Two, Cell Six","Rainbow: Nishakubou no shichinin",https://www.imdb.com/title/tt1610860/,TV Series,8.2,30,2010,"Animation, Crime, Drama, History, Thriller",3930,2010-04-02,,,
610,tt3225270,2019-12-28,2019-12-28,,"Noragami","Noragami",https://www.imdb.com/title/tt3225270/,TV Series,7.8,24,2014,"Animation, Action, Adventure, Comedy, Fantasy",23600,2014-01-05,,,
611,tt2983564,2019-12-28,2019-12-28,,"The Garden of Sinners: Future Gospel","Kara no kyôkai: Mirai fukuin",https://www.imdb.com/title/tt2983564/,Movie,7.1,90,2013,"Animation, Drama, Fantasy, Horror, Romance",1161,2013-09-28,"Tomonori Sudô",,
612,tt1233474,2019-12-28,2019-12-28,,"The Garden of Sinners: The Hollow Shrine","Gekijô ban Kara no kyôkai: Dai yon shô - Garan no dô",https://www.imdb.com/title/tt1233474/,Movie,7.1,46,2008,"Animation, Action, Crime, Fantasy, Horror, Mystery",2171,2008-05-24,"Teiichi Takiguchi",,
613,tt0216817,2020-01-05,2020-01-05,,"Hum Saath-Saath Hain","Hum Saath-Saath Hain",https://www.imdb.com/title/tt0216817/,Movie,6.4,177,1999,"Drama, Musical",11268,1999-11-05,"Sooraj R. Barjatya",,
614,tt1677561,2020-02-08,2020-02-08,,"Colorful","Karafuru",https://www.imdb.com/title/tt1677561/,Movie,7.3,126,2010,"Animation, Drama, Fantasy, Mystery",8075,2010-08-21,"Keiichi Hara",,
615,tt7236034,2020-02-08,2020-02-08,,"I Want to Eat Your Pancreas","Kimi no suizô o tabetai",https://www.imdb.com/title/tt7236034/,Movie,8.1,109,2018,"Animation, Drama, Romance",38674,2018-09-01,"Shin'ichirô Ushijima",,
616,tt7339826,2020-02-08,2020-02-08,,"Maquia: When the Promised Flower Blooms","Sayonara no asa ni yakusoku no hana o kazarô",https://www.imdb.com/title/tt7339826/,Movie,7.4,115,2018,"Animation, Adventure, Drama, Fantasy, Romance",11329,2018-02-24,"Mari Okada, Toshiya Shinohara",,
617,tt3398268,2020-02-08,2020-02-08,,"When Marnie Was There","Omoide no Mânî",https://www.imdb.com/title/tt3398268/,Movie,7.6,103,2014,"Animation, Drama, Family, Mystery",56495,2015-08-07,"Hiromasa Yonebayashi",,
618,tt3155654,2020-03-16,2020-03-16,,"Hide and Seek","Sum-bakk-og-jil",https://www.imdb.com/title/tt3155654/,Movie,6.3,107,2013,"Crime, Horror, Mystery, Thriller",2680,2013-08-14,"Jung Huh",,
619,tt3697626,2020-03-16,2020-03-16,,"A Hard Day","Kkeutkkaji ganda",https://www.imdb.com/title/tt3697626/,Movie,7.2,111,2014,"Action, Crime, Thriller",18904,2014-05-29,"Kim Seong-hun",,
620,tt4647788,2020-03-16,2020-03-16,,"Coin Locker Girl","Chainataun",https://www.imdb.com/title/tt4647788/,Movie,6.7,110,2015,"Action, Crime, Drama, Thriller",2574,2015-04-29,"Han Jun-hee",,
621,tt3479250,2020-03-16,2020-03-16,,"Man in Love","Namjaga Saranghal Dae",https://www.imdb.com/title/tt3479250/,Movie,7.0,120,2014,"Drama, Romance",1414,2014-01-22,"Han Dong-wook",,
622,tt3215892,2020-03-19,2020-03-19,,"Secret Love","Bimil",https://www.imdb.com/title/tt3215892/,TV Series,7.9,,2013,"Drama, Romance",1912,2013-09-25,,,
623,tt1716777,2020-03-27,2020-03-27,,"People Like Us","People Like Us",https://www.imdb.com/title/tt1716777/,Movie,7.0,114,2012,"Comedy, Drama",45235,2012-06-29,"Alex Kurtzman",,
624,tt0119978,2020-04-07,2020-04-07,,"The Rainmaker","The Rainmaker",https://www.imdb.com/title/tt0119978/,Movie,7.2,135,1997,"Crime, Drama, Thriller",93798,1997-11-21,"Francis Ford Coppola",,
625,tt1841321,2020-04-16,2020-04-16,,"Secret Garden","Sikeurit Gadeun",https://www.imdb.com/title/tt1841321/,TV Series,8.0,60,2010,"Comedy, Drama, Fantasy, Romance",8921,2010-11-13,,,
626,tt3506970,2020-04-21,2020-04-21,,"1983","1983",https://www.imdb.com/title/tt3506970/,Movie,7.7,138,2014,"Drama, Sport",3420,2014-01-31,"Abrid Shine",,
627,tt7094780,2020-04-22,2020-04-22,,"Mr. Sunshine","Miseuteo Shunshain",https://www.imdb.com/title/tt7094780/,TV Series,8.7,80,2018,"Action, Drama, History, Romance, War",14415,2018-07-07,,,
628,tt2390253,2020-04-22,2020-04-22,,"A Muse","Eungyo",https://www.imdb.com/title/tt2390253/,Movie,6.6,129,2012,"Drama, Romance",3215,2012-04-25,"Jung Ji-woo",,
629,tt9466990,2020-04-22,2020-04-22,,"Touch Your Heart","Jinsimi Dadda",https://www.imdb.com/title/tt9466990/,TV Series,7.6,60,2019,"Comedy, Drama, Romance",6360,2019-01-15,,,
630,tt0451094,2020-05-02,2020-05-02,,"Sympathy for Lady Vengeance","Chinjeolhan Geumjassi",https://www.imdb.com/title/tt0451094/,Movie,7.5,115,2005,"Crime, Drama, Thriller",94687,2005-07-29,"Park Chan-wook",,
631,tt0379370,2020-05-05,2020-05-05,,"Maqbool","Maqbool",https://www.imdb.com/title/tt0379370/,Movie,8.0,132,2003,"Crime, Drama, Thriller",16386,2004-01-30,"Vishal Bhardwaj",,
632,tt4698684,2020-05-08,2020-05-08,,"Hunt for the Wilderpeople","Hunt for the Wilderpeople",https://www.imdb.com/title/tt4698684/,Movie,7.8,101,2016,"Adventure, Comedy, Drama, Family",156526,2016-07-01,"Taika Waititi",,
633,tt8020896,2020-05-11,2020-05-11,,"An Elephant Sitting Still","Da xiang xi di er zuo",https://www.imdb.com/title/tt8020896/,Movie,7.8,230,2018,"Crime, Drama",9509,2019-03-08,"Bo Hu",,
634,tt3395184,2020-05-14,2020-05-14,,"Spring","Spring",https://www.imdb.com/title/tt3395184/,Movie,6.7,109,2014,"Drama, Horror, Romance, Sci-Fi",34439,2015-03-20,"Justin Benson, Aaron Moorhead",,
635,tt7826376,2020-05-20,2020-05-20,,"Upload","Upload",https://www.imdb.com/title/tt7826376/,TV Series,7.7,30,2020,"Comedy, Mystery, Sci-Fi",91560,2020-05-01,,,
636,tt9680440,2020-05-20,2020-05-20,,"Paatal Lok","Paatal Lok",https://www.imdb.com/title/tt9680440/,TV Series,8.2,44,2020,"Action, Crime, Drama, Mystery, Thriller",76545,2020-05-15,,,
637,tt0816442,2020-05-23,2020-05-23,,"The Book Thief","The Book Thief",https://www.imdb.com/title/tt0816442/,Movie,7.5,131,2013,"Drama, War",148585,2013-11-27,"Brian Percival",,
638,tt1191111,2020-05-25,2020-05-25,,"Enter the Void","Enter the Void",https://www.imdb.com/title/tt1191111/,Movie,7.2,161,2009,"Drama, Fantasy",95760,2010-05-05,"Gaspar Noé",,
639,tt5584796,2020-05-29,2020-05-29,,"Tehran Taboo","Teheran Tabu",https://www.imdb.com/title/tt5584796/,Movie,7.1,96,2017,"Animation, Drama",5439,2017-11-16,"Ali Soozandeh",,
640,tt6212984,2020-06-18,2020-06-18,,"Parava","Parava",https://www.imdb.com/title/tt6212984/,Movie,8.0,147,2017,"Action, Comedy, Drama",5266,2017-09-21,"Soubin Shahir",,
641,tt9526826,2020-06-18,2020-06-18,,"Android Kunjappan Ver 5.25","Android Kunjappan Version 5.25",https://www.imdb.com/title/tt9526826/,Movie,8.0,140,2019,"Comedy, Drama, Sci-Fi",7709,2019-11-22,"Ratheesh Balakrishnan Poduval",,
642,tt0399146,2020-06-22,2020-06-22,,"A History of Violence","A History of Violence",https://www.imdb.com/title/tt0399146/,Movie,7.4,96,2005,"Action, Crime, Drama, Thriller",277689,2005-09-30,"David Cronenberg",,
643,tt8011276,2020-07-04,2020-07-04,,"Laila Majnu","Laila Majnu",https://www.imdb.com/title/tt8011276/,Movie,7.6,140,2018,"Drama, Romance",10453,2018-09-07,"Sajid Ali",,
644,tt1292594,2020-07-14,2020-07-14,,"Front of the Class","Front of the Class",https://www.imdb.com/title/tt1292594/,TV Movie,8.1,95,2008,"Biography, Drama",12025,2008-12-07,"Peter Werner",,
645,tt11854694,2020-07-17,2020-07-17,,"Special OPS","Special Ops",https://www.imdb.com/title/tt11854694/,TV Series,8.5,49,2020,"Action, Crime, Thriller",44567,2020-03-16,,,
646,tt4003440,2020-08-08,2020-08-08,,"The House That Jack Built","The House That Jack Built",https://www.imdb.com/title/tt4003440/,Movie,6.8,152,2018,"Crime, Drama, Horror",108234,2018-10-17,"Lars von Trier",,
647,tt9307686,2020-09-02,2020-09-02,,"Fire Force","Enen no Shôbôtai",https://www.imdb.com/title/tt9307686/,TV Series,7.6,23,2019,"Animation, Action, Drama, Fantasy",22137,2019-07-05,,,
648,tt4971344,2020-09-03,2020-09-03,,"The Sisters Brothers","The Sisters Brothers",https://www.imdb.com/title/tt4971344/,Movie,6.9,122,2018,"Drama, Western",76132,2018-10-19,"Jacques Audiard",,
649,tt9179096,2020-09-18,2020-09-18,,"Minamata","Minamata",https://www.imdb.com/title/tt9179096/,Movie,7.2,115,2020,"Drama",25301,2021-04-08,"Andrew Levitas",,
650,tt0192657,2020-11-11,2020-11-11,,"Shiri","Swiri",https://www.imdb.com/title/tt0192657/,Movie,6.5,125,1999,"Action, Thriller",8980,1999-02-13,"Kang Je-kyu",,
651,tt0056058,2020-11-15,2020-11-15,,"Harakiri","Seppuku",https://www.imdb.com/title/tt0056058/,Movie,8.6,133,1962,"Drama, Mystery",94577,1964-08-04,"Masaki Kobayashi",,
652,tt3289956,2020-12-21,2020-12-21,,"The Autopsy of Jane Doe","The Autopsy of Jane Doe",https://www.imdb.com/title/tt3289956/,Movie,6.8,86,2016,"Horror, Mystery, Thriller",169493,2016-12-21,"André Øvredal",,
653,tt0103855,2020-12-22,2020-12-22,,"The Bodyguard","The Bodyguard",https://www.imdb.com/title/tt0103855/,Movie,6.4,129,1992,"Drama, Music, Romance, Thriller",160553,1992-11-25,"Mick Jackson",,
654,tt0055630,2020-12-22,2020-12-22,,"Yojimbo","Yôjinbô",https://www.imdb.com/title/tt0055630/,Movie,8.2,110,1961,"Action, Drama, Thriller",144970,1961-09-13,"Akira Kurosawa",,
655,tt0066880,2021-01-04,2021-01-04,,"Calcutta 71","Calcutta 71",https://www.imdb.com/title/tt0066880/,Movie,8.0,132,1972,"Drama",386,1972-08,"Mrinal Sen",,
656,tt0102820,2021-01-07,2021-01-07,,"Rush","Rush",https://www.imdb.com/title/tt0102820/,Movie,6.7,120,1991,"Action, Crime, Drama, Romance, Thriller",11398,1992-01-17,"Lili Fini Zanuck",,
657,tt1649419,2021-02-13,2021-02-13,,"The Impossible","Lo imposible",https://www.imdb.com/title/tt1649419/,Movie,7.5,114,2012,"Drama, History, Thriller",268140,2013-01-04,"J.A. Bayona",,
658,tt0118842,2021-02-16,2021-02-16,,"Chasing Amy","Chasing Amy",https://www.imdb.com/title/tt0118842/,Movie,7.2,113,1997,"Comedy, Drama, Romance",149251,1997-04-18,"Kevin Smith",,
659,tt0165078,2021-02-24,2021-02-24,,"After Life","Wandafuru raifu",https://www.imdb.com/title/tt0165078/,Movie,7.6,119,1998,"Drama, Fantasy",16044,1999-04-17,"Hirokazu Koreeda",,
660,tt0419887,2021-02-24,2021-02-24,,"The Kite Runner","The Kite Runner",https://www.imdb.com/title/tt0419887/,Movie,7.5,128,2007,"Drama",85648,2008-01-11,"Marc Forster",,
661,tt0107282,2021-02-24,2021-02-24,,"The Joy Luck Club","The Joy Luck Club",https://www.imdb.com/title/tt0107282/,Movie,7.7,139,1993,"Drama",19893,1993-10-29,"Wayne Wang",,
662,tt1613062,2021-02-25,2021-02-25,,"The Music Never Stopped","The Music Never Stopped",https://www.imdb.com/title/tt1613062/,Movie,7.5,105,2011,"Drama, Music",9160,2011-10-27,"Jim Kohlberg",,
663,tt0088933,2021-02-26,2021-02-26,,"Cocoon","Cocoon",https://www.imdb.com/title/tt0088933/,Movie,6.7,117,1985,"Comedy, Drama, Sci-Fi",74183,1985-06-21,"Ron Howard",,
664,tt0491747,2021-02-26,2021-02-26,,"Away from Her","Away from Her",https://www.imdb.com/title/tt0491747/,Movie,7.5,110,2006,"Drama",23915,2007-05-25,"Sarah Polley",,
665,tt0101545,2021-04-19,2021-04-19,,"Career Opportunities","Career Opportunities",https://www.imdb.com/title/tt0101545/,Movie,5.8,83,1991,"Comedy, Romance",21542,1991-03-29,"Bryan Gordon",,
666,tt1618447,2021-05-23,2021-05-23,,"Goodbye First Love","Un amour de jeunesse",https://www.imdb.com/title/tt1618447/,Movie,6.7,110,2011,"Drama, Romance",6001,2011-07-06,"Mia Hansen-Løve",,
667,tt1714915,2021-05-23,2021-05-23,,"Only Lovers Left Alive","Only Lovers Left Alive",https://www.imdb.com/title/tt1714915/,Movie,7.2,123,2013,"Comedy, Drama, Fantasy, Horror, Romance",116879,2013-12-25,"Jim Jarmusch",,
668,tt0985285,2021-06-12,2021-06-12,,"Ghost Hunt","Ghost Hunt",https://www.imdb.com/title/tt0985285/,TV Series,7.4,25,2006,"Animation, Comedy, Drama, Horror, Mystery, Thriller",1804,2006-10-03,,,
669,tt12392504,2021-06-18,2021-06-18,,"Scam 1992: The Harshad Mehta Story","Scam 1992: The Harshad Mehta Story",https://www.imdb.com/title/tt12392504/,TV Mini Series,9.2,60,2020,"Biography, Crime, Drama, Thriller",175429,2020-10-09,,,
670,tt9058134,2021-07-01,2021-07-01,,"Kengan Ashura","Kengan Ashura",https://www.imdb.com/title/tt9058134/,TV Series,7.9,,2019,"Animation, Action, Sport",9398,2019-07-31,,,
671,tt8673610,2021-08-21,2021-08-21,,"Cells at Work!","Hataraku Saibou",https://www.imdb.com/title/tt8673610/,TV Series,7.5,24,2018,"Animation, Action, Adventure, Comedy, Fantasy",3774,2018-07-08,,,
672,tt0120764,2022-01-29,2022-01-29,,"My Favorite Martian","My Favorite Martian",https://www.imdb.com/title/tt0120764/,Movie,5.1,94,1999,"Comedy, Family, Sci-Fi",15270,1999-02-12,"Donald Petrie",,
673,tt1540133,2022-02-09,2022-02-09,,"The Guard","The Guard",https://www.imdb.com/title/tt1540133/,Movie,7.3,96,2011,"Comedy, Crime, Thriller",102561,2011-07-07,"John Michael McDonagh",,
674,tt1632547,2022-02-20,2022-02-20,,"Cold Fish","Tsumetai nettaigyo",https://www.imdb.com/title/tt1632547/,Movie,7.1,146,2010,"Crime, Drama, Horror, Thriller",16389,2011-07-06,"Sion Sono",,
675,tt0456470,2022-02-22,2022-02-22,,"The Bow","Hwal",https://www.imdb.com/title/tt0456470/,Movie,7.0,90,2005,"Drama, Romance",12280,2005-05-12,"Kim Ki-duk",,
676,tt0386676,2022-02-27,2022-02-27,,"The Office","The Office",https://www.imdb.com/title/tt0386676/,TV Series,9.0,22,2005,"Comedy",853262,2005-03-24,,,
677,tt0141842,2022-04-10,2022-04-10,,"The Sopranos","The Sopranos",https://www.imdb.com/title/tt0141842/,TV Series,9.2,55,1999,"Crime, Drama",599550,1999-01-10,,,
678,tt7136968,2022-04-16,2022-04-16,,"Aho Girl","Aho Girl",https://www.imdb.com/title/tt7136968/,TV Mini Series,6.6,12,2017,"Animation, Short, Comedy, Romance",1739,2017-07-04,,,
679,tt9402026,2022-05-01,2022-05-01,,"Run with the Wind","Kaze ga tsuyoku fuiteiru",https://www.imdb.com/title/tt9402026/,TV Series,8.3,23,2018,"Animation, Comedy, Sport",2495,2018-10-03,,,
680,tt0488414,2022-06-05,2022-06-05,,"Omkara","Omkara",https://www.imdb.com/title/tt0488414/,Movie,8.0,155,2006,"Action, Crime, Drama, Thriller",24288,2006-07-28,"Vishal Bhardwaj",,
681,tt0758790,2022-07-04,2022-07-04,,"The Tudors","The Tudors",https://www.imdb.com/title/tt0758790/,TV Series,8.1,60,2007,"Drama, History, Romance, War",88661,2007-04-01,,,
682,tt4869896,2022-07-20,2022-07-20,,"Overlord","Ôbârôdo",https://www.imdb.com/title/tt4869896/,TV Series,7.6,30,2015,"Animation, Action, Adventure, Fantasy, Sci-Fi",20325,2015-07-07,,,
683,tt0251439,2022-07-21,2022-07-21,,"Trigun","Trigun",https://www.imdb.com/title/tt0251439/,TV Series,8.2,24,1998,"Animation, Action, Adventure, Comedy, Drama, Sci-Fi",26889,2003-01,,,
684,tt0265459,2022-09-07,2022-09-07,,"One Hour Photo","One Hour Photo",https://www.imdb.com/title/tt0265459/,Movie,6.8,96,2002,"Drama, Thriller",141566,2002-09-13,"Mark Romanek",,
685,tt5320412,2022-10-01,2022-10-01,,"Moon Lovers: Scarlet Heart Ryeo","Dalui Yeonin - Bobogyungsim Ryeo",https://www.imdb.com/title/tt5320412/,TV Series,8.6,60,2016,"Action, Drama, Fantasy, Romance",16028,2016-08-29,,,
686,tt8254348,2022-10-04,2022-10-04,,"ImMATURE","ImMATURE",https://www.imdb.com/title/tt8254348/,TV Series,8.5,25,2019,"Comedy, Drama, Romance",11133,2019-02-18,,,
687,tt0411008,2022-10-09,2022-10-09,,"Lost","Lost",https://www.imdb.com/title/tt0411008/,TV Series,8.3,45,2004,"Adventure, Drama, Fantasy, Mystery, Sci-Fi, Thriller",683416,2004-09-22,,,
688,tt12477960,2022-10-09,2022-10-09,,"Go Ahead","Yi jia ren zhi ming",https://www.imdb.com/title/tt12477960/,TV Series,8.5,45,2020,"Comedy, Drama, Family, Romance",2462,2020-08-10,,,
689,tt22488728,2022-12-26,2022-12-26,,"Love Today","Love Today",https://www.imdb.com/title/tt22488728/,Movie,8.0,154,2022,"Comedy, Drama, Romance",18881,2022-11-04,"Pradeep Ranganathan, S.Vinoth",,
690,tt15117966,2022-12-26,2022-12-26,,"Unoloukik","Unoloukik",https://www.imdb.com/title/tt15117966/,TV Series,8.1,24,2021,"Drama, Mystery",1249,2021-07-12,,,
691,tt9834062,2023-02-23,2023-02-23,,"Ahaa Re","Ahaa Re",https://www.imdb.com/title/tt9834062/,Movie,7.1,150,2019,"Drama",445,2019-02-22,"Ranjan Ghosh",,
692,tt4232066,2023-02-26,2023-02-26,,"Once Again","Once Again",https://www.imdb.com/title/tt4232066/,Movie,6.9,101,2018,"Drama, Romance",1335,2018-09-01,"Kanwal Sethi",,
693,tt3525168,2023-04-23,2023-04-23,,"Dead in a Week (or Your Money Back)","Dead in a Week (or Your Money Back)",https://www.imdb.com/title/tt3525168/,Movie,6.3,90,2018,"Comedy, Drama",7751,2018-11-30,"Tom Edmunds",,
694,tt19868804,2023-05-06,2023-05-06,,"Jubilee","Jubilee",https://www.imdb.com/title/tt19868804/,TV Series,8.3,,2023,"Drama",5671,2023-04-06,,,
695,tt7660850,2023-05-29,2023-05-29,,"Succession","Succession",https://www.imdb.com/title/tt7660850/,TV Series,8.8,60,2018,"Comedy, Drama",369224,2018-06-03,,,
696,tt0173102,2023-07-12,2023-07-12,,"Raju Ban Gaya Gentleman","Raju Ban Gaya Gentleman",https://www.imdb.com/title/tt0173102/,Movie,6.7,152,1992,"Comedy, Drama, Musical, Romance",8956,1992-11-13,"Aziz Mirza",,
697,tt0346723,2023-07-29,2023-07-29,,"Chalte Chalte","Chalte Chalte",https://www.imdb.com/title/tt0346723/,Movie,6.5,167,2003,"Drama, Romance",17924,2003-06-13,"Aziz Mirza",,
698,tt0106333,2023-07-29,2023-07-29,,"Baazigar","Baazigar",https://www.imdb.com/title/tt0106333/,Movie,7.6,175,1993,"Crime, Drama, Musical, Romance, Thriller",32281,1993-11-12,"Abbas Alibhai Burmawalla, Mastan Alibhai Burmawalla",,
699,tt0331639,2023-07-29,2023-07-29,,"Shakthi: The Power","Shakthi: The Power",https://www.imdb.com/title/tt0331639/,Movie,6.1,170,2002,"Action, Drama, Thriller",5817,2002-09-20,"Krishna Vamsi",,
700,tt0222024,2023-07-29,2023-07-29,,"Hum Tumhare Hain Sanam","Hum Tumhare Hain Sanam",https://www.imdb.com/title/tt0222024/,Movie,5.4,174,2002,"Comedy, Drama, Romance",8551,2002-05-24,"K.S. Adiyaman, Sanjay Singh",,
701,tt0136153,2023-07-29,2023-07-29,,"English Babu Desi Mem","English Babu Desi Mem",https://www.imdb.com/title/tt0136153/,Movie,4.6,170,1996,"Comedy, Drama, Musical, Romance",2970,1996-01-26,"Praveen Nischol",,
702,tt7599146,2023-08-05,2023-08-05,,"Sound of Freedom","Sound of Freedom",https://www.imdb.com/title/tt7599146/,Movie,7.6,131,2023,"Biography, Crime, Drama, History, Thriller",139849,2023-07-04,"Alejandro Monteverde",,
703,tt0085218,2023-09-16,2023-09-16,,"Barefoot Gen","Hadashi no Gen",https://www.imdb.com/title/tt0085218/,Movie,8.0,83,1983,"Animation, Biography, Drama, History, War",10651,1992-06-13,"Mori Masaki",,
704,tt15009428,2023-09-30,2023-09-30,,"Argylle","Argylle",https://www.imdb.com/title/tt15009428/,Movie,5.6,139,2024,"Action, Adventure, Comedy, Thriller",102612,2024-02-02,"Matthew Vaughn",,
705,tt21927720,2023-10-08,2023-10-08,,"Undead Unluck","Undead Unluck",https://www.imdb.com/title/tt21927720/,TV Series,7.4,24,2023,"Animation, Action, Adventure, Comedy, Fantasy, Sci-Fi",3541,2023-10-06,,,
706,tt0081534,2023-10-28,2023-10-28,,"Somewhere in Time","Somewhere in Time",https://www.imdb.com/title/tt0081534/,Movie,7.2,103,1980,"Drama, Fantasy, Romance, Sci-Fi",37096,1980-10-03,"Jeannot Szwarc",,
707,tt7504726,2023-11-05,2023-11-05,,"The Call of the Wild","The Call of the Wild",https://www.imdb.com/title/tt7504726/,Movie,6.7,100,2020,"Adventure, Drama, Family",65250,2020-02-21,"Chris Sanders",,
708,tt2404385,2023-11-24,2023-11-24,,"Summer Snow","Summer Snow",https://www.imdb.com/title/tt2404385/,Movie,6.3,89,2014,"Drama",590,2014-07-25,"Jeremy White, Kendra White",,
709,tt9243946,2023-11-25,2023-11-25,,"El Camino","El Camino",https://www.imdb.com/title/tt9243946/,Movie,7.3,122,2019,"Crime, Drama, Thriller",353550,2019-10-11,"Vince Gilligan",,
710,tt7638348,2023-12-20,2023-12-20,,"Boss Level","Boss Level",https://www.imdb.com/title/tt7638348/,Movie,6.8,100,2020,"Action, Adventure, Comedy, Mystery, Sci-Fi, Thriller",92144,2021-03-05,"Joe Carnahan",,
711,tt0116136,2024-01-01,2024-01-01,,"DragonHeart","Dragonheart",https://www.imdb.com/title/tt0116136/,Movie,6.4,103,1996,"Action, Adventure, Fantasy",105567,1996-05-31,"Rob Cohen",,
712,tt20192230,2024-01-13,2024-01-13,,"Green Lantern: Beware My Power","Green Lantern: Beware My Power",https://www.imdb.com/title/tt20192230/,Movie,6.2,88,2022,"Animation, Action, Adventure, Sci-Fi",6710,2022-08-09,"Jeff Wamester",,
713,tt22769820,2024-01-13,2024-01-13,,"Legion of Super-Heroes","Legion of Super-Heroes",https://www.imdb.com/title/tt22769820/,Movie,5.9,83,2023,"Animation, Action, Sci-Fi",5892,2023-02-07,"Jeff Wamester",,
714,tt27687527,2024-01-13,2024-01-13,,"Justice League: Warworld","Justice League: Warworld",https://www.imdb.com/title/tt27687527/,Movie,5.3,89,2023,"Animation, Action, Adventure, Fantasy, Sci-Fi",6174,2023-07-25,"Jeff Wamester",,
715,tt3907584,2024-01-25,2024-01-25,,"All the Bright Places","All the Bright Places",https://www.imdb.com/title/tt3907584/,Movie,6.6,107,2020,"Drama, Romance",45983,2020-02-28,"Brett Haley",,
716,tt3173910,2024-01-29,2024-01-29,,"Hasee Toh Phasee","Hasee Toh Phasee",https://www.imdb.com/title/tt3173910/,Movie,6.8,141,2014,"Comedy, Romance",17887,2014-02-07,"Vinil Mathew",,
717,tt13634792,2024-02-29,2024-02-29,,"Mouse","Mauseu",https://www.imdb.com/title/tt13634792/,TV Series,8.6,80,2021,"Action, Crime, Drama, Mystery, Sci-Fi, Thriller",20195,2021-02-01,,,
718,tt13793230,2024-03-09,2024-03-09,,"Jaadugar","Jaadugar",https://www.imdb.com/title/tt13793230/,Movie,6.8,167,2022,"Comedy, Drama, Fantasy, Romance, Sport",12387,2022-07-15,"Sameer Saxena",,
719,tt27503384,2024-03-16,2024-03-16,,"Perfect Days","Perfect Days",https://www.imdb.com/title/tt27503384/,Movie,7.9,124,2023,"Drama",112744,2023-12-21,"Wim Wenders",,
720,tt2258858,2024-04-10,2024-04-10,,"Wadjda","Wadjda",https://www.imdb.com/title/tt2258858/,Movie,7.5,98,2012,"Comedy, Drama",22599,2013-05-16,"Haifaa Al-Mansour",,
721,tt5114356,2024-04-24,2024-04-24,,"Legion","Legion",https://www.imdb.com/title/tt5114356/,TV Series,8.1,60,2017,"Action, Sci-Fi, Thriller",104812,2017-02-08,,,
722,tt27802490,2024-04-28,2024-04-28,,"Exhuma","Pamyo",https://www.imdb.com/title/tt27802490/,Movie,6.9,134,2024,"Horror, Mystery",31426,2024-02-22,"Jang Jae-hyun",,
723,tt10869778,2024-05-06,2024-05-06,,"Maidaan","Maidaan",https://www.imdb.com/title/tt10869778/,Movie,7.9,181,2024,"Biography, Drama, History, Sport",23694,2024-04-10,"Amit Ravindernath Sharma",,
724,tt8329148,2024-05-13,2024-05-13,,"Terra Willy","Terra Willy: Planète inconnue",https://www.imdb.com/title/tt8329148/,Movie,6.6,89,2019,"Animation, Adventure, Comedy, Family, Sci-Fi",2808,2019-04-03,"Eric Tosti",,
725,tt21220930,2024-05-17,2024-05-17,,"A Holy Conspiracy","A Holy Conspiracy",https://www.imdb.com/title/tt21220930/,Movie,7.6,143,2022,"Drama",85,2022-07-29,"Saibal Mitra",,
726,tt1986906,2024-05-19,2024-05-19,,"Na Bolona","Na Bolona",https://www.imdb.com/title/tt1986906/,Movie,6.6,144,2006,"Romance",41,2006-04-07,"Didarul Alam Badal",,
727,tt9586294,2024-05-26,2024-05-26,,"Better Days","Shaonian de ni",https://www.imdb.com/title/tt9586294/,Movie,7.6,135,2019,"Crime, Drama, Romance, Thriller",17657,2019-10-25,"Derek Tsang",,
728,tt1017460,2024-05-26,2024-05-26,,"Splice","Splice",https://www.imdb.com/title/tt1017460/,Movie,5.8,104,2009,"Horror, Sci-Fi",107269,2010-06-04,"Vincenzo Natali",,
729,tt2358911,2024-05-31,2024-05-31,,"Berserk: The Golden Age Arc II - The Battle for Doldrey","Berserk: Ougon jidai-hen II - Dorudorei koryaku",https://www.imdb.com/title/tt2358911/,Movie,7.7,95,2012,"Animation, Action, Adventure, Drama, Fantasy, Horror",13582,2012-06-23,"Toshiyuki Kubooka",,
730,tt3006802,2024-08-10,2024-08-10,,"Outlander","Outlander",https://www.imdb.com/title/tt3006802/,TV Series,8.3,60,2014,"Adventure, Drama, Fantasy, Romance",205013,2014-08-09,,,
731,tt0091256,2024-08-25,2024-08-25,,"Permission","Ijaazat",https://www.imdb.com/title/tt0091256/,Movie,8.3,137,1987,"Drama, Musical, Romance",1950,1987-07-08,"Gulzar",,
732,tt4686844,2024-09-01,2024-09-01,,"The Death of Stalin","The Death of Stalin",https://www.imdb.com/title/tt4686844/,Movie,7.3,107,2017,"Comedy, Drama, History",128590,2018-03-09,"Armando Iannucci",,
733,tt0455590,2024-09-01,2024-09-01,,"The Last King of Scotland","The Last King of Scotland",https://www.imdb.com/title/tt0455590/,Movie,7.6,123,2006,"Biography, Drama, History, Thriller",207482,2007-01-19,"Kevin Macdonald",,
734,tt13911284,2024-09-01,2024-09-01,,"Hell's Paradise","Jigokuraku",https://www.imdb.com/title/tt13911284/,TV Series,8.1,25,2023,"Animation, Action, Adventure, Drama, Fantasy, Thriller",33564,2023-04-01,,,
735,tt0186894,2024-09-24,2024-09-24,,"Bounce","Bounce",https://www.imdb.com/title/tt0186894/,Movie,5.8,106,2000,"Drama, Romance",22864,2000-11-17,"Don Roos",,
736,tt0111845,2024-10-06,2024-10-06,,"Through the Olive Trees","Zire darakhatan zeyton",https://www.imdb.com/title/tt0111845/,Movie,7.7,103,1994,"Drama",12228,1995-01-25,"Abbas Kiarostami",,
737,tt9702698,2024-10-16,2024-10-16,,"Timeless Love","Timeless Love",https://www.imdb.com/title/tt9702698/,TV Movie,6.9,85,2019,"Drama, Romance",2474,2019-12-15,"Brian Brough",,
738,tt15422244,2024-10-24,2024-10-24,,"Saudi Vellakka","Saudi Vellakka",https://www.imdb.com/title/tt15422244/,Movie,8.0,137,2022,"Drama",2998,2022-12-02,"Tharun Moorthy",,
739,tt3748172,2024-12-15,2024-12-15,,"Gerald's Game","Gerald's Game",https://www.imdb.com/title/tt3748172/,Movie,6.5,103,2017,"Drama, Horror, Thriller",144204,2017-09-29,"Mike Flanagan",,
740,tt27511275,2024-12-15,2024-12-15,,"8 A.M. Metro","8 A.M. Metro",https://www.imdb.com/title/tt27511275/,Movie,7.7,116,2023,"Drama",2650,2023-05-19,"Raj Rachakonda",,
741,tt5768840,2024-12-28,2024-12-28,,"Bring It On, Ghost","Ssawooja Gwishina",https://www.imdb.com/title/tt5768840/,TV Series,7.6,60,2016,"Comedy, Fantasy, Horror, Romance",4395,2016-07-11,,,
742,tt27513017,2025-01-04,2025-01-04,,"Jaari","Jaari",https://www.imdb.com/title/tt27513017/,Movie,8.1,125,2023,"Drama",1242,2023-04-14,"Upendra Subba",,
743,tt31510539,2025-01-06,2025-01-06,,"Family Plan","Gajokgyehoek",https://www.imdb.com/title/tt31510539/,TV Series,8.0,,2024,"Action, Crime, Drama, Fantasy, Thriller",1882,2024-11-29,,,
744,tt0923703,2025-01-22,2025-01-22,,"Once in a Summer","Geuhae yeoreum",https://www.imdb.com/title/tt0923703/,Movie,7.2,121,2006,"Drama, Romance",1388,2006-11-30,"Geun-shik Jo",,
745,tt17374752,2025-01-31,2025-01-31,,"If My Wife Becomes an Elementary School Student.","Tsuma, Shogakusei ni Naru",https://www.imdb.com/title/tt17374752/,TV Series,8.2,54,2022,"Drama, Fantasy",454,2022-01-21,,,
746,tt12861212,2025-03-27,2025-03-27,,"Chhorii","Chhorii",https://www.imdb.com/title/tt12861212/,Movie,6.7,129,2021,"Drama, Horror, Mystery, Thriller",7405,2021-11-26,"Vishal Furia",,
747,tt0479997,2025-03-27,2025-03-27,,"Season of the Witch","Season of the Witch",https://www.imdb.com/title/tt0479997/,Movie,5.4,95,2011,"Action, Adventure, Fantasy",103617,2011-01-07,"Dominic Sena",,
748,tt1385826,2025-04-09,2025-04-09,,"The Adjustment Bureau","The Adjustment Bureau",https://www.imdb.com/title/tt1385826/,Movie,7.0,106,2011,"Crime, Drama, Mystery, Romance, Sci-Fi, Thriller",285318,2011-03-04,"George Nolfi",,
749,tt27540185,2025-04-28,2025-04-28,,"Chithha","Chithha",https://www.imdb.com/title/tt27540185/,Movie,8.2,140,2023,"Drama, Thriller",9746,2023-09-28,"S.U. Arun Kumar",,
750,tt0066763,2025-05-19,2025-05-19,,"Anand","Anand",https://www.imdb.com/title/tt0066763/,Movie,8.1,122,1971,"Drama, Musical",37992,1971-03-12,"Hrishikesh Mukherjee",,
751,tt0376127,2025-05-24,2025-05-24,,"Anniyan","Anniyan",https://www.imdb.com/title/tt0376127/,Movie,8.4,181,2005,"Action, Crime, Drama, Thriller",27068,2005-06-17,"Shankar Shanmugham",,
752,tt0109813,2025-05-26,2025-05-26,,"The Flintstones","The Flintstones",https://www.imdb.com/title/tt0109813/,Movie,5.1,91,1994,"Comedy, Family, Fantasy",93528,1994-05-27,"Brian Levant",,
753,tt20421722,2025-07-08,2025-07-08,,"Paap Punyo","Paap Punyo",https://www.imdb.com/title/tt20421722/,Movie,7.0,125,2022,"Drama, Family, Thriller",488,2022-05-20,"Giasuddin Selim",,
754,tt0106489,2025-07-20,2025-07-20,,"A Bronx Tale","A Bronx Tale",https://www.imdb.com/title/tt0106489/,Movie,7.8,121,1993,"Crime, Drama",190875,1993-10-01,"Robert De Niro",,
755,tt6388082,2025-08-01,2025-08-01,,"My Annoying Brother","Hyeong",https://www.imdb.com/title/tt6388082/,Movie,7.3,110,2016,"Comedy, Drama, Sport",4979,2016-12-09,"Kwon Su-kyung",,
756,tt3516378,2025-08-01,2025-08-01,,"Miss Granny","Soo-sang-han geun-yeo",https://www.imdb.com/title/tt3516378/,Movie,7.2,124,2014,"Comedy, Drama, Fantasy, Music",4810,2014-01-22,"Hwang Dong-hyuk",,
757,tt8075192,2025-08-01,2025-08-01,,"Shoplifters","Manbiki kazoku",https://www.imdb.com/title/tt8075192/,Movie,7.9,121,2018,"Crime, Drama, Thriller",96851,2018-11-23,"Hirokazu Koreeda",,
758,tt1087578,2025-08-01,2025-08-01,,"Still Walking","Aruitemo aruitemo",https://www.imdb.com/title/tt1087578/,Movie,7.9,115,2008,"Drama",21479,2008-06-28,"Hirokazu Koreeda",,
759,tt0938341,2025-08-01,2025-08-01,,"Tokyo Sonata","Tokyo Sonata",https://www.imdb.com/title/tt0938341/,Movie,7.6,120,2008,"Drama",14105,2008-09-27,"Kiyoshi Kurosawa",,
760,tt0460091,2025-08-08,2025-08-08,,"My Name Is Earl","My Name Is Earl",https://www.imdb.com/title/tt0460091/,TV Series,7.8,22,2005,"Comedy",117330,2005-09-20,,,
761,tt2395469,2025-08-16,2025-08-16,,"Gully Boy","Gully Boy",https://www.imdb.com/title/tt2395469/,Movie,7.9,154,2019,"Drama, Music, Romance",48066,2019-02-14,"Zoya Akhtar",,
762,tt0985344,2025-08-19,2025-08-19,,"Claymore","Kureimoa",https://www.imdb.com/title/tt0985344/,TV Series,8.0,24,2007,"Animation, Action, Adventure, Drama, Fantasy, Horror, Mystery",17469,2007-04-03,,,
763,tt28007064,2025-10-15,2025-10-15,,"Superboys of Malegaon","Superboys of Malegaon",https://www.imdb.com/title/tt28007064/,Movie,7.7,127,2024,"Comedy, Drama",9047,2025-02-28,"Reema Kagti",,
764,tt4088588,2025-10-17,2025-10-17,,"Rainbow","Dhanak",https://www.imdb.com/title/tt4088588/,Movie,7.8,106,2015,"Comedy, Drama",4913,2016-06-17,"Nagesh Kukunoor",,
765,tt14739128,2025-10-17,2025-10-17,,"My Lovely Angel","Naegen namu sojunghan neo",https://www.imdb.com/title/tt14739128/,Movie,7.6,100,2021,"Drama",1119,2021-05-12,"Sung-Mo Kwon, Chang-Won Lee",,
766,tt13097434,2025-10-30,2025-10-30,,"Colour Photo","Colour Photo",https://www.imdb.com/title/tt13097434/,Movie,8.1,140,2020,"Drama",8283,2020-10-23,"Sandeep Raj",,
767,tt2375692,2025-11-05,2025-11-05,,"Black Sails","Black Sails",https://www.imdb.com/title/tt2375692/,TV Series,8.2,60,2014,"Action, Adventure, Drama",127429,2014-01-25,,,
768,tt12477480,2025-11-24,2025-11-24,,"Decision to Leave","He-eo-jil gyeol-sim",https://www.imdb.com/title/tt12477480/,Movie,7.2,139,2022,"Crime, Drama, Mystery, Romance, Thriller",71664,2022-10-21,"Park Chan-wook",,
769,tt9683478,2025-11-24,2025-11-24,,"The Half of It","The Half of It",https://www.imdb.com/title/tt9683478/,Movie,6.9,104,2020,"Comedy, Drama",48130,2020-05-01,"Alice Wu",,
770,tt0113419,2025-12-02,2025-12-02,,"The Indian in the Cupboard","The Indian in the Cupboard",https://www.imdb.com/title/tt0113419/,Movie,6.0,96,1995,"Drama, Family, Fantasy",33503,1995-07-14,"Frank Oz",,
771,tt0054073,2026-02-14,2026-02-14,,"The Cloud-Capped Star","Meghe Dhaka Tara",https://www.imdb.com/title/tt0054073/,Movie,7.8,126,1960,"Drama",3763,1960-04-14,"Ritwik Ghatak",,
772,tt4680182,2026-02-16,2026-02-16,,"Colossal","Colossal",https://www.imdb.com/title/tt4680182/,Movie,6.2,109,2016,"Comedy, Drama, Fantasy, Horror, Sci-Fi",75886,2017-04-21,"Nacho Vigalondo",,
773,tt22817632,2026-02-17,2026-02-17,,"Heavenly Delusion","Tengoku daimakyô",https://www.imdb.com/title/tt22817632/,TV Series,7.9,24,2023,"Animation, Adventure, Mystery, Sci-Fi",11774,2023-04-01,,,
774,tt5774060,2026-03-06,2026-03-06,,"Underwater","Underwater",https://www.imdb.com/title/tt5774060/,Movie,5.9,95,2020,"Action, Adventure, Horror, Sci-Fi, Thriller",110518,2020-01-10,"William Eubank",,
775,tt27534307,2026-03-22,2026-03-22,,"Speak No Evil","Speak No Evil",https://www.imdb.com/title/tt27534307/,Movie,6.8,110,2024,"Drama, Horror, Thriller",148989,2024-09-13,"James Watkins",,
776,tt30144839,2026-03-22,2026-03-22,,"One Battle After Another","One Battle After Another",https://www.imdb.com/title/tt30144839/,Movie,7.6,161,2025,"Crime, Thriller",449336,2025-09-26,"Paul Thomas Anderson",,
777,tt3402138,2026-03-22,2026-03-22,,"The Naked Gun","The Naked Gun",https://www.imdb.com/title/tt3402138/,Movie,6.3,85,2025,"Action, Comedy, Crime",135935,2025-08-01,"Akiva Schaffer",,
778,tt16311594,2026-03-22,2026-03-22,,"F1: The Movie","F1",https://www.imdb.com/title/tt16311594/,Movie,7.6,155,2025,"Drama, Sport",395087,2025-06-27,"Joseph Kosinski",,
779,tt2222042,2026-04-05,2026-04-05,,"Love and Monsters","Love and Monsters",https://www.imdb.com/title/tt2222042/,Movie,6.9,109,2020,"Action, Adventure, Comedy, Fantasy, Sci-Fi",162437,2020-10-16,"Michael Matthews",,
780,tt0096028,2026-04-10,2026-04-10,,"Salaam Bombay!","Salaam Bombay!",https://www.imdb.com/title/tt0096028/,Movie,7.9,113,1988,"Crime, Drama",11351,1988-10-07,"Mira Nair",,
781,tt0286106,2026-04-16,2026-04-16,,"Signs","Signs",https://www.imdb.com/title/tt0286106/,Movie,6.8,106,2002,"Drama, Mystery, Sci-Fi, Thriller",419350,2002-08-02,"M. Night Shyamalan",,
782,tt33311069,2026-06-12,2026-06-12,,"The Furious","Huo zhe yan",https://www.imdb.com/title/tt33311069/,Movie,7.2,113,2025,"Action, Crime, Thriller",28047,2026-06-12,"Kenji Tanigaki",,
783,tt0142113,2026-06-15,2026-06-15,,"White Nights","Belye nochi",https://www.imdb.com/title/tt0142113/,Movie,7.1,95,1960,"Drama, Romance",476,1960-02-19,"Ivan Pyrev",,
784,tt0386064,2026-06-19,2026-06-19,,"Tae Guk Gi: The Brotherhood of War","Taegukgi hwinallimyeo",https://www.imdb.com/title/tt0386064/,Movie,8.0,140,2004,"Action, Drama, War",42572,2004-09-24,"Kang Je-kyu",,
785,tt32642156,2026-07-08,2026-07-08,,"The Shrinking Man","L'homme qui rétrécit",https://www.imdb.com/title/tt32642156/,Movie,5.8,99,2025,"Adventure, Drama, Sci-Fi",2320,2025-10-22,"Jan Kounen",,
786,tt0338490,2026-08-04,2026-08-04,,"3 Deewarein","3 Deewarein",https://www.imdb.com/title/tt0338490/,Movie,7.8,115,2003,"Crime, Drama",2778,2003-08-01,"Nagesh Kukunoor",,
787,tt36988358,2026-08-14,2026-08-14,,"Takopi's Original Sin","Takopii no genzai",https://www.imdb.com/title/tt36988358/,TV Mini Series,8.7,30,2025,"Animation, Drama, Sci-Fi",29988,2025-06-27,,,
788,tt30476518,2026-08-21,2026-08-21,,"Big World","Xiao xiao de wo",https://www.imdb.com/title/tt30476518/,Movie,7.6,131,2024,"Drama, Family",3460,2024-12-27,"Lina Yang",,
789,tt4530422,2026-09-12,2026-09-12,,"Overlord","Overlord",https://www.imdb.com/title/tt4530422/,Movie,6.6,110,2018,"Action, Horror, Sci-Fi, War",118131,2018-11-09,"Julius Avery",,
790,tt27369017,2026-09-12,2026-09-12,,"Hope","Hopeu",https://www.imdb.com/title/tt27369017/,Movie,6.8,160,2026,"Action, Horror",10390,2026-09-09,"Na Hong-jin",,
791,tt37535100,2026-10-03,2026-10-03,,"Bethlehem Kudumba Unit","Bethlehem Kudumba Unit",https://www.imdb.com/title/tt37535100/,Movie,8.2,157,2026,"Comedy, Drama, Romance",7605,2026-08-21,"Girish A.D.",,
