Const,Your Rating,Date Rated,Title,Original Title,URL,Title Type,IMDb Rating,Runtime (mins),Year,Genres,Num Votes,Release Date,Directors
tt27165187,7,2026-10-03,"The End of Oak Street","The End of Oak Street",https://www.imdb.com/title/tt27165187,Movie,6.2,99,2026,"Action, Adventure",71632,"2026-08-14","David Robert Mitchell"
tt32333324,6,2026-09-05,"Batman: Knightfall - Part 1: Knightfall","Batman: Knightfall - Part 1: Knightfall",https://www.imdb.com/title/tt32333324,Movie,7.8,78,2026,"Animation, Action, Adventure, Crime, Thriller, Drama",8709,"2026-08-25","Jeff Wamester"
tt29355505,7,2026-08-26,"Toy Story 5","Toy Story 5",https://www.imdb.com/title/tt29355505,Movie,7.3,102,2026,"Animation, Adventure, Comedy, Family, Fantasy",93183,"2026-06-19","Andrew Stanton,McKenna Harris"
tt32890033,6,2026-08-18,"Minions & Monsters","Minions & Monsters",https://www.imdb.com/title/tt32890033,Movie,6.3,90,2026,"Animation, Adventure, Comedy, Family",33856,"2026-07-01","Pierre Coffin"
tt22084616,9,2026-08-08,"Spider-Man: Brand New Day","Spider-Man: Brand New Day",https://www.imdb.com/title/tt22084616,Movie,8.0,145,2026,"Adventure, Action",317344,"2026-07-31","Destin Daniel Cretton"
tt8814476,6,2026-07-29,"Supergirl","Supergirl",https://www.imdb.com/title/tt8814476,Movie,5.8,108,2026,"Action, Adventure, Sci-Fi",110434,"2026-06-26","Craig Gillespie"
tt0482629,8,2026-07-26,"The Ultimate Gift","The Ultimate Gift",https://www.imdb.com/title/tt0482629,Movie,7.3,114,2006,"Drama, Family, Romance",23545,"2007-03-09","Michael O. Sajbel"
tt37287335,8,2026-07-04,"Obsession","Obsession",https://www.imdb.com/title/tt37287335,Movie,7.8,109,2025,"Horror, Thriller",387537,"2026-05-15","Curry Barker"
tt32565993,8,2026-07-01,"The Sheep Detectives","The Sheep Detectives",https://www.imdb.com/title/tt32565993,Movie,7.4,109,2026,"Comedy, Mystery, Family",118405,"2026-05-08","Kyle Balda"
tt14883538,6,2026-06-10,"Arco","Arco",https://www.imdb.com/title/tt14883538,Movie,7.2,88,2025,"Animation, Sci-Fi, Fantasy, Adventure",9413,"2025-11-14","Ugo Bienvenu"
tt0293429,6,2026-06-10,"Mortal Kombat","Mortal Kombat",https://www.imdb.com/title/tt0293429,Movie,6.1,110,2021,"Thriller, Sci-Fi, Adventure, Fantasy, Action",223404,"2021-04-23","Simon McQuoid"
tt17490712,7,2026-06-10,"Mortal Kombat II","Mortal Kombat II",https://www.imdb.com/title/tt17490712,Movie,6.3,116,2026,"Action, Adventure, Fantasy, Sci-Fi",92196,"2026-05-08","Simon McQuoid"
tt38792109,8,2026-05-26,"Bonolota Express","Bonolota Express",https://www.imdb.com/title/tt38792109,Movie,8.6,153,2026,"Drama",3593,"2026-03-21","Tanim Noor"
tt12042730,8,2026-05-15,"Project Hail Mary","Project Hail Mary",https://www.imdb.com/title/tt12042730,Movie,8.2,156,2026,"Sci-Fi, Adventure, Comedy",564967,"2026-03-20","Phil Lord,Christopher Miller"
tt5613056,8,2026-05-08,"Piper","Piper",https://www.imdb.com/title/tt5613056,Short,8.3,6,2016,"Animation, Short, Family",34259,"2016-06-17","Alan Barillaro"
tt14460998,9,2026-05-08,"Blush","Blush",https://www.imdb.com/title/tt14460998,Short,7.6,11,2021,"Animation, Short, Sci-Fi, Romance, Family, Drama",2696,"2021-10-01","Joe Mateo"
tt29552248,9,2026-05-08,"Swapped","Swapped",https://www.imdb.com/title/tt29552248,Movie,7.2,98,2026,"Animation, Adventure, Comedy, Family, Fantasy",25121,"2026-05-01","Nathan Greno"
tt26443616,8,2026-04-02,"Hoppers","Hoppers",https://www.imdb.com/title/tt26443616,Movie,7.2,104,2026,"Animation, Adventure, Comedy, Family, Sci-Fi",87181,"2026-03-06","Daniel Chong"
tt40389345,4,2026-03-22,"Meu","Meu",https://www.imdb.com/title/tt40389345,TV Movie,6.3,67,2026,"Drama",66,"2026-03-05","Atiq Zaman"
tt1527793,8,2026-03-21,"No Other Choice","Eo-jjeol su-ga eop-da",https://www.imdb.com/title/tt1527793,Movie,7.5,139,2025,"Comedy, Crime, Drama, Thriller",76355,"2026-01-16","Park Chan-wook"
tt14181714,5,2026-03-15,"The Bluff","The Bluff",https://www.imdb.com/title/tt14181714,Movie,5.8,103,2026,"Drama, Action, Adventure, History, Thriller",19907,"2026-02-25","Frank E. Flowers"
tt0860399,9,2026-03-10,"Duratta","Duratta",https://www.imdb.com/title/tt0860399,Movie,7.8,95,2006,"Drama",153,"2006","Morshedul Islam"
tt31227572,9,2026-03-06,"Predator: Badlands","Predator: Badlands",https://www.imdb.com/title/tt31227572,Movie,7.2,107,2025,"Sci-Fi, Action, Adventure, Thriller",170787,"2025-11-07","Dan Trachtenberg"
tt33046197,6,2026-03-06,"The Wrecking Crew","The Wrecking Crew",https://www.imdb.com/title/tt33046197,Movie,6.4,124,2026,"Comedy, Action, Crime, Mystery",55360,"2026-01-28","Ángel Manuel Soto"
tt14142060,7,2026-01-27,"Rental Family","Rental Family",https://www.imdb.com/title/tt14142060,Movie,7.5,109,2025,"Comedy, Drama",67477,"2025-11-21","Hikari"
tt26443597,9,2026-01-27,"Zootopia 2","Zootopia 2",https://www.imdb.com/title/tt26443597,Movie,7.3,108,2025,"Animation, Adventure, Comedy, Family, Mystery, Crime",156369,"2025-11-26","Jared Bush,Byron Howard"
tt26733325,7,2026-01-01,"Homebound","Homebound",https://www.imdb.com/title/tt26733325,Movie,7.9,119,2025,"Drama",14730,"2025-09-26","Neeraj Ghaywan"
tt1757678,7,2025-12-20,"Avatar: Fire and Ash","Avatar: Fire and Ash",https://www.imdb.com/title/tt1757678,Movie,7.2,197,2025,"Fantasy, Sci-Fi, Action, Adventure, Drama",213550,"2025-12-19","James Cameron"
tt30472557,7,2025-12-16,"Chainsaw Man - The Movie: Reze Arc","Gekijô-ban Chensô Man Reze-hen",https://www.imdb.com/title/tt30472557,Movie,8.3,100,2025,"Animation, Action, Adventure, Fantasy, Thriller, Comedy, Romance",69991,"2025-10-24","Tatsuya Yoshihara"
tt31844586,7,2025-12-16,"Sisu: Road to Revenge","Sisu 2",https://www.imdb.com/title/tt31844586,Movie,6.7,89,2025,"Action, War, Thriller",40032,"2025-11-21","Jalmari Helander"
tt33014583,7,2025-12-13,"Dhurandhar","Dhurandhar",https://www.imdb.com/title/tt33014583,Movie,8.2,214,2025,"Action, Crime, Thriller",151712,"2025-12-05","Aditya Dhar"
tt38937927,8,2025-11-27,"Tatsuki Fujimoto 17-26: Sasaki-kun ga Juudan Tometa","Tatsuki Fujimoto 17-26: Sasaki-kun ga Juudan Tometa",https://www.imdb.com/title/tt38937927,TV Episode,6.6,18,2025,"Animation, Drama, Fantasy, Sci-Fi",627,"2025-11-07","Nobukage Kimura"
tt38938498,8,2025-11-27,"Tatsuki Fujimoto 17-26: Nayuta of the Prophecy","Tatsuki Fujimoto 17-26: Nayuta of the Prophecy",https://www.imdb.com/title/tt38938498,TV Episode,8.3,20,2025,"Animation, Drama, Fantasy, Sci-Fi",563,"2025-11-07","Tetsuaki Watanabe,Kai Hasako"
tt38937930,8,2025-11-27,"Tatsuki Fujimoto 17-26: Shikaku","Tatsuki Fujimoto 17-26: Shikaku",https://www.imdb.com/title/tt38937930,TV Episode,8.1,18,2025,"Animation, Drama, Fantasy, Sci-Fi",621,"2025-11-07","Naoya Andô"
tt38491451,9,2025-11-27,"Tatsuki Fujimoto 17-26","Tatsuki Fujimoto 17-26",https://www.imdb.com/title/tt38491451,TV Series,7.9,,2025,"Animation, Drama, Fantasy, Sci-Fi",3223,"2025-11-07",
tt33372494,7,2025-11-16,"Lokah Chapter One: Chandra","Lokah Chapter 1: Chandra",https://www.imdb.com/title/tt33372494,Movie,7.6,151,2025,"Action, Fantasy",22883,"2025-08-28","Dominic Arun"
tt2436516,7,2025-11-14,"Go Goa Gone","Go Goa Gone",https://www.imdb.com/title/tt2436516,Movie,6.7,111,2013,"Comedy, Action, Adventure, Horror, Sci-Fi, Thriller",17526,"2013-05-10","Krishna D.K.,Raj Nidimoru"
tt1312221,8,2025-11-10,"Frankenstein","Frankenstein",https://www.imdb.com/title/tt1312221,Movie,7.4,149,2025,"Horror, Sci-Fi, Drama, Fantasy",340071,"2025-11-07","Guillermo del Toro"
tt26581740,8,2025-10-14,"Weapons","Weapons",https://www.imdb.com/title/tt26581740,Movie,7.4,128,2025,"Horror, Mystery",406643,"2025-08-08","Zach Cregger"
tt10676052,6,2025-09-29,"The Fantastic Four: First Steps","The Fantastic Four: First Steps",https://www.imdb.com/title/tt10676052,Movie,6.8,115,2025,"Adventure, Action, Sci-Fi",293344,"2025-07-25","Matt Shakman"
tt10857164,7,2025-09-27,"Ms. Marvel","Ms. Marvel",https://www.imdb.com/title/tt10857164,TV Mini Series,6.2,50,2022,"Action, Adventure, Comedy, Fantasy, Mystery, Sci-Fi, Family",134288,"2022-06-08",
tt16027014,7,2025-09-27,"Marvel Zombies","Marvel Zombies",https://www.imdb.com/title/tt16027014,TV Mini Series,7.0,32,2025,"Animation, Horror, Action, Adventure, Drama, Fantasy, Sci-Fi",26423,"2025-09-24",
tt34683290,7,2025-09-26,"The Ba***ds of Bollywood","The Ba***ds of Bollywood",https://www.imdb.com/title/tt34683290,TV Series,7.5,45,2025,"Adventure, Drama, Comedy, Action",42495,"2025-09-18",
tt4900148,7,2025-08-22,"Elio","Elio",https://www.imdb.com/title/tt4900148,Movie,6.6,98,2025,"Animation, Drama, Adventure, Family, Fantasy, Comedy, Sci-Fi",48691,"2025-06-20","Adrian Molina,Madeline Sharafian,Domee Shi"
tt30017619,6,2025-08-22,"The Bad Guys 2","The Bad Guys 2",https://www.imdb.com/title/tt30017619,Movie,7.0,104,2025,"Animation, Adventure, Comedy, Crime, Family, Mystery, Action",31725,"2025-08-01","Pierre Perifel,JP Sans"
tt32246771,8,2025-08-22,"Bring Her Back","Bring Her Back",https://www.imdb.com/title/tt32246771,Movie,7.1,104,2025,"Horror, Mystery",142439,"2025-05-30","Danny Philippou,Michael Philippou"
tt4110568,8,2025-08-22,"Dil Dhadakne Do","Dil Dhadakne Do",https://www.imdb.com/title/tt4110568,Movie,7.1,170,2015,"Drama, Romance, Comedy",22446,"2015-06-05","Zoya Akhtar"
tt31036941,7,2025-08-08,"Jurassic World: Rebirth","Jurassic World: Rebirth",https://www.imdb.com/title/tt31036941,Movie,5.8,133,2025,"Thriller, Action, Adventure, Sci-Fi",206585,"2025-07-02","Gareth Edwards"
tt37034643,9,2025-08-07,"Utshob","Utshob",https://www.imdb.com/title/tt37034643,Movie,8.4,113,2025,"Drama, Comedy, Family",3433,"2025-06-07","Tanim Noor"
tt34956443,6,2025-08-05,"Ne Zha 2","Nezha: Mo tong nao hai",https://www.imdb.com/title/tt34956443,Movie,7.9,144,2025,"Animation, Drama, Fantasy, Action, Adventure, Comedy",26061,"2025-01-29","Yu Yang"
tt10627720,7,2025-08-05,"Ne Zha","Nezha: Mo tong jiang shi",https://www.imdb.com/title/tt10627720,Movie,7.3,110,2019,"Animation, Fantasy, Thriller, Action, Adventure",24267,"2019-07-26","Yu Yang"
tt26471411,8,2025-08-05,"When Life Gives You Tangerines","Pokssak sogatsuda",https://www.imdb.com/title/tt26471411,TV Mini Series,9.0,60,2025,"Drama, History, Romance",43339,"2025-03-07",
tt32881480,10,2025-08-01,"A Brother and 7 Siblings","1 Kakak 7 Ponakan",https://www.imdb.com/title/tt32881480,Movie,8.0,129,2024,"Drama, Family",2768,"2025-07-10","Yandy Laurens"
tt0315327,10,2025-07-28,"Bruce Almighty","Bruce Almighty",https://www.imdb.com/title/tt0315327,Movie,6.8,101,2003,"Fantasy, Comedy",476394,"2003-05-23","Tom Shadyac"
tt1068680,10,2025-07-28,"Yes Man","Yes Man",https://www.imdb.com/title/tt1068680,Movie,6.8,104,2008,"Comedy, Romance",409481,"2008-12-19","Peyton Reed"
tt32820897,10,2025-07-24,"Demon Slayer: Kimetsu No Yaiba Infinity Castle","Gekijô-ban Kimetsu no Yaiba Mugen Jô-hen",https://www.imdb.com/title/tt32820897,Movie,8.4,155,2025,"Animation, Action, Adventure, Fantasy, Thriller",86091,"2025-09-12","Haruo Sotozaki,Hikaru Kondô"
tt4088328,8,2025-07-21,"Jalaler Golpo","Jalaler Golpo",https://www.imdb.com/title/tt4088328,Movie,7.7,121,2014,"Drama",2092,"2015-09-04","Abu Shahed Emon"
tt7399470,10,2025-07-19,"Qarib Qarib Single","Qarib Qarib Singlle",https://www.imdb.com/title/tt7399470,Movie,7.2,125,2017,"Romance, Comedy",11880,"2017-11-10","Tanuja Chandra"
tt5950044,8,2025-07-12,"Superman","Superman",https://www.imdb.com/title/tt5950044,Movie,7.0,129,2025,"Adventure, Sci-Fi, Action",448198,"2025-07-11","James Gunn"
tt13357520,6,2025-07-07,"Heads of State","Heads of State",https://www.imdb.com/title/tt13357520,Movie,6.4,116,2025,"Action, Thriller, Comedy, Adventure",72816,"2025-07-02","Ilya Naishuller"
tt33305312,6,2025-06-14,"Borbaad","Borbaad",https://www.imdb.com/title/tt33305312,Movie,6.9,139,2025,"Romance, Action, Thriller",18402,"2025-03-31","Mehedi Hassan Hridoy"
tt36293840,7,2025-06-14,"Taandob","Taandob",https://www.imdb.com/title/tt36293840,Movie,7.6,130,2025,"Action, Thriller",3773,"2025-06-07","Raihan Rafi"
tt29669189,9,2025-06-13,"Deyaler Desh","Deyaler Desh",https://www.imdb.com/title/tt29669189,Movie,6.7,139,2024,"Romance",327,"2024-04-11","Mishuk Moni"
tt23302840,7,2025-06-11,"Dui Diner Duniya","Dui Diner Duniya",https://www.imdb.com/title/tt23302840,Movie,7.2,85,2022,"Mystery",871,"2022-10-13","Anam Biswas"
tt6292852,9,2025-06-11,"I Am Mother","I Am Mother",https://www.imdb.com/title/tt6292852,Movie,6.7,113,2019,"Sci-Fi, Thriller, Drama, Mystery",107426,"2019-06-07","Grant Sputore"
tt36968329,7,2025-06-10,"Bohemian Ghora","Bohemian Ghora",https://www.imdb.com/title/tt36968329,TV Series,6.6,,2025,"Drama, Comedy",717,"2025-06-05",
tt36463894,7,2025-06-08,"Predator: Killer of Killers","Predator: Killer of Killers",https://www.imdb.com/title/tt36463894,Movie,7.4,85,2025,"Animation, Action, Sci-Fi, Thriller, Adventure",63500,"2025-06-06","Dan Trachtenberg,Joshua Wassung"
tt34936199,9,2025-06-08,"Daagi","Daagi",https://www.imdb.com/title/tt34936199,Movie,6.1,142,2025,"Action, Romance",11304,"2025-03-31","Shihab Shahin"
tt31951179,5,2025-06-06,"Jongli","Jongli",https://www.imdb.com/title/tt31951179,Movie,6.9,152,2025,"Action, Drama",4289,"2025-03-31","M Raahim"
tt0872123,9,2025-06-05,"Forever Flows","Nirontor",https://www.imdb.com/title/tt0872123,Movie,7.4,95,2006,"Drama",254,"2006-07-28","Abu Sayeed"
tt20969586,8,2025-05-26,"Thunderbolts*","Thunderbolts*",https://www.imdb.com/title/tt20969586,Movie,7.1,127,2025,"Action, Adventure, Sci-Fi, Crime, Drama, Fantasy",306975,"2025-05-02","Jake Schreier"
tt35523107,6,2025-05-24,"Dui Shaw","Dui Shaw",https://www.imdb.com/title/tt35523107,TV Series,7.5,35,2024,"Horror, Thriller",169,"2025-03",
tt6520954,6,2025-05-24,"Debi","Debi",https://www.imdb.com/title/tt6520954,Movie,7.7,107,2018,"Drama, Mystery, Horror",5551,"2018-11-09","Anam Biswas"
tt30701665,6,2025-05-24,"Kajolrekha","Kajolrekha",https://www.imdb.com/title/tt30701665,Movie,6.4,156,2024,"Musical, Fantasy, Romance",223,"2024-04-11","Giasuddin Selim"
tt5291604,7,2025-05-24,"Swapnajaal","Swapnajaal",https://www.imdb.com/title/tt5291604,Movie,7.7,141,2018,"Drama, Romance",1449,"2018-09-07","Giasuddin Selim"
tt0860454,10,2025-05-23,"MP3: Mera Pehla Pehla Pyaar","MP3: Mera Pehla Pehla Pyaar",https://www.imdb.com/title/tt0860454,Movie,7.0,118,2007,"Musical, Romance, Drama, Comedy",2489,"2007-06-08","Robbie Grewal"
tt10928202,8,2025-05-21,"Hawa","Hawa",https://www.imdb.com/title/tt10928202,Movie,7.6,131,2022,"Drama, Mystery",7580,"2022-07-29","Mejbaur Rahman Sumon"
tt29603959,7,2025-05-19,"Novocaine","Novocaine",https://www.imdb.com/title/tt29603959,Movie,6.5,110,2025,"Action, Thriller, Comedy, Crime",95702,"2025-03-14","Dan Berk,Robert Olsen"
tt31193180,7,2025-05-18,"Sinners","Sinners",https://www.imdb.com/title/tt31193180,Movie,7.5,137,2025,"Horror",529316,"2025-04-18","Ryan Coogler"
tt1233461,7,2025-05-10,"Miracle of Giving Fool","Babo",https://www.imdb.com/title/tt1233461,Movie,7.3,99,2008,"Comedy, Romance",1682,"2008-02-28","Kim Jeong-kwon"
tt0898367,8,2025-05-10,"The Road","The Road",https://www.imdb.com/title/tt0898367,Movie,7.2,111,2009,"Drama, Thriller",273965,"2009-12-18","John Hillcoat"
tt0298228,6,2025-05-05,"Whale Rider","Whale Rider",https://www.imdb.com/title/tt0298228,Movie,7.5,101,2002,"Family, Drama",44578,"2003-08-29","Niki Caro"
tt0113442,7,2025-05-05,"It Takes Two","It Takes Two",https://www.imdb.com/title/tt0113442,Movie,6.1,101,1995,"Romance, Family, Comedy",29202,"1995-11-17","Andy Tennant"
tt15716776,7,2025-04-25,"Devil May Cry","Devil May Cry",https://www.imdb.com/title/tt15716776,TV Series,7.5,30,2025,"Animation, Action, Adventure, Fantasy, Mystery",34440,"2025-04-03",
tt0295297,10,2025-04-20,"Harry Potter and the Chamber of Secrets","Harry Potter and the Chamber of Secrets",https://www.imdb.com/title/tt0295297,Movie,7.5,161,2002,"Mystery, Family, Adventure, Fantasy",779362,"2002-11-15","Chris Columbus"
tt1499658,7,2025-04-18,"Horrible Bosses","Horrible Bosses",https://www.imdb.com/title/tt1499658,Movie,6.9,98,2011,"Comedy, Crime",492267,"2011-07-08","Seth Gordon"
tt0086230,7,2025-04-18,"Sadma","Sadma",https://www.imdb.com/title/tt0086230,Movie,8.3,141,1983,"Romance, Drama",3945,"1983-07-08","Balu Mahendra"
tt2290828,8,2025-04-16,"Road to Ninja - Naruto the Movie","Rôdo tu Ninja Naruto za Mûbî",https://www.imdb.com/title/tt2290828,Movie,7.6,109,2012,"Animation, Action, Adventure, Fantasy, Comedy",9794,"2014-08-29","Hayato Date"
tt2576852,7,2025-04-11,"The Tale of The Princess Kaguya","Kaguya-hime no monogatari",https://www.imdb.com/title/tt2576852,Movie,8.0,137,2013,"Animation, Drama, Fantasy, Family, Romance",63292,"2013-11-23","Isao Takahata"
tt0892769,10,2025-04-11,"How to Train Your Dragon","How to Train Your Dragon",https://www.imdb.com/title/tt0892769,Movie,8.1,98,2010,"Animation, Adventure, Fantasy, Family, Action",910431,"2010-03-26","Dean DeBlois,Chris Sanders"
tt0096283,8,2025-04-11,"My Neighbor Totoro","Tonari no Totoro",https://www.imdb.com/title/tt0096283,Movie,8.1,86,1988,"Animation, Family, Comedy, Adventure, Fantasy",440842,"1990-07-13","Hayao Miyazaki"
tt1099212,8,2025-04-04,"Twilight","Twilight",https://www.imdb.com/title/tt1099212,Movie,5.4,122,2008,"Romance, Fantasy, Drama",535654,"2008-11-21","Catherine Hardwicke"
tt7984734,6,2025-04-04,"The Lighthouse","The Lighthouse",https://www.imdb.com/title/tt7984734,Movie,7.3,109,2019,"Drama, Fantasy, Mystery, Thriller, Horror",310774,"2019-11-01","Robert Eggers"
tt12299608,8,2025-04-02,"Mickey 17","Mickey 17",https://www.imdb.com/title/tt12299608,Movie,6.7,137,2025,"Sci-Fi, Adventure, Fantasy, Comedy",265951,"2025-03-07","Bong Joon Ho"
tt17526714,8,2025-03-31,"The Substance","The Substance",https://www.imdb.com/title/tt17526714,Movie,7.2,141,2024,"Drama, Horror, Sci-Fi",465809,"2024-09-20","Coralie Fargeat"
tt4263482,9,2025-03-26,"The Witch","The VVitch: A New-England Folktale",https://www.imdb.com/title/tt4263482,Movie,7.0,92,2015,"Horror, Mystery, Drama, Fantasy, Thriller",361040,"2016-02-19","Robert Eggers"
tt32508210,5,2025-03-26,"Batman Ninja vs. Yakuza League","Batman Ninja vs. Yakuza League",https://www.imdb.com/title/tt32508210,Video,6.2,89,2025,"Animation, Action, Fantasy, Sci-Fi",4100,"2025-03-21","Junpei Mizusaki,Shinji Takagi"
tt0130623,10,2025-03-11,"Dinosaur","Dinosaur",https://www.imdb.com/title/tt0130623,Movie,6.4,82,2000,"Animation, Drama, Fantasy, Adventure, Family",73833,"2000-05-19","Eric Leighton,Ralph Zondag"
tt0181365,7,2025-03-10,"The Secret Path","Chasing Secrets",https://www.imdb.com/title/tt0181365,TV Movie,7.7,120,1999,"Biography, Drama",1750,"1999-04-04","Bruce Pittman"
tt13186482,6,2025-02-22,"Mufasa: The Lion King","Mufasa: The Lion King",https://www.imdb.com/title/tt13186482,Movie,6.6,118,2024,"Animation, Musical, Adventure, Drama, Family",85021,"2024-12-20","Barry Jenkins"
tt0223897,8,2025-02-22,"Pay It Forward","Pay It Forward",https://www.imdb.com/title/tt0223897,Movie,7.2,123,2000,"Drama",128545,"2000-10-20","Mimi Leder"
tt13654226,7,2025-02-21,"The Gorge","The Gorge",https://www.imdb.com/title/tt13654226,Movie,6.7,128,2025,"Action, Romance, Sci-Fi, Adventure, Horror",181874,"2025-02-14","Scott Derrickson"
tt3666024,9,2025-02-13,"The Red Turtle","La tortue rouge",https://www.imdb.com/title/tt3666024,Movie,7.5,80,2016,"Animation, Fantasy, Drama, Family, Romance",42760,"2017-01-20","Michael Dudok de Wit"
tt13622970,6,2025-02-02,"Moana 2","Moana 2",https://www.imdb.com/title/tt13622970,Movie,6.3,100,2024,"Animation, Musical, Adventure, Comedy, Fantasy, Family",130477,"2024-11-27","David G. Derrick Jr.,Jason Hand,Dana Ledoux Miller"
tt1756750,8,2025-01-26,"Starbuck","Starbuck",https://www.imdb.com/title/tt1756750,Movie,7.2,109,2011,"Comedy, Drama, Romance",17599,"2012-05-03","Ken Scott"
tt2387559,8,2025-01-26,"Delivery Man","Delivery Man",https://www.imdb.com/title/tt2387559,Movie,6.3,105,2013,"Comedy, Drama",86339,"2013-11-22","Ken Scott"
tt7268738,7,2025-01-18,"Minnal Murali","Minnal Murali",https://www.imdb.com/title/tt7268738,Movie,7.8,143,2021,"Comedy, Fantasy, Action, Drama, Sci-Fi",35568,"2021-12-24","Basil Joseph"
tt32495687,8,2025-01-18,"Sookshma Darshini","Sookshmadarshini",https://www.imdb.com/title/tt32495687,Movie,7.7,142,2024,"Thriller, Comedy, Mystery",13471,"2024-11-22","Mc Jithin"
tt4772188,8,2025-01-10,"Flow","Straume",https://www.imdb.com/title/tt4772188,Movie,7.8,85,2024,"Animation, Adventure, Fantasy, Family",154148,"2025-02-14","Gints Zilbalodis"
tt0296696,8,2024-12-28,"My Wife Is a Gangster","Jopog manura",https://www.imdb.com/title/tt0296696,Movie,6.3,107,2001,"Crime, Drama, Romance, Comedy, Action",3739,"2001-09-28","Jin-gyu Cho"
tt0212338,7,2024-12-25,"Meet the Parents","Meet the Parents",https://www.imdb.com/title/tt0212338,Movie,7.0,108,2000,"Romance, Comedy",382394,"2000-10-06","Jay Roach"
tt33609042,10,2024-12-23,"Dandadan: Yasashii sekai e","Dandadan: Yasashii sekai e",https://www.imdb.com/title/tt33609042,TV Episode,9.7,24,2024,"Animation, Action, Comedy, Fantasy, Adventure, Sci-Fi, Romance, Thriller",20702,"2024-11-14","Fûga Yamashiro,Kotaro Matsunaga,Abel Gongora"
tt30223243,9,2024-12-23,"Dandadan: Sorette koi no hajimari jan yo","Dandadan: Sorette koi no hajimari jan yo",https://www.imdb.com/title/tt30223243,TV Episode,8.6,24,2024,"Animation, Action, Comedy, Fantasy, Adventure, Sci-Fi, Romance, Thriller",7822,"2024-09-13","Fûga Yamashiro,Abel Gongora"
tt7215232,6,2024-12-21,"Spellbound","Spellbound",https://www.imdb.com/title/tt7215232,Movie,5.5,109,2024,"Animation, Musical, Adventure, Family, Fantasy, Comedy",9408,"2024-11-22","Vicky Jenson"
tt28607951,7,2024-12-21,"Anora","Anora",https://www.imdb.com/title/tt28607951,Movie,7.4,139,2024,"Drama, Comedy, Romance",309711,"2024-11-08","Sean Baker"
tt14948432,7,2024-12-21,"Red One","Red One",https://www.imdb.com/title/tt14948432,Movie,6.2,123,2024,"Action, Adventure, Comedy, Mystery, Fantasy",162160,"2024-11-15","Jake Kasdan"
tt8790086,7,2024-12-21,"Kraven the Hunter","Kraven the Hunter",https://www.imdb.com/title/tt8790086,Movie,5.5,127,2024,"Action, Thriller, Adventure",88132,"2024-12-13","J.C. Chandor"
tt7097896,7,2024-12-20,"Venom: Let There Be Carnage","Venom: Let There Be Carnage",https://www.imdb.com/title/tt7097896,Movie,5.9,97,2021,"Action, Thriller, Sci-Fi, Adventure, Fantasy, Horror, Crime",312266,"2021-10-01","Andy Serkis"
tt16366836,6,2024-12-20,"Venom: The Last Dance","Venom: The Last Dance",https://www.imdb.com/title/tt16366836,Movie,6.0,110,2024,"Action, Fantasy, Sci-Fi, Thriller, Horror",165728,"2024-10-25","Kelly Marcel"
tt33204697,7,2024-12-20,"Secret Level","Secret Level",https://www.imdb.com/title/tt33204697,TV Series,7.3,15,2024,"Animation, Short, Fantasy, Sci-Fi, Adventure, Action",32738,"2024-12-10",
tt33208009,8,2024-12-20,"Secret Level: Unreal Tournament: Xan","Secret Level: Unreal Tournament: Xan",https://www.imdb.com/title/tt33208009,TV Episode,8.0,19,2024,"Animation, Short, Fantasy, Sci-Fi, Adventure, Action",6718,"2024-12-10","Franck Balson,Dave Wilson"
tt33207987,9,2024-12-20,"Secret Level: New World: The Once and Future King","Secret Level: New World: The Once and Future King",https://www.imdb.com/title/tt33207987,TV Episode,7.4,15,2024,"Animation, Short, Fantasy, Sci-Fi, Adventure, Action",6357,"2024-12-10","Dominique Boidin,Léon Bérelle,Rémi Kozyra,Maxime Luère,Dave Wilson"
tt27540542,7,2024-12-11,"Lucky Baskhar","Lucky Baskhar",https://www.imdb.com/title/tt27540542,Movie,8.0,148,2024,"Drama, Crime, Thriller",43864,"2024-10-31","Venky Atluri"
tt0780511,7,2024-11-30,"Everybody's Fine","Everybody's Fine",https://www.imdb.com/title/tt0780511,Movie,7.1,99,2009,"Drama, Adventure",68108,"2009-12-04","Kirk Jones"
tt11126994,10,2024-11-29,"Arcane","Arcane: League of Legends",https://www.imdb.com/title/tt11126994,TV Series,9.0,40,2021,"Animation, Action, Adventure, Drama, Fantasy, Sci-Fi",458267,"2021-11-06",
tt34383698,10,2024-11-25,"Arcane: Pretend Like It's the First Time","Arcane: League of Legends: Pretend Like It's the First Time",https://www.imdb.com/title/tt34383698,TV Episode,9.5,41,2024,"Animation, Action, Adventure, Drama, Fantasy, Sci-Fi",45015,"2024-11-23","Pascal Charrue,Arnaud Delord,Bart Maunoury"
tt34383696,10,2024-11-17,"Arcane: Blisters and Bedrock","Arcane: League of Legends: Blisters and Bedrock",https://www.imdb.com/title/tt34383696,TV Episode,9.5,42,2024,"Animation, Action, Adventure, Drama, Fantasy, Sci-Fi",36760,"2024-11-16","Pascal Charrue,Arnaud Delord,Bart Maunoury"
tt34383697,10,2024-11-17,"Arcane: The Message Hidden Within the Pattern","Arcane: League of Legends: The Message Hidden Within the Pattern",https://www.imdb.com/title/tt34383697,TV Episode,9.7,39,2024,"Animation, Action, Adventure, Drama, Fantasy, Sci-Fi",46341,"2024-11-16","Pascal Charrue,Arnaud Delord,Bart Maunoury"
tt26758372,8,2024-11-02,"Meiyazhagan","Meiyazhagan",https://www.imdb.com/title/tt26758372,Movie,8.5,177,2024,"Family, Drama",24340,"2024-09-27","C. Prem Kumar"
tt29623480,9,2024-10-19,"The Wild Robot","The Wild Robot",https://www.imdb.com/title/tt29623480,Movie,8.1,102,2024,"Animation, Family, Adventure, Sci-Fi",239140,"2024-09-27","Chris Sanders"
tt18412256,9,2024-10-18,"Alien: Romulus","Alien: Romulus",https://www.imdb.com/title/tt18412256,Movie,7.1,119,2024,"Horror, Sci-Fi, Thriller",295853,"2024-08-16","Fede Alvarez"
tt0195685,8,2024-10-05,"Erin Brockovich","Erin Brockovich",https://www.imdb.com/title/tt0195685,Movie,7.5,131,2000,"Biography, Drama",250276,"2000-03-17","Steven Soderbergh"
tt5555260,8,2024-10-02,"This Is Us","This Is Us",https://www.imdb.com/title/tt5555260,TV Series,8.7,45,2016,"Drama, Comedy, Romance",176969,"2016-09-20",
tt10625492,6,2024-09-28,"Twilight of the Gods","Twilight of the Gods",https://www.imdb.com/title/tt10625492,TV Series,7.2,30,2024,"Animation, Adventure, Fantasy, Action, Mystery",11583,"2024-09-19",
tt0359950,10,2024-09-28,"The Secret Life of Walter Mitty","The Secret Life of Walter Mitty",https://www.imdb.com/title/tt0359950,Movie,7.3,114,2013,"Drama, Fantasy, Romance, Adventure, Comedy",378402,"2013-12-25","Ben Stiller"
tt31392609,9,2024-09-16,"How to Make Millions Before Grandma Dies","Lahn Mah",https://www.imdb.com/title/tt31392609,Movie,7.9,125,2024,"Drama, Comedy, Family",23476,"2024-09-13","Pat Boonnitipat"
tt0302886,5,2024-09-12,"Old School","Old School",https://www.imdb.com/title/tt0302886,Movie,7.0,88,2003,"Comedy",258556,"2003-02-21","Todd Phillips"
tt7516778,7,2024-09-08,"MCA Middle Class Abbayi","MCA Middle Class Abbayi",https://www.imdb.com/title/tt7516778,Movie,6.1,144,2017,"Comedy, Action",3956,"2017-12-20","Venu Sriram"
tt9793334,6,2024-09-07,"Athiran","Athiran",https://www.imdb.com/title/tt9793334,Movie,6.7,136,2019,"Thriller, Mystery, Drama, Romance",10555,"2019-04-19","Vivek,Vivek Thomas Varghese"
tt14153236,7,2024-09-02,"Terminator Zero","Terminator Zero",https://www.imdb.com/title/tt14153236,TV Mini Series,6.9,28,2024,"Animation, Action, Adventure, Sci-Fi",13985,"2024-08-29",
tt0312004,10,2024-08-31,"Wallace & Gromit: The Curse of the Were-Rabbit","The Curse of the Were-Rabbit",https://www.imdb.com/title/tt0312004,Movie,7.5,85,2005,"Animation, Comedy, Family, Mystery, Sci-Fi, Adventure, Fantasy",158913,"2005-10-07","Steve Box,Nick Park"
tt0423294,9,2024-08-31,"Surf's Up","Surf's Up",https://www.imdb.com/title/tt0423294,Movie,6.7,85,2007,"Animation, Family, Comedy, Sport, Adventure",104541,"2007-06-08","Ash Brannon,Chris Buck"
tt1392214,10,2024-08-31,"Prisoners","Prisoners",https://www.imdb.com/title/tt1392214,Movie,8.2,153,2013,"Crime, Drama, Thriller, Mystery",961717,"2013-09-20","Denis Villeneuve"
tt0118583,8,2024-08-24,"Alien: Resurrection","Alien: Resurrection",https://www.imdb.com/title/tt0118583,Movie,6.2,109,1997,"Sci-Fi, Horror, Action",294920,"1997-11-26","Jean-Pierre Jeunet"
tt0103644,7,2024-08-24,"Alien³","Alien³",https://www.imdb.com/title/tt0103644,Movie,6.4,114,1992,"Action, Horror, Sci-Fi",356155,"1992-05-22","David Fincher"
tt0120611,7,2024-08-11,"Blade","Blade",https://www.imdb.com/title/tt0120611,Movie,7.1,120,1998,"Horror, Sci-Fi, Action",336603,"1998-08-21","Stephen Norrington"
tt2906216,7,2024-08-09,"Dungeons & Dragons: Honor Among Thieves","Dungeons & Dragons: Honor Among Thieves",https://www.imdb.com/title/tt2906216,Movie,7.2,134,2023,"Adventure, Fantasy, Action, Comedy",278901,"2023-03-31","John Francis Daley,Jonathan Goldstein"
tt2582782,7,2024-08-09,"Hell or High Water","Hell or High Water",https://www.imdb.com/title/tt2582782,Movie,7.6,102,2016,"Crime, Drama, Thriller, Western",282376,"2016-08-26","David Mackenzie"
tt27179976,9,2024-08-07,"House of the Dragon: The Red Dragon and the Gold","House of the Dragon: The Red Dragon and the Gold",https://www.imdb.com/title/tt27179976,TV Episode,9.4,55,2024,"Fantasy, Adventure, Drama, Action",72232,"2024-07-07","Alan Taylor"
tt27179981,9,2024-08-07,"House of the Dragon: The Red Sowing","House of the Dragon: The Red Sowing",https://www.imdb.com/title/tt27179981,TV Episode,8.8,64,2024,"Fantasy, Adventure, Drama, Action",48278,"2024-07-28","Loni Peristere"
tt7510222,6,2024-08-07,"Despicable Me 4","Despicable Me 4",https://www.imdb.com/title/tt7510222,Movie,6.2,94,2024,"Animation, Adventure, Comedy, Family, Sci-Fi, Crime",84999,"2024-07-03","Chris Renaud,Patrick Delage"
tt28259207,8,2024-08-02,"Kill","Kill",https://www.imdb.com/title/tt28259207,Movie,7.4,105,2023,"Action, Drama, Thriller, Crime",48002,"2024-07-04","Nikhil Nagesh Bhat"
tt6263850,8,2024-07-30,"Deadpool & Wolverine","Deadpool & Wolverine",https://www.imdb.com/title/tt6263850,Movie,7.5,128,2024,"Action, Comedy, Sci-Fi, Adventure",596338,"2024-07-26","Shawn Levy"
tt13433802,6,2024-07-27,"A Quiet Place: Day One","A Quiet Place: Day One",https://www.imdb.com/title/tt13433802,Movie,6.2,99,2024,"Drama, Horror, Sci-Fi, Thriller",183513,"2024-06-28","Michael Sarnoski"
tt28288786,9,2024-07-24,"Premalu","Premalu",https://www.imdb.com/title/tt28288786,Movie,7.8,156,2024,"Comedy, Romance",24840,"2024-02-09","Girish A.D."
tt2316411,8,2024-07-24,"Enemy","Enemy",https://www.imdb.com/title/tt2316411,Movie,6.8,91,2013,"Thriller, Mystery, Drama",245019,"2014-02-06","Denis Villeneuve"
tt26548265,10,2024-07-14,"Maharaja","Maharaja",https://www.imdb.com/title/tt26548265,Movie,8.3,141,2024,"Thriller, Action, Drama, Crime",86123,"2024-06-13","Nithilan Saminathan,R. Nandhakumar,T. Suresh"
tt2103281,7,2024-07-12,"Dawn of the Planet of the Apes","Dawn of the Planet of the Apes",https://www.imdb.com/title/tt2103281,Movie,7.6,130,2014,"Action, Adventure, Drama, Sci-Fi, Thriller",515742,"2014-07-11","Matt Reeves"
tt1318514,10,2024-07-12,"Rise of the Planet of the Apes","Rise of the Planet of the Apes",https://www.imdb.com/title/tt1318514,Movie,7.6,105,2011,"Action, Sci-Fi, Drama, Thriller",610671,"2011-08-05","Rupert Wyatt"
tt1790864,9,2024-07-12,"The Maze Runner","The Maze Runner",https://www.imdb.com/title/tt1790864,Movie,6.8,113,2014,"Sci-Fi, Mystery, Thriller, Action",573443,"2014-09-19","Wes Ball"
tt11389872,7,2024-07-12,"Kingdom of the Planet of the Apes","Kingdom of the Planet of the Apes",https://www.imdb.com/title/tt11389872,Movie,6.8,145,2024,"Action, Sci-Fi, Adventure, Drama, Thriller",172769,"2024-05-10","Wes Ball"
tt12037194,7,2024-06-28,"Furiosa: A Mad Max Saga","Furiosa: A Mad Max Saga",https://www.imdb.com/title/tt12037194,Movie,7.4,148,2024,"Action, Adventure, Sci-Fi",328389,"2024-05-24","George Miller"
tt6587046,6,2024-06-28,"The Boy and the Heron","Kimi-tachi wa dô ikiru ka",https://www.imdb.com/title/tt6587046,Movie,7.3,124,2023,"Animation, Adventure, Fantasy, Drama",151723,"2023-12-08","Hayao Miyazaki"
tt1692486,7,2024-06-19,"Carnage","Carnage",https://www.imdb.com/title/tt1692486,Movie,7.1,80,2011,"Comedy, Drama",139498,"2011-11-18","Roman Polanski"
tt11152168,6,2024-06-19,"IF","If",https://www.imdb.com/title/tt11152168,Movie,6.4,104,2024,"Comedy, Fantasy, Family, Drama",69101,"2024-05-17","John Krasinski"
tt0424227,10,2024-06-19,"Turtles Can Fly","Lakposhtha parvaz mikonand",https://www.imdb.com/title/tt0424227,Movie,8.0,98,2004,"Drama, War",23076,"2005-02-23","Bahman Ghobadi"
tt13238346,10,2024-06-17,"Past Lives","Past Lives",https://www.imdb.com/title/tt13238346,Movie,7.8,105,2023,"Drama, Romance",178612,"2023-06-23","Celine Song"
tt2210479,7,2024-06-15,"Berserk: The Golden Age Arc I - The Egg of the King","Berserk: Ougon Jidai-hen I - Haou no Tamago",https://www.imdb.com/title/tt2210479,Movie,7.5,76,2012,"Animation, Action, Adventure, Fantasy, Drama, Horror",16295,"2012-04-26","Toshiyuki Kubooka"
tt3660104,6,2024-06-13,"Barakamon","Barakamon",https://www.imdb.com/title/tt3660104,TV Series,8.2,24,2014,"Animation, Comedy, Drama",5402,"2014-04",
tt2358913,10,2024-06-08,"Berserk: The Golden Age Arc III - The Advent","Berserk: Ougon jidai-hen III - Kourin",https://www.imdb.com/title/tt2358913,Movie,7.9,110,2013,"Animation, Action, Fantasy, Horror, Adventure, Drama",13579,"2013-02-01","Toshiyuki Kubooka"
tt32399949,9,2024-06-08,"Gullak: Teesra Pahiya","Gullak: Teesra Pahiya",https://www.imdb.com/title/tt32399949,TV Episode,8.7,,2024,"Comedy, Drama, Family",362,"2024-06-07","Shreyansh Pandey"
tt32399953,10,2024-06-08,"Gullak: Pita, Putra aur Prempatra","Gullak: Pita, Putra aur Prempatra",https://www.imdb.com/title/tt32399953,TV Episode,9.3,,2024,"Comedy, Drama, Family",526,"2024-06-07","Shreyansh Pandey"
tt0914798,10,2024-06-01,"The Boy in the Striped Pajamas","The Boy in the Striped Pajamas",https://www.imdb.com/title/tt0914798,Movie,7.7,94,2008,"Drama, War",278646,"2008-11-26","Mark Herman"
tt0094721,6,2024-06-01,"Beetlejuice","Beetlejuice",https://www.imdb.com/title/tt0094721,Movie,7.4,92,1988,"Fantasy, Comedy",423236,"1988-03-30","Tim Burton"
tt1259407,10,2024-05-31,"Berserk: Eien no koku","Kenpuu Denki Berserk: Eien no koku",https://www.imdb.com/title/tt1259407,TV Episode,9.6,25,1998,"Animation, Adventure, Fantasy, Horror, Action, Drama, Romance",4295,"1998-03-31","Naohito Takahashi"
tt14856980,6,2024-05-31,"Atlas","Atlas",https://www.imdb.com/title/tt14856980,Movie,5.7,118,2024,"Sci-Fi, Adventure, Thriller, Action, Drama",61024,"2024-05-24","Brad Peyton"
tt0318871,10,2024-05-31,"Berserk","Kenpuu Denki Berserk",https://www.imdb.com/title/tt0318871,TV Series,8.8,23,1997,"Animation, Adventure, Fantasy, Horror, Action, Drama, Romance",83742,"2002-05-28",
tt1217209,10,2024-05-26,"Brave","Brave",https://www.imdb.com/title/tt1217209,Movie,7.1,93,2012,"Animation, Adventure, Fantasy, Family, Comedy, Drama, Mystery, Action",486370,"2012-06-22","Mark Andrews,Brenda Chapman,Steve Purcell"
tt0947798,8,2024-05-26,"Black Swan","Black Swan",https://www.imdb.com/title/tt0947798,Movie,8.0,108,2010,"Drama, Thriller",898834,"2010-12-17","Darren Aronofsky"
tt0435761,9,2024-05-26,"Toy Story 3","Toy Story 3",https://www.imdb.com/title/tt0435761,Movie,8.3,103,2010,"Animation, Adventure, Comedy, Family, Fantasy",992507,"2010-06-18","Lee Unkrich"
tt0887912,10,2024-05-26,"The Hurt Locker","The Hurt Locker",https://www.imdb.com/title/tt0887912,Movie,7.5,131,2008,"Thriller, Drama, War",500357,"2009-07-31","Kathryn Bigelow"
tt0350258,8,2024-05-26,"Ray","Ray",https://www.imdb.com/title/tt0350258,Movie,7.7,152,2004,"Music, Biography, Drama",167448,"2004-10-29","Taylor Hackford"
tt0096256,8,2024-05-26,"They Live","They Live",https://www.imdb.com/title/tt0096256,Movie,7.2,94,1988,"Thriller, Action, Horror, Sci-Fi",167877,"1988-11-04","John Carpenter"
tt0123755,8,2024-05-26,"Cube","Cube",https://www.imdb.com/title/tt0123755,Movie,7.1,90,1997,"Horror, Mystery, Sci-Fi",264166,"1997-12-10","Vincenzo Natali"
tt0356614,8,2024-05-26,"Foolproof","Foolproof",https://www.imdb.com/title/tt0356614,Movie,6.4,94,2003,"Crime, Comedy, Thriller, Action",12033,"2003-10-03","William Phillips"
tt2229499,9,2024-05-25,"Don Jon","Don Jon",https://www.imdb.com/title/tt2229499,Movie,6.5,90,2013,"Comedy, Drama, Romance",256518,"2013-09-27","Joseph Gordon-Levitt"
tt0116367,6,2024-05-24,"From Dusk Till Dawn","From Dusk Till Dawn",https://www.imdb.com/title/tt0116367,Movie,7.2,108,1996,"Crime, Action, Horror",375432,"1996-01-19","Robert Rodriguez"
tt0102388,8,2024-05-24,"The Man in the Moon","The Man in the Moon",https://www.imdb.com/title/tt0102388,Movie,7.2,99,1991,"Romance, Drama",22125,"1991-10-04","Robert Mulligan"
tt0145547,6,2024-05-24,"Two Hands","Two Hands",https://www.imdb.com/title/tt0145547,Movie,7.1,103,1999,"Thriller, Crime, Comedy",13553,"1999-07-29","Gregor Jordan"
tt0100024,6,2024-05-23,"Life Is Sweet","Life Is Sweet",https://www.imdb.com/title/tt0100024,Movie,7.4,103,1990,"Drama, Comedy",12301,"1991-12","Mike Leigh"
tt0119303,10,2024-05-22,"Home Alone 3","Home Alone 3",https://www.imdb.com/title/tt0119303,Movie,4.6,102,1997,"Crime, Action, Comedy, Family",139794,"1997-12-12","Raja Gosnell"
tt0117247,8,2024-05-22,"One Fine Day","One Fine Day",https://www.imdb.com/title/tt0117247,Movie,6.5,108,1996,"Drama, Romance, Comedy",51120,"1996-12-20","Michael Hoffman"
tt0960144,7,2024-05-20,"You Don't Mess with the Zohan","You Don't Mess with the Zohan",https://www.imdb.com/title/tt0960144,Movie,5.6,113,2008,"Comedy, Action",230121,"2008-06-06","Dennis Dugan"
tt0116483,6,2024-05-20,"Happy Gilmore","Happy Gilmore",https://www.imdb.com/title/tt0116483,Movie,7.0,92,1996,"Sport, Comedy",312861,"1996-02-16","Dennis Dugan"
tt1176740,6,2024-05-20,"Away We Go","Away We Go",https://www.imdb.com/title/tt1176740,Movie,7.0,98,2009,"Comedy, Drama, Romance",56859,"2009-06-26","Sam Mendes"
tt5247578,9,2024-05-19,"Nondito Noroke","Nondito Noroke",https://www.imdb.com/title/tt5247578,Movie,8.0,,2006,"Drama, Family",234,"2006-01-27","Belal Ahmed"
tt0120601,6,2024-05-19,"Being John Malkovich","Being John Malkovich",https://www.imdb.com/title/tt0120601,Movie,7.7,113,1999,"Drama, Comedy, Fantasy",371699,"1999-12-03","Spike Jonze"
tt16426418,4,2024-05-19,"Challengers","Challengers",https://www.imdb.com/title/tt16426418,Movie,7.0,131,2024,"Drama, Romance, Sport, Comedy",185179,"2024-04-26","Luca Guadagnino"
tt26458038,10,2024-05-19,"Manjummel Boys","Manjummel Boys",https://www.imdb.com/title/tt26458038,Movie,8.2,135,2024,"Thriller, Adventure, Drama",35320,"2024-02-22","Chidambaram"
tt8948790,8,2024-05-18,"Jersey","Jersey",https://www.imdb.com/title/tt8948790,Movie,8.5,157,2019,"Drama, Sport",30622,"2019-04-19","Gowtam Tinnanuri"
tt1856101,8,2024-05-18,"Blade Runner 2049","Blade Runner 2049",https://www.imdb.com/title/tt1856101,Movie,8.0,164,2017,"Sci-Fi, Thriller, Action, Drama, Mystery",770664,"2017-10-06","Denis Villeneuve"
tt1839492,10,2024-05-11,"Ruby Sparks","Ruby Sparks",https://www.imdb.com/title/tt1839492,Movie,7.2,104,2012,"Comedy, Romance, Fantasy, Drama",109925,"2012-09-06","Jonathan Dayton,Valerie Faris"
tt0211915,10,2024-05-11,"Amélie","Le fabuleux destin d'Amélie Poulain",https://www.imdb.com/title/tt0211915,Movie,8.2,122,2001,"Romance, Comedy",848139,"2002-02-08","Jean-Pierre Jeunet"
tt27489557,8,2024-05-11,"Abigail","Abigail",https://www.imdb.com/title/tt27489557,Movie,6.5,109,2024,"Thriller, Horror, Action, Comedy, Crime, Drama",124459,"2024-04-19","Matt Bettinelli-Olpin,Tyler Gillett"
tt26660021,9,2024-05-11,"Aavesham","Aavesham",https://www.imdb.com/title/tt26660021,Movie,7.8,155,2024,"Action, Comedy",34084,"2024-04-11","Jithu Madhavan"
tt1446714,9,2024-05-05,"Prometheus","Prometheus",https://www.imdb.com/title/tt1446714,Movie,7.0,124,2012,"Adventure, Sci-Fi",708081,"2012-06-08","Ridley Scott"
tt0090605,10,2024-05-05,"Aliens","Aliens",https://www.imdb.com/title/tt0090605,Movie,8.4,137,1986,"Thriller, Action, Sci-Fi, Adventure",849567,"1986-07-18","James Cameron"
tt0078748,10,2024-05-05,"Alien","Alien",https://www.imdb.com/title/tt0078748,Movie,8.4,117,1979,"Sci-Fi",1078686,"1979-06-22","Ridley Scott"
tt0221027,9,2024-05-05,"Blow","Blow",https://www.imdb.com/title/tt0221027,Movie,7.5,124,2001,"Biography, Crime, Drama",289368,"2001-04-06","Ted Demme"
tt0091059,8,2024-05-05,"Flight of the Navigator","Flight of the Navigator",https://www.imdb.com/title/tt0091059,Movie,6.9,90,1986,"Comedy, Sci-Fi, Family, Adventure",56064,"1986-08-01","Randal Kleiser"
tt0322330,7,2024-05-05,"Freaky Friday","Freaky Friday",https://www.imdb.com/title/tt0322330,Movie,6.4,97,2003,"Fantasy, Family, Music, Romance, Comedy",180050,"2003-08-06","Mark Waters"
tt30150907,6,2024-05-03,"Justice League: Crisis on Infinite Earths - Part Two","Justice League: Crisis on Infinite Earths - Part Two",https://www.imdb.com/title/tt30150907,Movie,5.6,95,2024,"Animation, Action, Adventure, Fantasy, Sci-Fi",6800,"2024-04-23","Jeff Wamester"
tt23289160,9,2024-05-01,"Godzilla Minus One","Gojira Mainasu Wan",https://www.imdb.com/title/tt23289160,Movie,7.6,124,2023,"Action, Adventure, Sci-Fi, Horror, Drama",231941,"2023-12-01","Takashi Yamazaki"
tt21626284,9,2024-05-01,"Lost Ladies","Laapataa Ladies",https://www.imdb.com/title/tt21626284,Movie,8.3,122,2023,"Comedy, Drama",62396,"2024-03-01","Kiran Rao"
tt0385267,8,2024-04-30,"In Good Company","In Good Company",https://www.imdb.com/title/tt0385267,Movie,6.4,109,2004,"Comedy, Drama, Romance",58190,"2005-01-14","Paul Weitz"
tt0098067,7,2024-04-30,"Parenthood","Parenthood",https://www.imdb.com/title/tt0098067,Movie,7.1,124,1989,"Drama, Comedy",59729,"1989-08-02","Ron Howard"
tt0151804,9,2024-04-29,"Office Space","Office Space",https://www.imdb.com/title/tt0151804,Movie,7.6,89,1999,"Comedy",312182,"1999-02-19","Mike Judge"
tt9214772,7,2024-04-27,"Monkey Man","Monkey Man",https://www.imdb.com/title/tt9214772,Movie,6.8,121,2024,"Thriller, Action, Crime",101691,"2024-04-05","Dev Patel"
tt1560220,9,2024-04-27,"Zombieland: Double Tap","Zombieland: Double Tap",https://www.imdb.com/title/tt1560220,Movie,6.6,99,2019,"Action, Comedy, Horror",230138,"2019-10-18","Ruben Fleischer"
tt1650554,7,2024-04-27,"Kick-Ass 2","Kick-Ass 2",https://www.imdb.com/title/tt1650554,Movie,6.5,103,2013,"Action, Comedy, Crime, Thriller, Drama",302370,"2013-08-16","Jeff Wadlow"
tt12637874,8,2024-04-27,"Fallout","Fallout",https://www.imdb.com/title/tt12637874,TV Series,8.3,60,2024,"Action, Adventure, Drama, Sci-Fi",404817,"2024-04-10",
tt29195117,8,2024-04-27,"Justice League: Crisis on Infinite Earths - Part One","Justice League: Crisis on Infinite Earths - Part One",https://www.imdb.com/title/tt29195117,Movie,6.2,93,2024,"Animation, Action, Adventure, Fantasy, Sci-Fi",10237,"2024-01-09","Jeff Wamester"
tt2788316,9,2024-04-24,"Shōgun","Shogun",https://www.imdb.com/title/tt2788316,TV Series,8.6,60,2024,"Drama, History, Adventure, War, Action",253429,"2024-02-27",
tt1542501,10,2024-04-20,"Bishaash","Bishaash",https://www.imdb.com/title/tt1542501,TV Series,8.9,,2010,"Fantasy, Adventure, Drama, Mystery, Thriller",388,"2010-10-16",
tt0383177,10,2024-04-20,"Aguner Poroshmoni","Aguner Poroshmoni",https://www.imdb.com/title/tt0383177,Movie,9.0,123,1994,"Drama, War",3588,"1994-12-16","Humayun Ahmed"
tt0375093,10,2024-04-20,"Srabon Megher Din","Srabon Megher Din",https://www.imdb.com/title/tt0375093,Movie,8.6,150,1999,"Romance, Drama",2865,"1999-03-31","Humayun Ahmed"
tt2048726,10,2024-04-20,"Daruchini Dwip","Daruchini Dwip",https://www.imdb.com/title/tt2048726,Movie,7.9,128,2007,"Romance, Comedy, Drama",3921,"2007-08-31","Tauquir Ahmed"
tt0480732,10,2024-04-20,"Shyamol Chhaya","Shyamol Chhaya",https://www.imdb.com/title/tt0480732,Movie,8.5,110,2004,"Drama",2579,"2004-11-15","Humayun Ahmed"
tt3032074,8,2024-04-20,"Bachelor","Bachelor",https://www.imdb.com/title/tt3032074,Movie,7.5,148,2004,"Comedy, Drama, Romance",1257,"2004-01-31","Mostofa Sarwar Farooki"
tt8772262,8,2024-04-13,"Midsommar","Midsommar",https://www.imdb.com/title/tt8772262,Movie,7.1,148,2019,"Horror, Drama, Mystery, Thriller",499392,"2019-07-03","Ari Aster"
tt22667880,10,2024-04-13,"The Boy, the Mole, the Fox and the Horse","The Boy, the Mole, the Fox and the Horse",https://www.imdb.com/title/tt22667880,Short,7.8,32,2022,"Animation, Short, Family, Adventure, Comedy, Drama, Fantasy",23469,"2022-12-25","Peter Baynton,Charlie Mackesy"
tt7784604,9,2024-04-13,"Hereditary","Hereditary",https://www.imdb.com/title/tt7784604,Movie,7.3,127,2018,"Horror, Drama, Mystery, Thriller",471257,"2018-06-08","Ari Aster"
tt17220216,7,2024-04-12,"Monarch: Legacy of Monsters","Monarch: Legacy of Monsters",https://www.imdb.com/title/tt17220216,TV Series,7.0,,2023,"Action, Sci-Fi, Adventure",63833,"2023-11-17",
tt27431598,8,2024-04-11,"Bramayugam","Bramayugam",https://www.imdb.com/title/tt27431598,Movie,7.7,139,2024,"Horror, Thriller, Drama",18803,"2024-02-15","Rahul Sadasivan"
tt21692408,6,2024-04-09,"Kung Fu Panda 4","Kung Fu Panda 4",https://www.imdb.com/title/tt21692408,Movie,6.3,94,2024,"Animation, Action, Adventure, Comedy, Family, Fantasy",86224,"2024-03-08","Mike Mitchell,Stephanie Stine"
tt11916254,5,2024-04-07,"Lucy Shimmers and the Prince of Peace","Lucy Shimmers and the Prince of Peace",https://www.imdb.com/title/tt11916254,Movie,7.1,87,2020,"Family, Drama",2582,"2020-10-19","Rob Diamond"
tt5571734,9,2024-04-07,"Pink","Pink",https://www.imdb.com/title/tt5571734,Movie,8.0,136,2016,"Drama, Thriller, Crime",52801,"2016-09-16","Aniruddha Roy Chowdhury"
tt15239678,10,2024-04-06,"Dune: Part Two","Dune: Part Two",https://www.imdb.com/title/tt15239678,Movie,8.4,166,2024,"Adventure, Drama, Sci-Fi, Action",796765,"2024-03-01","Denis Villeneuve"
tt14539740,8,2024-04-05,"Godzilla X Kong: The New Empire","Godzilla x Kong: The New Empire",https://www.imdb.com/title/tt14539740,Movie,6.0,115,2024,"Action, Adventure, Sci-Fi, Thriller, Fantasy",139250,"2024-03-29","Adam Wingard"
tt31322435,6,2024-04-04,"X-Men '97: Motendo/Lifedeath - Part 1","X-Men '97: Motendo/Lifedeath - Part 1",https://www.imdb.com/title/tt31322435,TV Episode,6.9,29,2024,"Animation, Action, Adventure, Sci-Fi, Drama",7282,"2024-04-03","Chase Conley"
tt21350562,9,2024-04-04,"X-Men '97: To Me, My X-Men","X-Men '97: To Me, My X-Men",https://www.imdb.com/title/tt21350562,TV Episode,8.2,32,2024,"Animation, Action, Adventure, Sci-Fi, Drama",8379,"2024-03-20","Jake Castorena"
tt31322425,9,2024-04-04,"X-Men '97: Mutant Liberation Begins","X-Men '97: Mutant Liberation Begins",https://www.imdb.com/title/tt31322425,TV Episode,9.0,32,2024,"Animation, Action, Adventure, Sci-Fi, Drama",8395,"2024-03-20","Chase Conley"
tt2276480,7,2024-03-30,"A Little Game","A Little Game",https://www.imdb.com/title/tt2276480,Movie,6.2,92,2014,"Adventure, Family",948,"2014-04-26","Evan Oppenheimer"
tt2283336,7,2024-03-26,"Men in Black: International","Men in Black: International",https://www.imdb.com/title/tt2283336,Movie,5.6,114,2019,"Comedy, Sci-Fi, Action, Adventure",163040,"2019-06-14","F. Gary Gray"
tt0325710,10,2024-03-26,"The Last Samurai","The Last Samurai",https://www.imdb.com/title/tt0325710,Movie,7.8,154,2003,"Drama, Action",511270,"2003-12-05","Edward Zwick"
tt1253863,8,2024-03-26,"300: Rise of an Empire","300: Rise of an Empire",https://www.imdb.com/title/tt1253863,Movie,6.2,102,2014,"Action, Drama, Fantasy, Adventure, History, War",332054,"2014-03-07","Noam Murro"
tt0320661,9,2024-03-26,"Kingdom of Heaven","Kingdom of Heaven",https://www.imdb.com/title/tt0320661,Movie,7.3,144,2005,"Action, History, Adventure, War, Drama",362396,"2005-05-06","Ridley Scott"
tt14230458,6,2024-03-11,"Poor Things","Poor Things",https://www.imdb.com/title/tt14230458,Movie,7.7,141,2023,"Romance, Sci-Fi, Comedy, Drama",424322,"2023-12-22","Yorgos Lanthimos"
tt8850222,7,2024-02-17,"Peninsula","Bando",https://www.imdb.com/title/tt8850222,Movie,5.5,116,2020,"Action, Horror, Thriller, Drama",44987,"2020-08-07","Yeon Sang-ho"
tt5607028,5,2024-02-17,"Fullmetal Alchemist","Hagane no renkinjutsushi",https://www.imdb.com/title/tt5607028,Movie,5.3,135,2017,"Action, Adventure, Fantasy, Sci-Fi",21697,"2017-12-01","Fumihiko Sori"
tt5215952,10,2024-02-17,"The Wailing","Gokseong",https://www.imdb.com/title/tt5215952,Movie,7.4,156,2016,"Horror, Drama",102877,"2016-06-03","Na Hong-jin"
tt15428134,7,2024-02-16,"Dunki","Dunki",https://www.imdb.com/title/tt15428134,Movie,6.5,160,2023,"Drama, Comedy, Adventure, Action, Romance",86595,"2023-12-21","Rajkumar Hirani"
tt1462764,6,2024-02-10,"Indiana Jones and the Dial of Destiny","Indiana Jones and the Dial of Destiny",https://www.imdb.com/title/tt1462764,Movie,6.5,154,2023,"Action, Adventure, Sci-Fi",237348,"2023-06-30","James Mangold"
tt15314262,6,2024-02-02,"The Beekeeper","The Beekeeper",https://www.imdb.com/title/tt15314262,Movie,6.3,105,2024,"Thriller, Action, Crime",187097,"2024-01-12","David Ayer"
tt28066777,7,2024-02-02,"Orion and the Dark","Orion and the Dark",https://www.imdb.com/title/tt28066777,Movie,6.3,93,2024,"Animation, Comedy, Family, Adventure, Fantasy, Mystery",19852,"2024-02-02","Sean Charmatz"
tt7472896,7,2024-01-27,"Mr Inbetween","Mr Inbetween",https://www.imdb.com/title/tt7472896,TV Series,8.7,30,2018,"Crime, Drama, Comedy",55118,"2018-09-25",
tt6495056,7,2024-01-26,"Migration","Migration",https://www.imdb.com/title/tt6495056,Movie,6.6,83,2023,"Animation, Comedy, Family, Adventure",48690,"2023-12-22","Benjamin Renner,Guylo Homsy"
tt1390821,10,2024-01-22,"Chirodini Tumi Je Amar","Chirodini Tumi Je Amar",https://www.imdb.com/title/tt1390821,Movie,6.8,180,2008,"Romance",666,"2008-08-15","Raj Chakraborty"
tt1551631,10,2024-01-22,"Prem Amar","Prem Amar",https://www.imdb.com/title/tt1551631,Movie,7.0,140,2009,"Romance",902,"2009-10-09","Raj Chakraborty"
tt4735974,10,2024-01-22,"Bandhan","Bandhan",https://www.imdb.com/title/tt4735974,Movie,6.9,145,2004,"Drama, Romance",615,"2004","Rabi Kinagi,Ravi Kinagi"
tt4736040,10,2024-01-22,"Shubhodristi","Shubhodristi",https://www.imdb.com/title/tt4736040,Movie,7.0,137,2005,"Drama",442,"2005-11-04","Prabhat Roy"
tt1390851,8,2024-01-22,"Sathi","Sathi",https://www.imdb.com/title/tt1390851,Movie,7.5,136,2002,"Musical, Drama, Romance",1418,"2002-06-14","Haranath Chakraborty"
tt6166392,6,2024-01-22,"Wonka","Wonka",https://www.imdb.com/title/tt6166392,Movie,6.9,116,2023,"Musical, Comedy, Adventure, Family, Fantasy, Drama",197788,"2023-12-15","Paul King"
tt15838850,7,2024-01-20,"The Roundup","Beomjoidosi 2",https://www.imdb.com/title/tt15838850,Movie,7.0,106,2022,"Crime, Thriller, Action",16095,"2022-05-18","Lee Sang-yong"
tt4744132,9,2024-01-20,"Sudden Rain","Hotath Bristi",https://www.imdb.com/title/tt4744132,Movie,8.1,182,1998,"Drama, Romance",1016,"1998","Basu Chatterjee"
tt1981128,7,2024-01-19,"Geostorm","Geostorm",https://www.imdb.com/title/tt1981128,Movie,5.4,109,2017,"Action, Sci-Fi, Thriller",135292,"2017-10-20","Dean Devlin"
tt0118548,8,2024-01-19,"Absolute Power","Absolute Power",https://www.imdb.com/title/tt0118548,Movie,6.7,121,1997,"Crime, Drama, Action, Thriller",65697,"1997-02-14","Clint Eastwood"
tt0075314,9,2024-01-13,"Taxi Driver","Taxi Driver",https://www.imdb.com/title/tt0075314,Movie,8.2,114,1976,"Crime, Drama",1044176,"1976-02-09","Martin Scorsese"
tt26225038,9,2024-01-12,"Death's Game","Yijae, Got Jookseummida",https://www.imdb.com/title/tt26225038,TV Series,8.4,60,2023,"Drama, Fantasy, Horror",25803,"2023-12-15",
tt26629552,10,2024-01-10,"Death's Game: The Reason You're Afraid of Death","Yijae, Got Jookseummida: The Reason You're Afraid of Death",https://www.imdb.com/title/tt26629552,TV Episode,9.1,64,2023,"Drama, Fantasy, Horror",1341,"2023-12-15","Ha Byung-hoon"
tt0456144,7,2024-01-08,"Lage Raho Munna Bhai","Lage Raho Munna Bhai",https://www.imdb.com/title/tt0456144,Movie,8.0,144,2006,"Comedy, Drama, Romance",54078,"2006-09-01","Rajkumar Hirani"
tt23736044,8,2024-01-07,"Monster","Kaibutsu",https://www.imdb.com/title/tt23736044,Movie,7.8,127,2023,"Drama, Thriller, Mystery",43728,"2023-11-22","Hirokazu Koreeda"
tt25433734,6,2024-01-07,"Hi Nanna","Hi Nanna",https://www.imdb.com/title/tt25433734,Movie,8.3,155,2023,"Romance, Drama, Family",27571,"2023-12-07","Shouryuv"
tt3569782,9,2024-01-06,"Jigarthanda","Jigarthanda",https://www.imdb.com/title/tt3569782,Movie,8.2,171,2014,"Musical, Drama, Crime, Comedy",14993,"2014-08-01","Karthik Subbaraj"
tt24226474,10,2024-01-05,"Jigarthanda Double X","Jigarthanda DoubleX",https://www.imdb.com/title/tt24226474,Movie,8.0,172,2023,"Musical, Drama, Action, Comedy",12157,"2023-11-10","Karthik Subbaraj"
tt23849204,8,2024-01-01,"12th Fail","12th Fail",https://www.imdb.com/title/tt23849204,Movie,8.7,147,2023,"Drama, Biography",178201,"2023-10-27","Vidhu Vinod Chopra"
tt15167148,10,2023-12-31,"What If...?: What If... Hela Found the Ten Rings?","What If...?: What If... Hela Found the Ten Rings?",https://www.imdb.com/title/tt15167148,TV Episode,7.8,30,2023,"Animation, Action, Adventure, Sci-Fi",6710,"2023-12-28","Bryan Andrews"
tt13751694,8,2023-12-31,"Animal","Animal",https://www.imdb.com/title/tt13751694,Movie,6.2,204,2023,"Drama, Action, Crime, Thriller",118409,"2023-12-01","Sandeep Reddy Vanga"
tt21942866,8,2023-12-29,"Dream Scenario","Dream Scenario",https://www.imdb.com/title/tt21942866,Movie,6.8,102,2023,"Comedy, Horror, Fantasy, Drama",97637,"2023-11-22","Kristoffer Borgli"
tt9663764,6,2023-12-25,"Aquaman and the Lost Kingdom","Aquaman and the Lost Kingdom",https://www.imdb.com/title/tt9663764,Movie,5.6,124,2023,"Action, Sci-Fi, Adventure, Fantasy",122209,"2023-12-22","James Wan"
tt14998742,7,2023-12-22,"Rebel Moon - Part One: A Child of Fire","Rebel Moon - Part One: A Child of Fire",https://www.imdb.com/title/tt14998742,Movie,5.6,133,2023,"Adventure, Sci-Fi, Drama, Fantasy, Action",142637,"2023-12-21","Zack Snyder"
tt0120630,10,2023-12-22,"Chicken Run","Chicken Run",https://www.imdb.com/title/tt0120630,Movie,7.1,84,2000,"Animation, Adventure, Drama, Comedy, Family",227194,"2000-06-23","Peter Lord,Nick Park"
tt8337264,6,2023-12-22,"Chicken Run: Dawn of the Nugget","Chicken Run: Dawn of the Nugget",https://www.imdb.com/title/tt8337264,Movie,6.3,98,2023,"Animation, Adventure, Comedy, Family",29825,"2023-12-15","Sam Fell,Jeff Newitt"
tt16431870,7,2023-12-19,"The Family Plan","The Family Plan",https://www.imdb.com/title/tt16431870,Movie,6.3,118,2023,"Action, Comedy",66793,"2023-12-15","Simon Cellan Jones"
tt5537002,7,2023-12-10,"Killers of the Flower Moon","Killers of the Flower Moon",https://www.imdb.com/title/tt5537002,Movie,7.5,206,2023,"Drama, Crime, History, Western",314499,"2023-10-20","Martin Scorsese"
tt0936501,9,2023-12-02,"Taken","Taken",https://www.imdb.com/title/tt0936501,Movie,7.7,90,2008,"Action, Thriller, Crime",679285,"2009-01-30","Pierre Morel"
tt0325805,8,2023-12-02,"Matchstick Men","Matchstick Men",https://www.imdb.com/title/tt0325805,Movie,7.2,116,2003,"Thriller, Crime, Comedy, Drama",146849,"2003-09-12","Ridley Scott"
tt15744298,6,2023-12-01,"Freelance","Freelance",https://www.imdb.com/title/tt15744298,Movie,5.6,108,2023,"Action, Comedy, Adventure, Thriller",30255,"2023-10-27","Pierre Morel"
tt5755238,7,2023-11-23,"Leo","Leo",https://www.imdb.com/title/tt5755238,Movie,7.0,102,2023,"Animation, Musical, Comedy, Family, Adventure",47423,"2023-11-21","Robert Marianetti,Robert Smigel,David Wachtenheim"
tt11858890,6,2023-11-22,"The Creator","The Creator",https://www.imdb.com/title/tt11858890,Movie,6.7,133,2023,"Action, Drama, Sci-Fi, Thriller, Adventure",205762,"2023-09-29","Gareth Edwards"
tt13309742,8,2023-11-17,"Blue Eye Samurai","Blue Eye Samurai",https://www.imdb.com/title/tt13309742,TV Series,8.7,45,2023,"Animation, Action, Adventure, Drama, Thriller",107732,"2023-11-03",
tt8912936,6,2023-11-17,"DC League of Super-Pets","DC League of Super-Pets",https://www.imdb.com/title/tt8912936,Movie,6.8,105,2022,"Animation, Action, Comedy, Family, Adventure, Fantasy, Sci-Fi, Crime",80944,"2022-07-29","Jared Stern,Samuel J. Levine"
tt4771812,10,2023-11-10,"M.L.A. Fatakesto","M.L.A. Fatakesto",https://www.imdb.com/title/tt4771812,Movie,6.3,160,2006,"Musical, Action, Drama",387,"2006-09-08","Swapan Saha"
tt4771828,10,2023-11-10,"Minister Fatakesto","Minister Fatakesto",https://www.imdb.com/title/tt4771828,Movie,6.1,175,2007,"Musical, Action, Drama",304,"2007","Swapan Saha"
tt1105747,6,2023-11-10,"Yuvvraaj","Yuvvraaj",https://www.imdb.com/title/tt1105747,Movie,4.1,151,2008,"Musical, Drama, Comedy, Romance",5031,"2008-11-21","Subhash Ghai"
tt1185412,6,2023-11-10,"Veer","Veer",https://www.imdb.com/title/tt1185412,Movie,4.6,169,2010,"Musical, Action, Adventure, Drama, Romance, War",10271,"2010-01-22","Anil Sharma"
tt2356426,8,2023-11-10,"Le Halua Le","Le Halua Le",https://www.imdb.com/title/tt2356426,Movie,5.7,125,2012,"Comedy, Drama, Romance",459,"2012-04-13","Raja Chanda"
tt1980986,7,2023-11-10,"Housefull 2","Housefull 2",https://www.imdb.com/title/tt1980986,Movie,5.5,145,2012,"Musical, Comedy, Romance, Action, Drama",18325,"2012-04-05","Sajid Khan"
tt0497915,7,2023-11-10,"Gunda","Gunda",https://www.imdb.com/title/tt0497915,Movie,7.3,129,1998,"Musical, Action, Crime, Drama, Comedy",11296,"1998-09-04","Kanti Shah"
tt10333912,7,2023-11-10,"Gulabo Sitabo","Gulabo Sitabo",https://www.imdb.com/title/tt10333912,Movie,6.3,124,2020,"Drama, Comedy",14234,"2020-06-12","Shoojit Sircar"
tt3811914,8,2023-11-10,"Ramdhanu: The Rainbow","Ramdhanu: The Rainbow",https://www.imdb.com/title/tt3811914,Movie,7.5,135,2014,"Drama",349,"2014-06-06","Shiboprosad Mukherjee,Nandita Roy"
tt0214178,8,2023-11-10,"Sooryavansham","Sooryavansham",https://www.imdb.com/title/tt0214178,Movie,6.4,168,1999,"Drama, Action",4858,"1999-05-21","E.V.V. Satyanarayana,Pranavanand"
tt15430628,7,2023-11-07,"Ride On","Long ma jing shen",https://www.imdb.com/title/tt15430628,Movie,6.3,126,2023,"Drama, Comedy, Action, Family",7917,"2023-04-07","Larry Yang"
tt1155076,8,2023-11-07,"The Karate Kid","The Karate Kid",https://www.imdb.com/title/tt1155076,Movie,6.3,140,2010,"Action, Drama, Family, Sport",230524,"2010-06-11","Harald Zwart"
tt0290095,9,2023-11-07,"The Tuxedo","The Tuxedo",https://www.imdb.com/title/tt0290095,Movie,5.4,98,2002,"Sci-Fi, Comedy, Action",94643,"2002-09-27","Kevin Donovan"
tt0293564,10,2023-11-07,"Rush Hour 3","Rush Hour 3",https://www.imdb.com/title/tt0293564,Movie,6.3,91,2007,"Thriller, Crime, Comedy, Action",202756,"2007-08-10","Brett Ratner"
tt0120812,10,2023-11-07,"Rush Hour","Rush Hour",https://www.imdb.com/title/tt0120812,Movie,7.1,98,1998,"Thriller, Crime, Comedy, Action",335961,"1998-09-18","Brett Ratner"
tt13159924,8,2023-11-05,"Gen V","Gen V",https://www.imdb.com/title/tt13159924,TV Series,7.6,50,2023,"Comedy, Action, Adventure, Drama, Sci-Fi",157301,"2023-09-29",
tt1389072,7,2023-10-28,"Downsizing","Downsizing",https://www.imdb.com/title/tt1389072,Movie,5.8,135,2017,"Drama, Sci-Fi, Fantasy",139259,"2017-12-22","Alexander Payne"
tt1655420,8,2023-10-24,"My Week with Marilyn","My Week with Marilyn",https://www.imdb.com/title/tt1655420,Movie,6.9,99,2011,"Drama, Biography",91815,"2011-12-23","Simon Curtis"
tt4034228,9,2023-10-24,"Manchester by the Sea","Manchester by the Sea",https://www.imdb.com/title/tt4034228,Movie,7.8,137,2016,"Drama",364202,"2016-12-16","Kenneth Lonergan"
tt0119081,8,2023-10-23,"Event Horizon","Event Horizon",https://www.imdb.com/title/tt0119081,Movie,6.6,96,1997,"Sci-Fi, Thriller, Horror",218067,"1997-08-15","Paul W.S. Anderson"
tt1279935,7,2023-10-19,"Date Night","Date Night",https://www.imdb.com/title/tt1279935,Movie,6.3,88,2010,"Comedy, Romance, Crime, Thriller",181063,"2010-04-09","Shawn Levy"
tt2258337,9,2023-10-06,"Eega","Eega",https://www.imdb.com/title/tt2258337,Movie,7.7,145,2012,"Fantasy, Action, Comedy, Drama",31148,"2012-07-05","S.S. Rajamouli"
tt0479751,10,2023-10-06,"Sivaji","Sivaji: The Boss",https://www.imdb.com/title/tt0479751,Movie,7.6,188,2007,"Action, Thriller, Drama, Crime",24286,"2007-06-15","Shankar Shanmugham"
tt11663228,7,2023-10-06,"Jailer","Jailer",https://www.imdb.com/title/tt11663228,Movie,7.2,168,2023,"Action, Crime, Thriller, Comedy",46990,"2023-08-10","Nelson Dilipkumar"
tt0816711,8,2023-09-30,"World War Z","World War Z",https://www.imdb.com/title/tt0816711,Movie,7.0,116,2013,"Action, Adventure, Horror, Sci-Fi",796290,"2013-06-21","Marc Forster"
tt10620868,7,2023-09-30,"#Alive","#Saraitda",https://www.imdb.com/title/tt10620868,Movie,6.3,98,2020,"Drama, Action, Horror, Thriller",56544,"2020-09-08","Il Cho"
tt28942282,1,2023-09-30,"Sex Education: Episode 8","Sex Education: Episode 8",https://www.imdb.com/title/tt28942282,TV Episode,6.5,83,2023,"Drama, Comedy, Romance",5543,"2023-09-21","Alyssa McClelland"
tt7767422,7,2023-09-30,"Sex Education","Sex Education",https://www.imdb.com/title/tt7767422,TV Series,8.2,60,2019,"Drama, Comedy, Romance",404770,"2019-01-11",
tt9362930,7,2023-09-23,"Blue Beetle","Blue Beetle",https://www.imdb.com/title/tt9362930,Movie,5.9,127,2023,"Sci-Fi, Action, Adventure, Thriller",120213,"2023-08-18","Ángel Manuel Soto"
tt1483013,10,2023-09-22,"Oblivion","Oblivion",https://www.imdb.com/title/tt1483013,Movie,7.0,124,2013,"Action, Sci-Fi, Adventure",591611,"2013-04-19","Joseph Kosinski"
tt15354916,10,2023-09-08,"Jawan","Jawan",https://www.imdb.com/title/tt15354916,Movie,6.9,169,2023,"Thriller, Drama, Crime, Action",112939,"2023-09-07","Atlee"
tt15153532,6,2023-09-06,"Strays","Strays",https://www.imdb.com/title/tt15153532,Movie,6.3,93,2023,"Comedy, Adventure",38616,"2023-08-18","Josh Greenbaum"
tt0407304,8,2023-09-06,"War of the Worlds","War of the Worlds",https://www.imdb.com/title/tt0407304,Movie,6.6,117,2005,"Sci-Fi, Adventure, Action",514899,"2005-06-29","Steven Spielberg"
tt1190080,7,2023-09-06,"2012","2012",https://www.imdb.com/title/tt1190080,Movie,5.9,158,2009,"Action, Sci-Fi, Adventure",427683,"2009-11-13","Roland Emmerich"
tt0409182,9,2023-09-06,"Poseidon","Poseidon",https://www.imdb.com/title/tt0409182,Movie,5.7,98,2006,"Adventure, Thriller, Action",117953,"2006-05-12","Wolfgang Petersen"
tt0114887,8,2023-09-06,"A Walk in the Clouds","A Walk in the Clouds",https://www.imdb.com/title/tt0114887,Movie,6.7,102,1995,"Romance, Drama",39551,"1995-08-11","Alfonso Arau"
tt8589698,8,2023-09-05,"Teenage Mutant Ninja Turtles: Mutant Mayhem","Teenage Mutant Ninja Turtles: Mutant Mayhem",https://www.imdb.com/title/tt8589698,Movie,7.2,99,2023,"Animation, Adventure, Comedy, Crime, Sci-Fi, Family, Fantasy, Action",79412,"2023-08-02","Jeff Rowe,Kyler Spears"
tt1001520,7,2023-09-01,"The Last Voyage of the Demeter","The Last Voyage of the Demeter",https://www.imdb.com/title/tt1001520,Movie,6.1,119,2023,"Horror, Fantasy, Thriller",71757,"2023-08-11","André Øvredal"
tt0317705,10,2023-08-30,"The Incredibles","The Incredibles",https://www.imdb.com/title/tt0317705,Movie,8.0,115,2004,"Animation, Action, Adventure, Family",919075,"2004-11-05","Brad Bird"
tt1049413,10,2023-08-30,"Up","Up",https://www.imdb.com/title/tt1049413,Movie,8.3,96,2009,"Animation, Family, Adventure, Comedy, Drama",1258345,"2009-05-29","Pete Docter,Bob Peterson"
tt0114709,10,2023-08-30,"Toy Story","Toy Story",https://www.imdb.com/title/tt0114709,Movie,8.3,81,1995,"Animation, Adventure, Comedy, Family, Fantasy",1201622,"1995-11-22","John Lasseter"
tt9224104,6,2023-08-27,"Meg 2: The Trench","Meg 2: The Trench",https://www.imdb.com/title/tt9224104,Movie,5.0,116,2023,"Sci-Fi, Action, Adventure, Horror, Thriller",105524,"2023-08-04","Ben Wheatley"
tt3901826,8,2023-08-27,"The Breadwinner","The Breadwinner",https://www.imdb.com/title/tt3901826,Movie,7.7,94,2017,"Animation, Drama, War",31363,"2017-11-17","Nora Twomey"
tt9603212,8,2023-08-19,"Mission: Impossible - Dead Reckoning Part One","Mission: Impossible - Dead Reckoning Part One",https://www.imdb.com/title/tt9603212,Movie,7.6,163,2023,"Action, Adventure, Thriller",333588,"2023-07-12","Christopher McQuarrie"
tt17524566,10,2023-08-19,"Guns & Gulaabs","Guns & Gulaabs",https://www.imdb.com/title/tt17524566,TV Series,7.6,50,2023,"Comedy, Crime, Romance, Thriller",20183,"2023-08-18",
tt0449088,10,2023-08-15,"Pirates of the Caribbean: At World's End","Pirates of the Caribbean: At World's End",https://www.imdb.com/title/tt0449088,Movie,7.2,169,2007,"Action, Adventure, Fantasy",754106,"2007-05-25","Gore Verbinski"
tt0120903,9,2023-08-15,"X-Men","X-Men",https://www.imdb.com/title/tt0120903,Movie,7.3,104,2000,"Adventure, Sci-Fi, Action",706375,"2000-07-14","Bryan Singer"
tt0290334,10,2023-08-15,"X2: X-Men United","X2",https://www.imdb.com/title/tt0290334,Movie,7.4,134,2003,"Sci-Fi, Thriller, Action",621334,"2003-05-02","Bryan Singer"
tt0376994,10,2023-08-15,"X-Men: The Last Stand","X-Men: The Last Stand",https://www.imdb.com/title/tt0376994,Movie,6.6,104,2006,"Action, Sci-Fi, Adventure",581251,"2006-05-26","Brett Ratner"
tt1270798,9,2023-08-15,"X-Men: First Class","X: First Class",https://www.imdb.com/title/tt1270798,Movie,7.7,131,2011,"Action, Sci-Fi",774865,"2011-06-03","Matthew Vaughn"
tt1430132,8,2023-08-15,"The Wolverine","The Wolverine",https://www.imdb.com/title/tt1430132,Movie,6.7,126,2013,"Action, Sci-Fi, Thriller",531402,"2013-07-26","James Mangold"
tt1981115,7,2023-08-15,"Thor: The Dark World","Thor: The Dark World",https://www.imdb.com/title/tt1981115,Movie,6.7,112,2013,"Action, Adventure, Fantasy, Sci-Fi",794051,"2013-11-08","Alan Taylor"
tt0800369,7,2023-08-15,"Thor","Thor",https://www.imdb.com/title/tt0800369,Movie,7.0,115,2011,"Action, Fantasy",986153,"2011-05-06","Kenneth Branagh"
tt1228705,7,2023-08-15,"Iron Man 2","Iron Man 2",https://www.imdb.com/title/tt1228705,Movie,6.9,124,2010,"Action, Sci-Fi",959789,"2010-05-07","Jon Favreau"
tt0478970,7,2023-08-15,"Ant-Man","Ant-Man",https://www.imdb.com/title/tt0478970,Movie,7.2,117,2015,"Action, Sci-Fi, Comedy",796523,"2015-07-17","Peyton Reed"
tt0848228,8,2023-08-15,"The Avengers","The Avengers",https://www.imdb.com/title/tt0848228,Movie,8.0,143,2012,"Action, Sci-Fi",1586059,"2012-05-04","Joss Whedon"
tt2395427,8,2023-08-15,"Avengers: Age of Ultron","Avengers: Age of Ultron",https://www.imdb.com/title/tt2395427,Movie,7.3,141,2015,"Action, Adventure, Sci-Fi",1024658,"2015-05-01","Joss Whedon"
tt1843866,8,2023-08-15,"Captain America: The Winter Soldier","Captain America: The Winter Soldier",https://www.imdb.com/title/tt1843866,Movie,7.7,136,2014,"Action, Adventure, Sci-Fi, Thriller",991859,"2014-04-04","Anthony Russo,Joe Russo"
tt2015381,9,2023-08-15,"Guardians of the Galaxy","Guardians of the Galaxy",https://www.imdb.com/title/tt2015381,Movie,8.0,121,2014,"Sci-Fi, Action, Adventure, Comedy",1387182,"2014-08-01","James Gunn"
tt1416801,7,2023-08-15,"Kill the Irishman","Kill the Irishman",https://www.imdb.com/title/tt1416801,Movie,7.0,106,2011,"Crime, Drama, Biography, Action",55105,"2012-05-11","Jonathan Hensleigh"
tt15789038,7,2023-08-15,"Elemental","Elemental",https://www.imdb.com/title/tt15789038,Movie,7.0,101,2023,"Animation, Adventure, Fantasy, Comedy, Romance, Family",169949,"2023-06-16","Peter Sohn"
tt1433775,7,2023-08-13,"A Tale of Legendary Libido","Garoojigi",https://www.imdb.com/title/tt1433775,Movie,5.3,120,2008,"Comedy, Fantasy",1245,"2008-04-30","Shin Han-sol"
tt15671028,6,2023-08-12,"No Hard Feelings","No Hard Feelings",https://www.imdb.com/title/tt15671028,Movie,6.3,103,2023,"Comedy, Romance",222863,"2023-06-23","Gene Stupnitsky"
tt0375611,6,2023-08-12,"Black","Black",https://www.imdb.com/title/tt0375611,Movie,8.1,122,2005,"Drama",37784,"2005-02-04","Sanjay Leela Bhansali"
tt1219289,8,2023-08-05,"Limitless","Limitless",https://www.imdb.com/title/tt1219289,Movie,7.4,105,2011,"Thriller, Sci-Fi",655524,"2011-03-18","Neil Burger"
tt2574698,7,2023-08-05,"Gunday","Gunday",https://www.imdb.com/title/tt2574698,Movie,2.8,152,2014,"Musical, Action, Romance, Drama",61548,"2014-02-14","Ali Abbas Zafar"
tt2224317,6,2023-08-05,"Robber","Lootera",https://www.imdb.com/title/tt2224317,Movie,7.4,136,2013,"Romance, Drama",18453,"2013-07-05","Vikramaditya Motwane"
tt2077833,8,2023-08-05,"Rowdy Rathore","Rowdy Rathore",https://www.imdb.com/title/tt2077833,Movie,5.9,140,2012,"Action, Comedy, Crime",27396,"2012-06-01","Prabhu Deva"
tt2369154,8,2023-08-05,"R... Rajkumar","R... Rajkumar",https://www.imdb.com/title/tt2369154,Movie,5.3,146,2013,"Action, Crime, Romance",7813,"2013-12-06","Prabhu Deva"
tt1166100,10,2023-08-05,"Ghajini","Ghajini",https://www.imdb.com/title/tt1166100,Movie,7.4,186,2008,"Thriller, Action, Mystery",72927,"2008-12-24","A.R. Murugadoss"
tt1708532,7,2023-08-05,"Ready","Ready",https://www.imdb.com/title/tt1708532,Movie,5.0,145,2011,"Comedy, Action, Romance",22532,"2011-06-03","Anees Bazmee,Singh Nanak"
tt3863552,9,2023-08-05,"Bajrangi Bhaijaan","Bajrangi Bhaijaan",https://www.imdb.com/title/tt3863552,Movie,8.1,163,2015,"Comedy, Drama, Adventure",113992,"2015-07-17","Kabir Khan"
tt1729637,9,2023-08-05,"Bodyguard","Bodyguard",https://www.imdb.com/title/tt1729637,Movie,4.8,130,2011,"Romance, Action, Drama, Comedy",31119,"2011-08-31","Siddique"
tt1620719,8,2023-08-05,"Dabangg","Dabangg",https://www.imdb.com/title/tt1620719,Movie,6.3,126,2010,"Action, Drama, Comedy, Crime",37731,"2010-09-10","Abhinav Kashyap"
tt0118983,7,2023-08-05,"Dil To Pagal Hai","Dil To Pagal Hai",https://www.imdb.com/title/tt0118983,Movie,7.0,180,1997,"Musical, Romance, Drama, Comedy",27338,"1997-10-30","Yash Chopra"
tt0119643,8,2023-08-05,"Meet Joe Black","Meet Joe Black",https://www.imdb.com/title/tt0119643,Movie,7.2,178,1998,"Drama, Romance, Fantasy",304176,"1998-11-13","Martin Brest"
tt6903440,5,2023-08-04,"Manikarnika: The Queen of Jhansi","Manikarnika: The Queen of Jhansi",https://www.imdb.com/title/tt6903440,Movie,6.4,148,2019,"History, Drama, Action, Biography",16810,"2019-01-25","Radha Krishna Jagarlamudi,Kangana Ranaut"
tt3405236,8,2023-08-04,"Raees","Raees",https://www.imdb.com/title/tt3405236,Movie,6.6,143,2017,"Crime, Drama, Action",55420,"2017-01-25","Rahul Dholakia"
tt1847645,8,2023-07-31,"Megamind: The Button of Doom","Megamind: The Button of Doom",https://www.imdb.com/title/tt1847645,Video,6.4,16,2011,"Animation, Short, Comedy, Family, Sci-Fi, Action",3802,"2011-02-25","Simon J. Smith"
tt2461132,6,2023-07-29,"Happy New Year","Happy New Year",https://www.imdb.com/title/tt2461132,Movie,5.1,180,2014,"Action, Comedy, Music, Drama",45233,"2014-10-24","Farah Khan"
tt0222270,10,2023-07-29,"Phir Bhi Dil Hai Hindustani","Phir Bhi Dil Hai Hindustani",https://www.imdb.com/title/tt0222270,Movie,6.2,160,2000,"Musical, Comedy, Drama, Romance",9570,"2000-01-21","Aziz Mirza"
tt0136352,8,2023-07-29,"Koyla","Koyla",https://www.imdb.com/title/tt0136352,Movie,6.2,166,1997,"Musical, Romance, Thriller, Drama, Action",10875,"1997-04-18","Rakesh Roshan"
tt0113526,8,2023-07-29,"Karan Arjun","Karan Arjun",https://www.imdb.com/title/tt0113526,Movie,6.8,175,1995,"Romance, Drama, Fantasy, Action",17930,"1995-01-13","Rakesh Roshan"
tt0211934,10,2023-07-29,"Baadshah","Baadshah",https://www.imdb.com/title/tt0211934,Movie,6.9,175,1999,"Thriller, Comedy, Romance, Crime, Action",22299,"1999-08-27","Abbas Alibhai Burmawalla,Mastan Alibhai Burmawalla"
tt0347473,10,2023-07-29,"Main Hoon Na","Main Hoon Na",https://www.imdb.com/title/tt0347473,Movie,7.1,182,2004,"Musical, Action, Comedy, Drama, Romance, Thriller",45594,"2004-04-30","Farah Khan"
tt0461936,10,2023-07-29,"Don","Don",https://www.imdb.com/title/tt0461936,Movie,7.2,171,2006,"Action, Crime, Thriller",45078,"2006-10-20","Farhan Akhtar"
tt0172684,10,2023-07-29,"Kuch Kuch Hota Hai","Kuch Kuch Hota Hai",https://www.imdb.com/title/tt0172684,Movie,7.5,185,1998,"Musical, Drama, Romance, Comedy",63558,"1998-10-16","Karan Johar"
tt0112870,10,2023-07-29,"Dilwale Dulhania Le Jayenge","Dilwale Dulhania Le Jayenge",https://www.imdb.com/title/tt0112870,Movie,8.0,181,1995,"Drama, Romance",86962,"2025-11-01","Aditya Chopra"
tt0806088,10,2023-07-29,"Heyy Babyy","Heyy Babyy",https://www.imdb.com/title/tt0806088,Movie,6.1,144,2007,"Comedy, Drama",18059,"2007-08-24","Sajid Khan"
tt5311514,8,2023-07-29,"Your Name.","Kimi no na wa.",https://www.imdb.com/title/tt5311514,Movie,8.4,106,2016,"Animation, Drama, Romance, Fantasy",406635,"2017-04-07","Makoto Shinkai"
tt16428256,7,2023-07-29,"Suzume","Suzume no Tojimari",https://www.imdb.com/title/tt16428256,Movie,7.6,122,2022,"Animation, Adventure, Fantasy, Drama",66315,"2023-04-14","Makoto Shinkai"
tt13157618,7,2023-07-28,"Secret Invasion","Secret Invasion",https://www.imdb.com/title/tt13157618,TV Mini Series,5.8,45,2023,"Action, Sci-Fi, Thriller, Adventure, Mystery",93184,"2023-06-21",
tt5971474,5,2023-07-28,"The Little Mermaid","The Little Mermaid",https://www.imdb.com/title/tt5971474,Movie,7.2,135,2023,"Musical, Family, Fantasy, Romance, Adventure",180549,"2023-05-26","Rob Marshall"
tt0164538,7,2023-07-28,"Dil Se..","Dil Se..",https://www.imdb.com/title/tt0164538,Movie,7.5,163,1998,"Romance, Drama",33831,"1998-08-21","Mani Ratnam"
tt1517451,8,2023-07-17,"A Star Is Born","A Star Is Born",https://www.imdb.com/title/tt1517451,Movie,7.6,136,2018,"Drama, Romance, Music",453507,"2018-10-05","Bradley Cooper"
tt14230388,6,2023-07-17,"Asteroid City","Asteroid City",https://www.imdb.com/title/tt14230388,Movie,6.4,105,2023,"Comedy, Romance, Drama, Sci-Fi",147337,"2023-06-23","Wes Anderson"
tt5090568,7,2023-07-13,"Transformers: Rise of the Beasts","Transformers: Rise of the Beasts",https://www.imdb.com/title/tt5090568,Movie,6.0,127,2023,"Action, Adventure, Sci-Fi",134373,"2023-06-09","Steven Caple Jr."
tt27989067,7,2023-07-06,"Lust Stories 2","Lust Stories 2",https://www.imdb.com/title/tt27989067,Movie,5.7,132,2023,"Drama, Romance",52366,"2023-06-29","R Balki,Sujoy Ghosh,Amit Ravindernath Sharma,Konkona Sen Sharma"
tt2631186,10,2023-07-05,"Baahubali: The Beginning","Bãhubali: The Beginning",https://www.imdb.com/title/tt2631186,Movie,8.0,159,2015,"Action, Drama",157028,"2015-07-09","S.S. Rajamouli"
tt6685538,6,2023-07-05,"Mavka: The Forest Song","Mavka. Lisova pisnia",https://www.imdb.com/title/tt6685538,Movie,6.6,99,2023,"Animation, Comedy, Fantasy, Family, Adventure, Romance",7422,"2023-08-15","Oleh Malamuzh,Oleksandra Ruban,Yevheniy Yermak"
tt6791350,10,2023-07-04,"Guardians of the Galaxy Vol. 3","Guardians of the Galaxy Vol. 3",https://www.imdb.com/title/tt6791350,Movie,7.9,150,2023,"Action, Adventure, Sci-Fi, Comedy, Fantasy",489407,"2023-05-05","James Gunn"
tt19500164,7,2023-07-04,"Nimona","Nimona",https://www.imdb.com/title/tt19500164,Movie,7.5,101,2023,"Animation, Fantasy, Adventure, Family, Sci-Fi, Action, Comedy, Drama, Thriller",63671,"2023-06-30","Nick Bruno,Troy Quane"
tt0052572,10,2023-06-29,"The World of Apu","Apur Sansar",https://www.imdb.com/title/tt0052572,Movie,8.4,105,1959,"Drama",20751,"1960-10-04","Satyajit Ray"
tt0048956,8,2023-06-28,"Aparajito","Aparajito",https://www.imdb.com/title/tt0048956,Movie,8.2,110,1956,"Drama",20368,"1956-10-11","Satyajit Ray"
tt15255288,6,2023-06-28,"Murder Mystery 2","Murder Mystery 2",https://www.imdb.com/title/tt15255288,Movie,5.7,89,2023,"Crime, Action, Mystery, Romance, Adventure, Comedy",86411,"2023-03-31","Jeremy Garelick"
tt14208870,7,2023-06-27,"The Fabelmans","The Fabelmans",https://www.imdb.com/title/tt14208870,Movie,7.5,151,2022,"Drama, Biography",137314,"2022-11-23","Steven Spielberg"
tt10701074,8,2023-06-27,"Ponniyin Selvan: Part I","Ponniyin Selvan: Part One",https://www.imdb.com/title/tt10701074,Movie,7.5,167,2022,"Drama, Action",38880,"2022-09-30","Mani Ratnam"
tt22444570,7,2023-06-27,"Ponniyin Selvan: Part Two","Ponniyin Selvan: Part Two",https://www.imdb.com/title/tt22444570,Movie,7.2,164,2023,"Action, Adventure, Drama",20087,"2023-04-28","Mani Ratnam"
tt0439572,7,2023-06-25,"The Flash","The Flash",https://www.imdb.com/title/tt0439572,Movie,6.6,144,2023,"Action, Adventure, Fantasy, Sci-Fi",252775,"2023-06-16","Andy Muschietti"
tt1298650,7,2023-06-25,"Pirates of the Caribbean: On Stranger Tides","Pirates of the Caribbean: On Stranger Tides",https://www.imdb.com/title/tt1298650,Movie,6.6,136,2011,"Action, Adventure, Fantasy",615504,"2011-05-20","Rob Marshall"
tt12263384,8,2023-06-25,"Extraction II","Extraction 2",https://www.imdb.com/title/tt12263384,Movie,7.0,122,2023,"Action, Thriller, Crime",176891,"2023-06-16","Sam Hargrave"
tt13929756,7,2023-06-25,"Skull Island","Skull Island",https://www.imdb.com/title/tt13929756,TV Series,6.5,20,2023,"Animation, Action, Adventure, Drama, Romance",3598,"2023-06-22",
tt0871510,10,2023-06-10,"Chak De! India","Chak De! India",https://www.imdb.com/title/tt0871510,Movie,8.1,153,2007,"Drama, Family, Sport",92883,"2025-11-01","Shimit Amin"
tt4630562,6,2023-06-09,"The Fate of the Furious","The Fate of the Furious",https://www.imdb.com/title/tt4630562,Movie,6.6,136,2017,"Action, Thriller, Crime",279167,"2017-04-14","F. Gary Gray"
tt5433140,7,2023-06-09,"Fast X","Fast X",https://www.imdb.com/title/tt5433140,Movie,5.7,141,2023,"Action, Crime, Thriller, Mystery, Adventure",150625,"2023-05-19","Louis Leterrier"
tt9362722,10,2023-06-04,"Spider-Man: Across the Spider-Verse","Spider-Man: Across the Spider-Verse",https://www.imdb.com/title/tt9362722,Movie,8.5,140,2023,"Animation, Action, Adventure, Sci-Fi, Fantasy, Family",556112,"2023-06-02","Joaquim Dos Santos,Kemp Powers,Justin K. Thompson"
tt24485052,7,2023-05-27,"Sirf Ek Bandaa Kaafi Hai","Sirf Ek Bandaa Kaafi Hai",https://www.imdb.com/title/tt24485052,Movie,8.0,132,2023,"Drama, Crime, Thriller",31443,"2023-05-23","Apoorv Singh Karki"
tt10366206,7,2023-05-25,"John Wick: Chapter 4","John Wick: Chapter 4",https://www.imdb.com/title/tt10366206,Movie,7.6,169,2023,"Action, Crime, Thriller",420600,"2023-03-24","Chad Stahelski"
tt0409072,8,2023-05-19,"Windstruck","Nae yeojachingureul sogae habnida",https://www.imdb.com/title/tt0409072,Movie,7.1,123,2004,"Comedy, Romance, Crime, Drama",8087,"2004-06-03","Kwak Jae-young"
tt6718170,8,2023-05-19,"The Super Mario Bros. Movie","The Super Mario Bros. Movie",https://www.imdb.com/title/tt6718170,Movie,7.0,92,2023,"Animation, Adventure, Family, Comedy, Fantasy",302976,"2023-04-05","Aaron Horvath,Michael Jelenic,Pierre Leduc,Fabien Polack"
tt14846026,8,2023-05-17,"Sisu","Sisu",https://www.imdb.com/title/tt14846026,Movie,6.9,91,2022,"Action, War, Thriller",126554,"2023-04-28","Jalmari Helander"
tt10640346,7,2023-05-13,"Babylon","Babylon",https://www.imdb.com/title/tt10640346,Movie,7.1,189,2022,"Drama, Comedy",210491,"2022-12-23","Damien Chazelle"
tt11358390,7,2023-05-13,"Renfield","Renfield",https://www.imdb.com/title/tt11358390,Movie,6.4,93,2023,"Comedy, Horror, Fantasy, Action",121758,"2023-04-14","Chris McKay"
tt15339570,7,2023-05-05,"Champions","Champions",https://www.imdb.com/title/tt15339570,Movie,6.8,124,2023,"Comedy, Drama, Sport",37100,"2023-03-10","Bobby Farrelly"
tt15326988,7,2023-04-28,"Ghosted","Ghosted",https://www.imdb.com/title/tt15326988,Movie,5.8,117,2023,"Action, Adventure, Romance, Comedy",82718,"2023-04-21","Dexter Fletcher"
tt22297828,9,2023-04-23,"Chor Nikal Ke Bhaga","Chor Nikal Ke Bhaga",https://www.imdb.com/title/tt22297828,Movie,7.2,110,2023,"Thriller, Crime, Drama",56719,"2023-03-24","Ajay Singh"
tt15567704,6,2023-04-23,"Salaam Venky","Salaam Venky",https://www.imdb.com/title/tt15567704,Movie,6.7,137,2022,"Drama",3128,"2023-02-10","Revathi"
tt10151854,7,2023-04-09,"Shazam! Fury of the Gods","Shazam! Fury of the Gods",https://www.imdb.com/title/tt10151854,Movie,5.9,130,2023,"Adventure, Comedy, Fantasy, Sci-Fi, Action",148615,"2023-03-17","David F. Sandberg"
tt7405458,7,2023-04-07,"A Man Called Otto","A Man Called Otto",https://www.imdb.com/title/tt7405458,Movie,7.5,126,2022,"Comedy, Drama",216562,"2023-01-13","Marc Forster"
tt26542712,7,2023-04-02,"Indubala Bhaater Hotel","Indubala Bhaater Hotel",https://www.imdb.com/title/tt26542712,TV Series,8.1,,2023,"Drama",798,"2023-03-08",
tt1630029,8,2023-04-02,"Avatar: The Way of Water","Avatar: The Way of Water",https://www.imdb.com/title/tt1630029,Movie,7.5,192,2022,"Action, Adventure, Sci-Fi, Fantasy",649104,"2022-12-16","James Cameron"
tt0120616,10,2023-03-27,"The Mummy","The Mummy",https://www.imdb.com/title/tt0120616,Movie,7.1,124,1999,"Fantasy, Action, Adventure",509708,"1999-05-07","Stephen Sommers"
tt13833688,8,2023-03-27,"The Whale","The Whale",https://www.imdb.com/title/tt13833688,Movie,7.6,117,2022,"Drama",311116,"2022-12-21","Darren Aronofsky"
tt6484982,8,2023-03-25,"Newton","Newton",https://www.imdb.com/title/tt6484982,Movie,7.6,106,2017,"Drama, Comedy",22628,"2017-09-22","Amit Masurkar"
tt1093370,8,2023-03-06,"Jab We Met","Jab We Met",https://www.imdb.com/title/tt1093370,Movie,7.9,138,2007,"Comedy, Romance, Drama",66521,"2007-10-26","Imtiaz Ali"
tt15477488,8,2023-03-04,"Farzi","Farzi",https://www.imdb.com/title/tt15477488,TV Series,8.3,56,2023,"Crime, Thriller, Drama, Comedy",57442,"2023-02-10",
tt26242172,9,2023-03-04,"Farzi: Social Service","Farzi: Social Service",https://www.imdb.com/title/tt26242172,TV Episode,8.1,61,2023,"Crime, Thriller, Drama, Comedy",1171,"2023-02-10","Krishna D.K.,Raj Nidimoru"
tt15747172,7,2023-03-04,"The Last of Us: Left Behind","The Last of Us: Left Behind",https://www.imdb.com/title/tt15747172,TV Episode,7.3,56,2023,"Adventure, Horror, Drama, Thriller, Sci-Fi, Action",78590,"2023-02-26","Liza Johnson"
tt0441048,9,2023-02-21,"Dhoom 2","Dhoom:2",https://www.imdb.com/title/tt0441048,Movie,6.6,152,2006,"Thriller, Action, Crime, Adventure",33496,"2006-11-24","Sanjay Gadhvi"
tt0499375,7,2023-02-21,"Guru","Guru",https://www.imdb.com/title/tt0499375,Movie,7.7,166,2007,"Drama",26488,"2007-01-12","Mani Ratnam,Sehgal Raj"
tt10954600,8,2023-02-21,"Ant-Man and the Wasp: Quantumania","Ant-Man and the Wasp: Quantumania",https://www.imdb.com/title/tt10954600,Movie,6.0,124,2023,"Action, Adventure, Comedy, Sci-Fi",280071,"2023-02-17","Peyton Reed"
tt0089881,10,2023-02-19,"Ran","Ran",https://www.imdb.com/title/tt0089881,Movie,8.2,160,1985,"Action, War, Drama",155006,"1985-06-01","Akira Kurosawa"
tt14659486,10,2023-02-12,"The Last of Us: Endure and Survive","The Last of Us: Endure and Survive",https://www.imdb.com/title/tt14659486,TV Episode,9.4,60,2023,"Adventure, Horror, Drama, Thriller, Sci-Fi, Action",90321,"2023-02-10","Jeremy Webb"
tt14500888,9,2023-01-31,"The Last of Us: Long, Long Time","The Last of Us: Long, Long Time",https://www.imdb.com/title/tt14500888,TV Episode,8.1,76,2023,"Adventure, Horror, Drama, Thriller, Sci-Fi, Action",242132,"2023-01-29","Peter Hoar"
tt14500884,10,2023-01-31,"The Last of Us: Infected","The Last of Us: Infected",https://www.imdb.com/title/tt14500884,TV Episode,9.0,53,2023,"Adventure, Horror, Drama, Thriller, Sci-Fi, Action",112264,"2023-01-22","Neil Druckmann"
tt5946128,9,2023-01-28,"Dear Zindagi","Dear Zindagi",https://www.imdb.com/title/tt5946128,Movie,7.4,151,2016,"Drama, Romance",48009,"2016-11-23","Gauri Shinde"
tt23024514,7,2023-01-28,"Ballabhpurer Roopkotha","Ballabhpurer Roopkotha",https://www.imdb.com/title/tt23024514,Movie,8.0,136,2022,"Horror, Comedy",1780,"2022-10-25","Anirban Bhattacharya"
tt13676344,7,2023-01-28,"Record of Ragnarok","Shûmatsu no Valkyrie",https://www.imdb.com/title/tt13676344,TV Series,6.6,24,2021,"Animation, Action, Drama, Adventure, Fantasy, Thriller",13478,"2021-06-17",
tt15600222,9,2023-01-28,"An Action Hero","An Action Hero",https://www.imdb.com/title/tt15600222,Movie,7.0,130,2022,"Action, Comedy, Crime, Thriller",33875,"2022-12-02","Anirudh Iyer"
tt1562871,9,2023-01-28,"Ra.One","Ra.One",https://www.imdb.com/title/tt1562871,Movie,5.0,156,2011,"Action, Sci-Fi, Thriller",52908,"2011-10-26","Anubhav Sinha"
tt4535650,7,2023-01-28,"Dilwale","Dilwale",https://www.imdb.com/title/tt4535650,Movie,5.1,158,2015,"Action, Comedy, Romance, Drama",42621,"2015-12-18","Rohit Shetty"
tt1188996,10,2023-01-28,"My Name Is Khan","My Name Is Khan",https://www.imdb.com/title/tt1188996,Movie,7.9,165,2010,"Drama, Romance",124442,"2010-02-12","Karan Johar"
tt12844910,8,2023-01-28,"Pathaan","Pathaan",https://www.imdb.com/title/tt12844910,Movie,5.8,146,2023,"Action, Thriller, Adventure",167407,"2023-01-25","Siddharth Anand"
tt8760708,9,2023-01-24,"M3GAN","M3GAN",https://www.imdb.com/title/tt8760708,Movie,6.3,102,2022,"Horror, Thriller, Sci-Fi",185306,"2023-01-06","Gerard Johnstone"
tt15128068,8,2023-01-23,"Monica, O My Darling","Monica O My Darling",https://www.imdb.com/title/tt15128068,Movie,7.4,129,2022,"Drama, Comedy, Crime, Thriller",24484,"2022-11-11","Vasan Bala"
tt9764362,8,2023-01-22,"The Menu","The Menu",https://www.imdb.com/title/tt9764362,Movie,7.1,107,2022,"Horror, Thriller, Comedy",517259,"2022-11-18","Mark Mylod"
tt0433416,9,2023-01-21,"The Namesake","The Namesake",https://www.imdb.com/title/tt0433416,Movie,7.5,122,2006,"Drama",23165,"2007-04-06","Mira Nair"
tt11957006,10,2023-01-21,"The Last of Us: When You're Lost in the Darkness","The Last of Us: When You're Lost in the Darkness",https://www.imdb.com/title/tt11957006,TV Episode,9.1,81,2023,"Adventure, Horror, Drama, Thriller, Sci-Fi, Action",124254,"2023-01-15","Craig Mazin"
tt13618828,10,2023-01-14,"Alice in Borderland: Episode 3","Imawa no Kuni no Arisu: Episode 3",https://www.imdb.com/title/tt13618828,TV Episode,8.4,42,2020,"Drama, Sci-Fi, Thriller, Mystery, Horror, Action",7426,"2020-12-10","Shinsuke Satô"
tt1230448,10,2023-01-11,"Billu","Billu",https://www.imdb.com/title/tt1230448,Movie,6.5,137,2009,"Comedy, Drama",15311,"2009-02-13","Priyadarshan"
tt2215477,7,2023-01-11,"Goliyon Ki Raasleela Ram Leela","Goliyon Ki Raasleela Ram-leela",https://www.imdb.com/title/tt2215477,Movie,6.4,150,2013,"Musical, Drama, Romance",23978,"2013-11-15","Sanjay Leela Bhansali,Sushma Sunam"
tt3735246,8,2023-01-11,"Bajirao Mastani","Bajirao Mastani",https://www.imdb.com/title/tt3735246,Movie,7.3,158,2015,"Romance, Drama, History, Action, War",43114,"2015-12-18","Sanjay Leela Bhansali"
tt2112124,7,2023-01-11,"Chennai Express","Chennai Express",https://www.imdb.com/title/tt2112124,Movie,6.3,141,2013,"Action, Comedy, Romance",73926,"2013-08-08","Rohit Shetty"
tt3767372,10,2023-01-11,"Piku","Piku",https://www.imdb.com/title/tt3767372,Movie,7.6,123,2015,"Drama, Comedy",37416,"2015-05-08","Shoojit Sircar"
tt10795658,9,2023-01-08,"Alice in Borderland","Imawa no Kuni no Arisu",https://www.imdb.com/title/tt10795658,TV Series,7.8,50,2020,"Drama, Sci-Fi, Thriller, Mystery, Horror, Action",152938,"2020-12-10",
tt15309708,7,2023-01-08,"Uunchai","Uunchai",https://www.imdb.com/title/tt15309708,Movie,7.0,173,2022,"Drama, Adventure, Comedy",7914,"2022-11-11","Sooraj R. Barjatya"
tt3915174,8,2023-01-06,"Puss in Boots: The Last Wish","Puss in Boots: The Last Wish",https://www.imdb.com/title/tt3915174,Movie,7.9,102,2022,"Animation, Action, Comedy, Fantasy, Adventure, Family, Western",232261,"2022-12-21","Joel Crawford,Januel P. Mercado"
tt9114286,7,2023-01-01,"Black Panther: Wakanda Forever","Black Panther: Wakanda Forever",https://www.imdb.com/title/tt9114286,Movie,6.6,161,2022,"Action, Adventure, Sci-Fi, Drama",403134,"2022-11-11","Ryan Coogler"
tt15654262,8,2023-01-01,"Chup","Chup",https://www.imdb.com/title/tt15654262,Movie,7.4,135,2022,"Thriller, Mystery, Drama, Horror",27896,"2022-09-23","R Balki,Ashutosh Sharma"
tt10298840,6,2022-12-31,"Strange World","Strange World",https://www.imdb.com/title/tt10298840,Movie,5.7,102,2022,"Animation, Action, Adventure, Sci-Fi, Comedy, Fantasy, Family",51418,"2022-11-23","Don Hall,Qui Nguyen"
tt0986264,10,2022-12-31,"Like Stars on Earth","Taare Zameen Par",https://www.imdb.com/title/tt0986264,Movie,8.3,162,2007,"Drama, Family",236730,"2007-12-21","Aamir Khan"
tt14428598,8,2022-12-31,"Qala","Qala",https://www.imdb.com/title/tt14428598,Movie,7.2,119,2022,"Drama, Music, Thriller",8726,"2022-12-01","Anvita Dutt"
tt13616990,10,2022-12-30,"Chainsaw Man","Chainsaw Man",https://www.imdb.com/title/tt13616990,TV Series,8.3,24,2022,"Animation, Action, Fantasy",112654,"2022-10-11",
tt16358384,8,2022-12-26,"Tulsa King","Tulsa King",https://www.imdb.com/title/tt16358384,TV Series,7.9,40,2022,"Drama, Crime, Action",121446,"2022-11-13",
tt15327088,6,2022-12-26,"Kantara","Kantara",https://www.imdb.com/title/tt15327088,Movie,8.1,148,2022,"Adventure, Drama, Thriller, Action",118730,"2022-09-30","Rishab Shetty"
tt0109424,7,2022-12-26,"Chungking Express","Chung Hing sam lam",https://www.imdb.com/title/tt0109424,Movie,7.9,102,1994,"Crime, Comedy, Mystery, Romance, Drama",114284,"1996-03-08","Wong Kar-Wai"
tt21148238,10,2022-12-24,"Kaiser","Kaiser",https://www.imdb.com/title/tt21148238,TV Series,8.2,28,2022,"Thriller, Mystery, Crime",4038,"2022-07-08",
tt24800854,8,2022-12-23,"Mayashalik","Mayashalik",https://www.imdb.com/title/tt24800854,TV Movie,8.0,113,2022,"Mystery, Romance, Sci-Fi, Drama, Thriller",785,"2022-12-20","Shihab Shaheen"
tt0804461,10,2022-12-22,"Death Sentence","Death Sentence",https://www.imdb.com/title/tt0804461,Movie,6.7,105,2007,"Thriller, Action, Crime",78357,"2007-08-31","James Wan"
tt9054970,8,2022-12-11,"Doctor G","Doctor G",https://www.imdb.com/title/tt9054970,Movie,6.6,124,2022,"Comedy, Drama",19746,"2022-10-14","Anubhuti Kashyap"
tt1488589,7,2022-12-11,"Guillermo del Toro's Pinocchio","Guillermo del Toro's Pinocchio",https://www.imdb.com/title/tt1488589,Movie,7.6,117,2022,"Animation, Musical, Fantasy, Drama, Family, Adventure",167346,"2022-12-09","Guillermo del Toro,Mark Gustafson"
tt15474916,10,2022-12-09,"Smile","Smile",https://www.imdb.com/title/tt15474916,Movie,6.5,115,2022,"Horror, Mystery, Thriller",249951,"2022-09-30","Parker Finn"
tt11116912,5,2022-12-02,"Troll","Troll",https://www.imdb.com/title/tt11116912,Movie,5.8,101,2022,"Action, Adventure, Fantasy, Drama, Thriller",60016,"2022-12-01","Roar Uthaug"
tt10999120,8,2022-11-27,"Spirited","Spirited",https://www.imdb.com/title/tt10999120,Movie,6.6,127,2022,"Musical, Comedy, Family, Fantasy",60361,"2022-11-18","Sean Anders"
tt8093700,8,2022-11-27,"The Woman King","The Woman King",https://www.imdb.com/title/tt8093700,Movie,6.9,135,2022,"Drama, History, Action",84420,"2022-09-16","Gina Prince-Bythewood"
tt9319668,8,2022-11-20,"1899","1899",https://www.imdb.com/title/tt9319668,TV Series,7.3,60,2022,"Drama, Adventure, Thriller",125769,"2022-11-17",
tt13320662,7,2022-11-20,"Slumberland","Slumberland",https://www.imdb.com/title/tt13320662,Movie,6.7,117,2022,"Adventure, Fantasy, Comedy, Family, Drama",36521,"2022-11-18","Francis Lawrence"
tt8415836,8,2022-11-17,"Guillermo del Toro's Cabinet of Curiosities","Guillermo del Toro's Cabinet of Curiosities",https://www.imdb.com/title/tt8415836,TV Series,7.0,60,2022,"Horror, Mystery, Drama, Thriller",65909,"2022-10-25",
tt9288748,9,2022-11-12,"My Father's Dragon","My Father's Dragon",https://www.imdb.com/title/tt9288748,Movie,6.5,99,2022,"Animation, Adventure, Drama, Family, Fantasy, Comedy",4320,"2022-11-11","Nora Twomey"
tt22774688,6,2022-11-11,"The Soccer Football Movie","The Soccer Football Movie",https://www.imdb.com/title/tt22774688,Movie,3.1,73,2022,"Animation, Comedy, Sport, Family",1548,"2022-11-09","Mitch Schauer"
tt21206718,8,2022-11-11,"Zootopia+: Dinner Rush","Zootopia+: Dinner Rush",https://www.imdb.com/title/tt21206718,TV Episode,7.4,9,2022,"Animation, Musical, Short, Adventure, Comedy, Family, Crime, Romance",890,"2022-11-09","Trent Correy,Josie Trinidad"
tt21206706,9,2022-11-11,"Zootopia+: The Godfather of the Bride","Zootopia+: The Godfather of the Bride",https://www.imdb.com/title/tt21206706,TV Episode,8.1,8,2022,"Animation, Musical, Short, Adventure, Comedy, Family, Crime, Romance",1050,"2022-11-09","Trent Correy,Josie Trinidad"
tt13622956,8,2022-11-11,"Zootopia+","Zootopia+",https://www.imdb.com/title/tt13622956,TV Series,6.8,8,2022,"Animation, Musical, Short, Adventure, Comedy, Family, Crime, Romance",7510,"2022-11-09",
tt20723374,8,2022-11-07,"Star Wars: Tales of the Jedi","Star Wars: Tales of the Jedi",https://www.imdb.com/title/tt20723374,TV Mini Series,8.1,15,2022,"Animation, Short, Action, Adventure, Sci-Fi, Drama, Fantasy",46640,"2022-10-26",
tt6277462,7,2022-11-04,"Brahmastra Part One: Shiva","Brahmastra Part One: Shiva",https://www.imdb.com/title/tt6277462,Movie,5.6,167,2022,"Fantasy, Adventure, Action, Romance",116447,"2022-09-09","Ayan Mukerji"
tt7923710,8,2022-11-01,"My Mister","Naui ajusshi",https://www.imdb.com/title/tt7923710,TV Series,9.0,70,2018,"Drama",16345,"2020-11-03",
tt8216026,10,2022-10-25,"My Mister: 50,000 Dollar Trap","Naui ajusshi: 50,000 Dollar Trap",https://www.imdb.com/title/tt8216026,TV Episode,7.9,87,2018,"Drama",448,"2020-11-03",
tt8220166,10,2022-10-25,"My Mister: Survive","Naui ajusshi: Survive",https://www.imdb.com/title/tt8220166,TV Episode,8.2,72,2018,"Drama",408,"2018-03-22",
tt11198354,10,2022-10-25,"House of the Dragon: The Black Queen","House of the Dragon: The Black Queen",https://www.imdb.com/title/tt11198354,TV Episode,9.3,59,2022,"Fantasy, Adventure, Drama, Action",58335,"2022-10-23","Greg Yaitanes"
tt6443346,8,2022-10-21,"Black Adam","Black Adam",https://www.imdb.com/title/tt6443346,Movie,6.1,125,2022,"Action, Sci-Fi, Fantasy, Adventure",309280,"2022-10-21","Jaume Collet-Serra"
tt11198352,10,2022-10-18,"House of the Dragon: The Green Council","House of the Dragon: The Green Council",https://www.imdb.com/title/tt11198352,TV Episode,8.7,58,2022,"Fantasy, Adventure, Drama, Action",55954,"2022-10-16","Clare Kilner"
tt15318872,7,2022-10-09,"Werewolf by Night","Werewolf by Night",https://www.imdb.com/title/tt15318872,TV Movie,7.1,52,2022,"Horror, Action, Drama, Mystery, Thriller, Fantasy",81754,"2022-10-07","Michael Giacchino"
tt10028196,7,2022-10-09,"Laal Singh Chaddha","Laal Singh Chaddha",https://www.imdb.com/title/tt10028196,Movie,5.6,159,2022,"Comedy, Drama, Romance",181727,"2022-08-11","Advait Chandan"
tt11981568,8,2022-10-09,"Cars on the Road","Cars on the Road",https://www.imdb.com/title/tt11981568,TV Mini Series,6.9,,2022,"Animation, Adventure, Comedy, Sport, Family",5432,"2022-09-08",
tt12235718,8,2022-10-09,"Hellbound","Jiok",https://www.imdb.com/title/tt12235718,TV Series,6.6,25,2021,"Drama, Fantasy, Thriller, Horror, Crime, Mystery",33713,"2021-11-19",
tt10857160,5,2022-10-07,"She Hulk: Attorney at Law","She-Hulk: Attorney at Law",https://www.imdb.com/title/tt10857160,TV Mini Series,5.2,35,2022,"Action, Adventure, Comedy, Sci-Fi, Drama",213622,"2022-08-18",
tt11198348,10,2022-10-05,"House of the Dragon: Driftmark","House of the Dragon: Driftmark",https://www.imdb.com/title/tt11198348,TV Episode,9.1,59,2022,"Fantasy, Adventure, Drama, Action",63950,"2022-10-02","Miguel Sapochnik"
tt20225374,6,2022-10-05,"Vesper","Vesper",https://www.imdb.com/title/tt20225374,Movie,6.0,114,2022,"Drama, Sci-Fi, Adventure, Thriller",27590,"2022-09-30","Kristina Buozyte,Bruno Samper"
tt0238936,8,2022-10-01,"Devdas","Devdas",https://www.imdb.com/title/tt0238936,Movie,7.6,185,2002,"Musical, Drama, Romance",52969,"2002-07-12","Sanjay Leela Bhansali"
tt0366304,9,2022-10-01,"Choker Bali: A Passion Play","Chokher Bali",https://www.imdb.com/title/tt0366304,Movie,7.2,167,2003,"Drama",2240,"2003-10-02","Rituparno Ghosh"
tt12593682,8,2022-09-27,"Bullet Train","Bullet Train",https://www.imdb.com/title/tt12593682,Movie,7.3,127,2022,"Action, Thriller, Comedy",549096,"2022-08-05","David Leitch"
tt5182866,10,2022-09-23,"Reply 1988","Eungdaphara 1988",https://www.imdb.com/title/tt5182866,TV Series,9.0,90,2015,"Comedy, Drama, Family, Romance",20151,"2015-11-05",
tt10592082,6,2022-09-22,"Parineeta","Parineeta",https://www.imdb.com/title/tt10592082,Movie,7.4,115,2019,"Romance",1949,"2019-09-06","Raj Chakraborty"
tt2229842,10,2022-09-21,"Table No. 21","Table No.21",https://www.imdb.com/title/tt2229842,Movie,7.2,108,2013,"Thriller, Drama",16309,"2013-01-04","Aditya Datt"
tt9389802,8,2022-09-21,"Generation Aami","Generation Aami",https://www.imdb.com/title/tt9389802,Movie,7.6,118,2018,"Drama",1351,"2018-11-23","Mainak Bhaumik"
tt2351177,10,2022-09-21,"Bhooter Bhabishyat","Bhooter Bhabishyat",https://www.imdb.com/title/tt2351177,Movie,8.1,123,2012,"Fantasy, Comedy, Horror",4748,"2012-03-14","Anik Datta"
tt7746986,7,2022-09-21,"Samantaral","Samantaral",https://www.imdb.com/title/tt7746986,Movie,7.5,114,2017,"Drama",1076,"2017-11-24","Partha Chakraborty"
tt4593060,6,2022-09-20,"Pinocchio","Pinocchio",https://www.imdb.com/title/tt4593060,Movie,5.1,105,2022,"Animation, Musical, Family, Comedy, Drama, Fantasy, Adventure",47290,"2022-09-08","Robert Zemeckis"
tt12590266,8,2022-09-20,"Cyberpunk: Edgerunners","Cyberpunk: Edgerunners",https://www.imdb.com/title/tt12590266,TV Series,8.3,24,2022,"Animation, Sci-Fi, Action, Crime, Adventure, Thriller, Drama",135860,"2022-09-13",
tt15325794,6,2022-09-17,"Fall","Fall",https://www.imdb.com/title/tt15325794,Movie,6.4,107,2022,"Thriller, Action",147199,"2022-08-12","Scott Mann"
tt11198340,8,2022-09-16,"House of the Dragon: King of the Narrow Sea","House of the Dragon: King of the Narrow Sea",https://www.imdb.com/title/tt11198340,TV Episode,8.4,63,2022,"Fantasy, Adventure, Drama, Action",63128,"2022-09-11","Clare Kilner"
tt0363771,10,2022-09-16,"The Chronicles of Narnia: The Lion, the Witch and the Wardrobe","The Chronicles of Narnia: The Lion, the Witch and the Wardrobe",https://www.imdb.com/title/tt0363771,Movie,6.9,143,2005,"Adventure, Family, Fantasy",463002,"2005-12-09","Andrew Adamson"
tt9198364,8,2022-09-16,"Three Thousand Years of Longing","Three Thousand Years of Longing",https://www.imdb.com/title/tt9198364,Movie,6.7,108,2022,"Drama, Fantasy, Romance",74062,"2022-08-26","George Miller"
tt9788618,8,2022-09-07,"The Lord of the Rings: The Rings of Power: A Shadow of the Past","The Lord of the Rings: The Rings of Power: A Shadow of the Past",https://www.imdb.com/title/tt9788618,TV Episode,7.3,65,2022,"Adventure, Fantasy, Action, Drama",66002,"2022-09-01","J.A. Bayona"
tt10582302,8,2022-09-07,"The Lord of the Rings: The Rings of Power: Adrift","The Lord of the Rings: The Rings of Power: Adrift",https://www.imdb.com/title/tt10582302,TV Episode,7.3,67,2022,"Adventure, Fantasy, Action, Drama",61082,"2022-09-01","J.A. Bayona"
tt11198338,10,2022-09-07,"House of the Dragon: Second of His Name","House of the Dragon: Second of His Name",https://www.imdb.com/title/tt11198338,TV Episode,8.7,63,2022,"Fantasy, Adventure, Drama, Action",73986,"2022-09-04","Greg Yaitanes"
tt0129290,10,2022-09-07,"Patch Adams","Patch Adams",https://www.imdb.com/title/tt0129290,Movie,6.9,115,1998,"Biography, Romance, Drama, Comedy",131624,"1998-12-25","Tom Shadyac"
tt0101889,8,2022-09-07,"The Fisher King","The Fisher King",https://www.imdb.com/title/tt0101889,Movie,7.5,137,1991,"Fantasy, Drama, Comedy",97754,"1991-09-20","Terry Gilliam"
tt1262981,9,2022-09-01,"World's Greatest Dad","World's Greatest Dad",https://www.imdb.com/title/tt1262981,Movie,6.8,99,2009,"Comedy, Drama",42558,"2010-09-24","Bobcat Goldthwait"
tt14107554,7,2022-09-01,"Dasvi","Dasvi",https://www.imdb.com/title/tt14107554,Movie,7.3,125,2022,"Comedy, Drama",62820,"2022-04-07","Tushar Jalota"
tt0099077,10,2022-08-31,"Awakenings","Awakenings",https://www.imdb.com/title/tt0099077,Movie,7.8,121,1990,"Biography, Drama",179135,"1991-01-11","Penny Marshall"
tt11198330,10,2022-08-31,"House of the Dragon","House of the Dragon",https://www.imdb.com/title/tt11198330,TV Series,8.2,60,2022,"Fantasy, Adventure, Drama, Action",572644,"2022-08-21",
tt11198336,9,2022-08-31,"House of the Dragon: The Rogue Prince","House of the Dragon: The Rogue Prince",https://www.imdb.com/title/tt11198336,TV Episode,8.3,54,2022,"Fantasy, Adventure, Drama, Action",72597,"2022-08-28","Greg Yaitanes"
tt1743360,6,2022-08-31,"Sundays at Tiffany's","Sundays at Tiffany's",https://www.imdb.com/title/tt1743360,TV Movie,6.5,88,2010,"Romance, Drama",4824,"2010-12-06","Mark Piznarski"
tt0254481,10,2022-08-29,"Koi... Mil Gaya","Koi... Mil Gaya",https://www.imdb.com/title/tt0254481,Movie,7.2,171,2003,"Drama, Romance, Sci-Fi, Action, Fantasy, Comedy",32100,"2003-08-08","Rakesh Roshan"
tt1291465,7,2022-08-29,"Raajneeti","Raajneeti",https://www.imdb.com/title/tt1291465,Movie,7.1,163,2010,"Drama, Thriller",20439,"2010-06-04","Prakash Jha,Singh Nanak"
tt0120863,8,2022-08-27,"The Thin Red Line","The Thin Red Line",https://www.imdb.com/title/tt0120863,Movie,7.6,170,1998,"History, Drama, War",214121,"1999-01-15","Terrence Malick"
tt0865556,10,2022-08-26,"The Forbidden Kingdom","The Forbidden Kingdom",https://www.imdb.com/title/tt0865556,Movie,6.5,104,2008,"Action, Adventure, Fantasy",114192,"2008-04-18","Rob Minkoff"
tt0167190,10,2022-08-26,"Hellboy","Hellboy",https://www.imdb.com/title/tt0167190,Movie,6.9,122,2004,"Fantasy, Adventure, Sci-Fi, Horror, Action",373512,"2004-04-02","Guillermo del Toro"
tt0859163,9,2022-08-26,"The Mummy: Tomb of the Dragon Emperor","The Mummy: Tomb of the Dragon Emperor",https://www.imdb.com/title/tt0859163,Movie,5.3,112,2008,"Adventure, Action, Fantasy",182470,"2008-08-01","Rob Cohen"
tt5500218,7,2022-08-26,"Samaritan","Samaritan",https://www.imdb.com/title/tt5500218,Movie,5.7,102,2022,"Sci-Fi, Drama, Fantasy, Action",62319,"2022-08-26","Julius Avery"
tt11198334,10,2022-08-22,"House of the Dragon: The Heirs of the Dragon","House of the Dragon: The Heirs of the Dragon",https://www.imdb.com/title/tt11198334,TV Episode,8.7,66,2022,"Fantasy, Adventure, Drama, Action",90556,"2022-08-21","Miguel Sapochnik"
tt1745960,9,2022-08-18,"Top Gun: Maverick","Top Gun: Maverick",https://www.imdb.com/title/tt1745960,Movie,8.2,130,2022,"Action, Drama",907848,"2022-05-27","Joseph Kosinski"
tt7466810,8,2022-08-14,"777 Charlie","777 Charlie",https://www.imdb.com/title/tt7466810,Movie,8.7,164,2022,"Adventure, Comedy, Drama",48832,"2022-06-10","Kiranraj K"
tt3704428,7,2022-08-13,"Elvis","Elvis",https://www.imdb.com/title/tt3704428,Movie,7.3,159,2022,"Biography, Drama, Music",265183,"2022-06-24","Baz Luhrmann"
tt0443737,8,2022-08-13,"Death Trance","Desu toransu",https://www.imdb.com/title/tt0443737,Movie,5.7,89,2005,"Adventure, Action, Fantasy",1947,"2006-05-20","Yūji Shimomura"
tt0398913,8,2022-08-13,"DOA: Dead or Alive","DOA: Dead or Alive",https://www.imdb.com/title/tt0398913,Movie,4.8,87,2006,"Action, Adventure, Mystery",48235,"2007-06-15","Corey Yuen"
tt13314558,7,2022-08-13,"Day Shift","Day Shift",https://www.imdb.com/title/tt13314558,Movie,6.1,113,2022,"Comedy, Fantasy, Action, Thriller, Horror",100733,"2022-08-12","J.J. Perry"
tt0109190,10,2022-08-13,"Baby's Day Out","Baby's Day Out",https://www.imdb.com/title/tt0109190,Movie,6.3,99,1994,"Adventure, Crime, Drama, Comedy, Family",61505,"1994-07-01","Patrick Read Johnson"
tt7144666,8,2022-08-12,"The Black Phone","The Black Phone",https://www.imdb.com/title/tt7144666,Movie,6.9,103,2021,"Horror, Thriller, Mystery",272849,"2022-06-24","Scott Derrickson"
tt11866324,8,2022-08-12,"Prey","Prey",https://www.imdb.com/title/tt11866324,Movie,7.1,100,2022,"Sci-Fi, Thriller, Action, Adventure, Horror",278035,"2022-08-05","Dan Trachtenberg"
tt14001894,6,2022-08-12,"Secret Headquarters","Secret Headquarters",https://www.imdb.com/title/tt14001894,Movie,5.3,104,2022,"Action, Adventure, Sci-Fi, Comedy, Family",9047,"2022-08-05","Henry Joost,Ariel Schulman"
tt4614584,7,2022-08-06,"Purple Hearts","Purple Hearts",https://www.imdb.com/title/tt4614584,Movie,6.7,122,2022,"Drama, Romance, Music",74914,"2022-07-29","Elizabeth Allen Rosenbaum"
tt7214954,8,2022-08-05,"Luck","Luck",https://www.imdb.com/title/tt7214954,Movie,6.5,105,2022,"Animation, Adventure, Comedy, Family, Fantasy",36450,"2022-08-05","Peggy Holmes,Javier Abad"
tt5113044,7,2022-08-03,"Minions: The Rise of Gru","Minions: The Rise of Gru",https://www.imdb.com/title/tt5113044,Movie,6.5,87,2022,"Animation, Adventure, Comedy, Family, Sci-Fi, Crime",109611,"2022-07-01","Kyle Balda,Brad Ableson,Jonathan del Val"
tt8466564,7,2022-07-28,"Obi-Wan Kenobi","Obi-Wan Kenobi",https://www.imdb.com/title/tt8466564,TV Mini Series,7.0,45,2022,"Sci-Fi, Action, Adventure",267576,"2022-05-27",
tt10648342,7,2022-07-28,"Thor: Love and Thunder","Thor: Love and Thunder",https://www.imdb.com/title/tt10648342,Movie,6.1,118,2022,"Adventure, Romance, Sci-Fi, Comedy, Action",475964,"2022-07-08","Taika Waititi"
tt11743610,9,2022-07-28,"The Terminal List","The Terminal List",https://www.imdb.com/title/tt11743610,TV Series,7.9,60,2022,"Drama, Thriller, Action",130765,"2022-07-01",
tt0458525,9,2022-07-28,"X-Men Origins: Wolverine","X-Men Origins: Wolverine",https://www.imdb.com/title/tt0458525,Movie,6.5,107,2009,"Action, Sci-Fi",576820,"2009-05-01","Gavin Hood"
tt1440129,8,2022-07-28,"Battleship","Battleship",https://www.imdb.com/title/tt1440129,Movie,5.8,131,2012,"Action, Sci-Fi, Thriller, Adventure",272055,"2012-05-18","Peter Berg"
tt9263550,7,2022-07-26,"Rocketry: The Nambi Effect","Rocketry: The Nambi Effect",https://www.imdb.com/title/tt9263550,Movie,8.6,157,2022,"Biography, Drama",62752,"2022-07-01","Madhavan"
tt2882328,10,2022-07-26,"Ugly","Ugly",https://www.imdb.com/title/tt2882328,Movie,7.9,128,2013,"Thriller, Mystery, Crime, Drama",25693,"2014-12-26","Anurag Kashyap"
tt0473367,10,2022-07-24,"Jaane Tu... Ya Jaane Na","Jaane Tu... Ya Jaane Na",https://www.imdb.com/title/tt0473367,Movie,7.4,155,2008,"Comedy, Romance, Drama",29757,"2008-07-04","Abbas Tyrewala"
tt7329858,9,2022-07-24,"Pari","Pari",https://www.imdb.com/title/tt7329858,Movie,6.6,136,2018,"Horror, Mystery, Fantasy",8134,"2018-03-02","Prosit Roy"
tt4154664,7,2022-07-23,"Captain Marvel","Captain Marvel",https://www.imdb.com/title/tt4154664,Movie,6.7,123,2019,"Action, Adventure, Sci-Fi",674571,"2019-03-08","Anna Boden,Ryan Fleck"
tt1649418,7,2022-07-22,"The Gray Man","The Gray Man",https://www.imdb.com/title/tt1649418,Movie,6.5,122,2022,"Thriller, Mystery, Action",279366,"2022-07-22","Joe Russo,Anthony Russo"
tt0831933,10,2022-07-20,"Aaj Robibar","Aaj Robibar",https://www.imdb.com/title/tt0831933,TV Mini Series,9.3,50,1996,"Comedy, Drama, Family",1637,"1996-08-02",
tt12148314,10,2022-07-20,"Nokkhotrer Raat","Nokkhotrer Raat",https://www.imdb.com/title/tt12148314,TV Series,9.3,,1994,"Comedy, Drama, Family",691,"1994-02-17",
tt0870154,8,2022-07-19,"Jungle Cruise","Jungle Cruise",https://www.imdb.com/title/tt0870154,Movie,6.5,127,2021,"Adventure, Fantasy, Action, Comedy",230116,"2021-07-30","Jaume Collet-Serra"
tt0493464,10,2022-07-19,"Wanted","Wanted",https://www.imdb.com/title/tt0493464,Movie,6.7,110,2008,"Action, Thriller, Crime",431576,"2008-06-27","Timur Bekmambetov"
tt0443543,8,2022-07-19,"The Illusionist","The Illusionist",https://www.imdb.com/title/tt0443543,Movie,7.5,110,2006,"Drama, Romance, Mystery, Thriller, Fantasy",407274,"2006-09-01","Neil Burger"
tt0090756,7,2022-07-17,"Blue Velvet","Blue Velvet",https://www.imdb.com/title/tt0090756,Movie,7.7,120,1986,"Drama, Crime, Thriller, Mystery",249873,"1986-10-23","David Lynch"
tt21244540,10,2022-07-17,"Boruto: Naruto Next Generations: Uzumaki-ke no onsen ryokô","Boruto Naruto Nekusuto Jenerêshonzu: Uzumaki-ke no onsen ryokô",https://www.imdb.com/title/tt21244540,TV Episode,5.7,,2022,"Animation, Action, Adventure, Comedy, Fantasy, Drama",308,"2022-07-17","Masayuki Kôda,Tsuyoshi Yoshimoto,Noriyuki Abe"
tt0104779,7,2022-07-16,"Bitter Moon","Bitter Moon",https://www.imdb.com/title/tt0104779,Movie,7.2,139,1992,"Romance, Thriller, Drama",46931,"1994-03-18","Roman Polanski"
tt1639426,9,2022-07-15,"Udaan","Udaan",https://www.imdb.com/title/tt1639426,Movie,8.1,134,2010,"Drama",50503,"2010-07-16","Vikramaditya Motwane"
tt0320193,8,2022-07-15,"Oasis","Oasiseu",https://www.imdb.com/title/tt0320193,Movie,7.8,133,2002,"Romance, Drama",11963,"2004-05-07","Lee Chang-dong"
tt10298810,7,2022-07-15,"Lightyear","Lightyear",https://www.imdb.com/title/tt10298810,Movie,6.1,106,2022,"Animation, Adventure, Sci-Fi, Action, Comedy, Family",139098,"2022-06-17","Angus MacLane"
tt9179430,10,2022-07-13,"Vikram","Vikram",https://www.imdb.com/title/tt9179430,Movie,8.3,175,2022,"Action, Thriller, Crime, Mystery",91314,"2022-06-03","Lokesh Kanagaraj"
tt9288046,9,2022-07-11,"The Sea Beast","The Sea Beast",https://www.imdb.com/title/tt9288046,Movie,7.0,115,2022,"Animation, Adventure, Fantasy, Comedy, Family, Action, Thriller",66611,"2022-07-08","Chris Williams"
tt0369610,9,2022-07-07,"Jurassic World","Jurassic World",https://www.imdb.com/title/tt0369610,Movie,6.9,124,2015,"Adventure, Sci-Fi, Action",739089,"2015-06-12","Colin Trevorrow"
tt8041270,7,2022-07-07,"Jurassic World: Dominion","Jurassic World: Dominion",https://www.imdb.com/title/tt8041270,Movie,5.6,147,2022,"Adventure, Sci-Fi, Action, Thriller",251969,"2022-06-10","Colin Trevorrow"
tt2338151,9,2022-07-06,"PK","PK",https://www.imdb.com/title/tt2338151,Movie,8.1,153,2014,"Musical, Comedy, Sci-Fi, Drama",226574,"2014-12-19","Rajkumar Hirani"
tt2203308,10,2022-07-05,"Aashiqui 2","Aashiqui 2",https://www.imdb.com/title/tt2203308,Movie,7.1,132,2013,"Musical, Romance, Drama, Music",39097,"2013-04-26","Mohit Suri"
tt3175038,9,2022-07-05,"The Villain","Ek Villain",https://www.imdb.com/title/tt3175038,Movie,6.6,129,2014,"Action, Thriller, Drama, Crime, Romance",25700,"2014-06-27","Mohit Suri"
tt8108202,8,2022-07-05,"Stree","Stree",https://www.imdb.com/title/tt8108202,Movie,7.5,128,2018,"Horror, Comedy",48729,"2018-08-31","Amar Kaushik"
tt0433400,9,2022-07-05,"Just Friends","Just Friends",https://www.imdb.com/title/tt0433400,Movie,6.2,96,2005,"Comedy, Romance",136834,"2005-11-23","Roger Kumble"
tt1959563,8,2022-07-05,"The Hitman's Bodyguard","The Hitman's Bodyguard",https://www.imdb.com/title/tt1959563,Movie,6.9,118,2017,"Action, Comedy, Thriller, Crime",265301,"2017-08-18","Patrick Hughes"
tt6806448,9,2022-07-05,"Fast & Furious Presents: Hobbs & Shaw","Fast & Furious Presents: Hobbs & Shaw",https://www.imdb.com/title/tt6806448,Movie,6.4,137,2019,"Action, Adventure, Thriller, Comedy, Sci-Fi",261756,"2019-08-02","David Leitch"
tt0473075,10,2022-07-05,"Prince of Persia: The Sands of Time","Prince of Persia: The Sands of Time",https://www.imdb.com/title/tt0473075,Movie,6.5,116,2010,"Action, Fantasy, Adventure",320099,"2010-05-28","Mike Newell"
tt1567437,8,2022-07-05,"The Voices","The Voices",https://www.imdb.com/title/tt1567437,Movie,6.3,103,2014,"Crime, Thriller, Comedy, Horror",67439,"2015-02-06","Marjane Satrapi"
tt0492784,7,2022-07-04,"Strange Circus","Kimyô na sâkasu",https://www.imdb.com/title/tt0492784,Movie,6.9,108,2005,"Mystery, Horror, Thriller, Drama",6934,"2007-03-06","Sion Sono"
tt10324144,9,2022-07-03,"Article 15","Article 15",https://www.imdb.com/title/tt10324144,Movie,8.1,130,2019,"Crime, Drama, Mystery, Thriller",42035,"2019-06-28","Anubhav Sinha"
tt0111693,7,2022-07-02,"When a Man Loves a Woman","When a Man Loves a Woman",https://www.imdb.com/title/tt0111693,Movie,6.6,126,1994,"Romance, Drama",25272,"1994-05-13","Luis Mandoki"
tt13919802,6,2022-07-02,"Anek","Anek",https://www.imdb.com/title/tt13919802,Movie,6.3,147,2022,"Action, Thriller, Drama, Sport",22922,"2022-05-27","Anubhav Sinha"
tt13622958,8,2022-07-02,"Baymax!","Baymax!",https://www.imdb.com/title/tt13622958,TV Mini Series,7.2,12,2022,"Animation, Short, Action, Adventure, Comedy, Family, Sci-Fi",9728,"2022-06-29",
tt11172054,7,2022-07-02,"Stranger Things: Chapter Eight: Papa","Stranger Things: Chapter Eight: Papa",https://www.imdb.com/title/tt11172054,TV Episode,8.7,85,2022,"Drama, Horror, Thriller, Sci-Fi, Mystery, Fantasy",47447,"2022-07-01","Matt Duffer,Ross Duffer"
tt12810166,8,2022-07-02,"Stranger Things: Chapter Nine: The Piggyback","Stranger Things: Chapter Nine: The Piggyback",https://www.imdb.com/title/tt12810166,TV Episode,9.2,139,2022,"Drama, Horror, Thriller, Sci-Fi, Mystery, Fantasy",65263,"2022-07-01","Matt Duffer,Ross Duffer"
tt14376344,8,2022-06-29,"Cha Cha Real Smooth","Cha Cha Real Smooth",https://www.imdb.com/title/tt14376344,Movie,7.3,107,2022,"Drama, Comedy",32223,"2022-06-17","Cooper Raiff"
tt8323668,8,2022-06-28,"Jerry & Marge Go Large","Jerry & Marge Go Large",https://www.imdb.com/title/tt8323668,Movie,6.9,96,2022,"Drama, Biography, Comedy",37034,"2022-06-17","David Frankel"
tt5890000,9,2022-06-28,"Survival Family","Sabaibaru famirî",https://www.imdb.com/title/tt5890000,Movie,7.2,117,2016,"Comedy, Adventure, Family",3474,"2017-02-11","Shinobu Yaguchi"
tt0175880,9,2022-06-27,"Magnolia","Magnolia",https://www.imdb.com/title/tt0175880,Movie,8.0,188,1999,"Drama",354021,"2000-01-07","Paul Thomas Anderson"
tt0418647,8,2022-06-27,"Dreamer","Dreamer: Inspired by a True Story",https://www.imdb.com/title/tt0418647,Movie,6.9,106,2005,"Drama, Family, Sport",14920,"2005-10-21","John Gatins"
tt13706018,7,2022-06-26,"Spy x Family","Supai Famirî",https://www.imdb.com/title/tt13706018,TV Series,8.2,24,2022,"Animation, Action, Comedy, Thriller",65540,"2022-04-09",
tt13640670,7,2022-06-26,"Man vs. Bee","Man vs Bee",https://www.imdb.com/title/tt13640670,TV Mini Series,6.7,12,2022,"Short, Comedy, Family",41318,"2022-06-24",
tt10208198,9,2022-06-24,"The Gangster, the Cop, the Devil","Akinjeon",https://www.imdb.com/title/tt10208198,Movie,7.0,109,2019,"Action, Crime, Thriller",35439,"2019-05-15","Lee Won-tae"
tt2661044,8,2022-06-22,"The 100","The 100",https://www.imdb.com/title/tt2661044,TV Series,7.5,43,2014,"Sci-Fi, Drama, Action, Mystery",308502,"2014-03-19",
tt11875316,9,2022-06-21,"The Mysterious Benedict Society","The Mysterious Benedict Society",https://www.imdb.com/title/tt11875316,TV Series,7.6,50,2021,"Adventure, Comedy, Drama, Family, Mystery, Action",6462,"2021-06-25",
tt6340502,9,2022-06-19,"Inuyashiki","Inuyashiki",https://www.imdb.com/title/tt6340502,TV Mini Series,7.6,24,2017,"Animation, Action, Drama, Sci-Fi, Horror",7107,"2017-10-13",
tt1477834,8,2022-06-17,"Aquaman","Aquaman",https://www.imdb.com/title/tt1477834,Movie,6.8,143,2018,"Action, Adventure, Sci-Fi, Fantasy",560687,"2018-12-21","James Wan"
tt7740496,10,2022-06-17,"Nightmare Alley","Nightmare Alley",https://www.imdb.com/title/tt7740496,Movie,7.0,150,2021,"Drama, Thriller, Crime",184954,"2021-12-17","Guillermo del Toro"
tt0336678,8,2022-06-16,"Addicted","Jungdok",https://www.imdb.com/title/tt0336678,Movie,6.8,110,2002,"Thriller, Mystery, Romance, Drama",1648,"2002-10-18","Park Young-hoon"
tt15568576,7,2022-06-16,"Ekannoborti","Ekannoborti",https://www.imdb.com/title/tt15568576,Movie,6.7,133,2021,"Drama",492,"2021-11-19","Mainak Bhaumik"
tt3812366,10,2022-06-14,"Ode to My Father","Gukjesijang",https://www.imdb.com/title/tt3812366,Movie,7.8,126,2014,"Drama, War",6970,"2014-12-17","JK Youn"
tt0088247,10,2022-06-13,"The Terminator","The Terminator",https://www.imdb.com/title/tt0088247,Movie,8.1,107,1984,"Action, Adventure, Sci-Fi",1020124,"1984-10-26","James Cameron"
tt0122459,10,2022-06-13,"Return to Me","Return to Me",https://www.imdb.com/title/tt0122459,Movie,7.0,115,2000,"Comedy, Romance, Drama",25567,"2000-04-07","Bonnie Hunt"
tt2082180,9,2022-06-13,"Always","Ojik geudaeman",https://www.imdb.com/title/tt2082180,Movie,7.7,108,2011,"Drama, Romance, Action",12868,"2011-10-20","Song Il-gon"
tt14048850,10,2022-06-10,"The Boys: Glorious Five Year Plan","The Boys: Glorious Five Year Plan",https://www.imdb.com/title/tt14048850,TV Episode,8.9,61,2022,"Action, Sci-Fi, Crime, Comedy",29005,"2022-06-10","Julian Holmes"
tt13760178,10,2022-06-10,"Gullak: Kiraana","Gullak: Kiraana",https://www.imdb.com/title/tt13760178,TV Episode,9.6,32,2021,"Comedy, Drama, Family",1435,"2021-01-15","Palash Vaswani"
tt10530900,10,2022-06-10,"Gullak","Gullak",https://www.imdb.com/title/tt10530900,TV Series,9.1,24,2019,"Comedy, Drama, Family",31982,"2019-06-27",
tt8009428,8,2022-06-09,"Hustle","Hustle",https://www.imdb.com/title/tt8009428,Movie,7.3,117,2022,"Sport, Comedy, Drama",167621,"2022-06-08","Jeremiah Zagar"
tt13760074,10,2022-06-08,"Gullak: Cheeni Kam, Paani Zyaada","Gullak: Cheeni Kam, Paani Zyaada",https://www.imdb.com/title/tt13760074,TV Episode,9.1,32,2021,"Comedy, Drama, Family",840,"2021-01-15","Palash Vaswani"
tt10549132,10,2022-06-08,"Gullak: Hum Do Hamare Do","Gullak: Hum Do Hamare Do",https://www.imdb.com/title/tt10549132,TV Episode,9.0,25,2019,"Comedy, Drama, Family",749,"2019-06-27","Amrit Raj Gupta"
tt0435705,9,2022-06-06,"Next","Next",https://www.imdb.com/title/tt0435705,Movie,6.2,96,2007,"Sci-Fi, Action, Thriller",176441,"2007-04-27","Lee Tamahori"
tt8111088,9,2022-06-06,"The Mandalorian","The Mandalorian",https://www.imdb.com/title/tt8111088,TV Series,8.6,40,2019,"Sci-Fi, Adventure, Fantasy, Action",667303,"2019-11-12",
tt11291274,8,2022-06-06,"The Unbearable Weight of Massive Talent","The Unbearable Weight of Massive Talent",https://www.imdb.com/title/tt11291274,Movie,7.0,107,2022,"Comedy, Action, Crime, Thriller",181895,"2022-04-22","Tom Gormican"
tt1578116,10,2022-06-05,"Atithi Tum Kab Jaoge?","Atithi Tum Kab Jaoge?",https://www.imdb.com/title/tt1578116,Movie,6.5,155,2010,"Comedy",8045,"2010-03-05","Ashwani Dhir"
tt0800956,9,2022-06-05,"Life in a Metro","Life in a Metro",https://www.imdb.com/title/tt0800956,Movie,7.4,132,2007,"Musical, Romance, Drama, Comedy",15368,"2007-05-11","Anurag Basu"
tt0945513,9,2022-06-02,"Source Code","Source Code",https://www.imdb.com/title/tt0945513,Movie,7.5,93,2011,"Sci-Fi, Thriller, Action, Drama, Mystery",589057,"2011-04-01","Duncan Jones"
tt11172022,8,2022-06-01,"Stranger Things: Chapter Seven: The Massacre at Hawkins Lab","Stranger Things: Chapter Seven: The Massacre at Hawkins Lab",https://www.imdb.com/title/tt11172022,TV Episode,9.6,101,2022,"Drama, Horror, Thriller, Sci-Fi, Mystery, Fantasy",84015,"2022-05-27","Matt Duffer,Ross Duffer"
tt11043488,8,2022-06-01,"Stranger Things: Chapter One: The Hellfire Club","Stranger Things: Chapter One: The Hellfire Club",https://www.imdb.com/title/tt11043488,TV Episode,8.1,78,2022,"Drama, Horror, Thriller, Sci-Fi, Mystery, Fantasy",49306,"2022-05-27","Matt Duffer,Ross Duffer"
tt11171978,9,2022-06-01,"Stranger Things: Chapter Four: Dear Billy","Stranger Things: Chapter Four: Dear Billy",https://www.imdb.com/title/tt11171978,TV Episode,9.5,78,2022,"Drama, Horror, Thriller, Sci-Fi, Mystery, Fantasy",74599,"2022-05-27","Shawn Levy"
tt0432047,8,2022-05-31,"Sarkar","Sarkar",https://www.imdb.com/title/tt0432047,Movie,7.6,124,2005,"Drama, Crime",18993,"2005-07-01","Ram Gopal Varma"
tt4123432,7,2022-05-25,"Fantastic Beasts: The Secrets of Dumbledore","Fantastic Beasts: The Secrets of Dumbledore",https://www.imdb.com/title/tt4123432,Movie,6.2,142,2022,"Fantasy, Adventure",195890,"2022-04-15","David Yates"
tt20239438,9,2022-05-23,"Love, Death & Robots: In Vaulted Halls Entombed","Love, Death & Robots: In Vaulted Halls Entombed",https://www.imdb.com/title/tt20239438,TV Episode,7.2,15,2022,"Animation, Short, Comedy, Fantasy, Horror, Sci-Fi, Action, Adventure, Drama, Mystery, Thriller",12118,"2022-05-20","Jerome Chen,Jennifer Yuh Nelson"
tt20239370,9,2022-05-23,"Love, Death & Robots: Mason's Rats","Love, Death & Robots: Mason's Rats",https://www.imdb.com/title/tt20239370,TV Episode,7.6,10,2022,"Animation, Short, Comedy, Fantasy, Horror, Sci-Fi, Action, Adventure, Drama, Mystery, Thriller",12993,"2022-05-20","Carlos Stevens,Jennifer Yuh Nelson"
tt20239248,8,2022-05-23,"Love, Death & Robots: Swarm","Love, Death & Robots: Swarm",https://www.imdb.com/title/tt20239248,TV Episode,6.9,17,2022,"Animation, Short, Comedy, Fantasy, Horror, Sci-Fi, Action, Adventure, Drama, Mystery, Thriller",12160,"2022-05-20","Tim Miller,Jennifer Yuh Nelson"
tt20235690,8,2022-05-23,"Love, Death & Robots: Kill Team Kill","Love, Death & Robots: Kill Team Kill",https://www.imdb.com/title/tt20235690,TV Episode,6.4,13,2022,"Animation, Short, Comedy, Fantasy, Horror, Sci-Fi, Action, Adventure, Drama, Mystery, Thriller",12330,"2022-05-20","Jennifer Yuh Nelson"
tt20193098,7,2022-05-23,"Love, Death & Robots: Night of the Mini Dead","Love, Death & Robots: Night of the Mini Dead",https://www.imdb.com/title/tt20193098,TV Episode,7.5,7,2022,"Animation, Short, Comedy, Fantasy, Horror, Sci-Fi, Action, Adventure, Drama, Mystery, Thriller",14390,"2022-05-20","Robert Bisi,Andy Lyon,Jennifer Yuh Nelson"
tt20193012,8,2022-05-23,"Love, Death & Robots: The Very Pulse of the Machine","Love, Death & Robots: The Very Pulse of the Machine",https://www.imdb.com/title/tt20193012,TV Episode,6.8,17,2022,"Animation, Short, Comedy, Fantasy, Horror, Sci-Fi, Action, Adventure, Drama, Mystery, Thriller",13756,"2022-05-20","Emily Dean,Jennifer Yuh Nelson"
tt6710474,8,2022-05-23,"Everything Everywhere All at Once","Everything Everywhere All at Once",https://www.imdb.com/title/tt6710474,Movie,7.7,139,2022,"Sci-Fi, Adventure, Comedy, Fantasy, Action, Drama",662804,"2022-04-08","Daniel Kwan,Daniel Scheinert"
tt20192958,8,2022-05-21,"Love, Death & Robots: Three Robots: Exit Strategies","Love, Death & Robots: Three Robots: Exit Strategies",https://www.imdb.com/title/tt20192958,TV Episode,7.1,12,2022,"Animation, Short, Comedy, Fantasy, Horror, Sci-Fi, Action, Adventure, Drama, Mystery, Thriller",14373,"2022-05-20","Patrick Osborne,Jennifer Yuh Nelson"
tt20192968,9,2022-05-21,"Love, Death & Robots: Bad Travelling","Love, Death & Robots: Bad Travelling",https://www.imdb.com/title/tt20192968,TV Episode,8.7,23,2022,"Animation, Short, Comedy, Fantasy, Horror, Sci-Fi, Action, Adventure, Drama, Mystery, Thriller",20342,"2022-05-20","David Fincher,Jennifer Yuh Nelson"
tt5108870,8,2022-05-18,"Morbius","Morbius",https://www.imdb.com/title/tt5108870,Movie,5.1,104,2022,"Action, Horror, Thriller, Sci-Fi, Adventure",174969,"2022-04-01","Daniel Espinosa"
tt11138512,8,2022-05-18,"The Northman","The Northman",https://www.imdb.com/title/tt11138512,Movie,7.0,137,2022,"Drama, Adventure, Thriller, Action, History, Fantasy",307159,"2022-04-22","Robert Eggers"
tt19873036,10,2022-05-10,"Spy x Family: The Prestigious School's Interview","Supai Famirî: The Prestigious School's Interview",https://www.imdb.com/title/tt19873036,TV Episode,8.8,25,2022,"Animation, Action, Comedy, Thriller",3402,"2022-04-30","Kazuhiro Furuhashi,Kento Matsui"
tt19413856,10,2022-05-10,"Spy x Family: Secure a Wife","Supai Famirî: Secure a Wife",https://www.imdb.com/title/tt19413856,TV Episode,8.9,25,2022,"Animation, Action, Comedy, Thriller",4644,"2022-04-16","Kazuhiro Furuhashi,Takahiro Harada"
tt1232829,10,2022-05-10,"21 Jump Street","21 Jump Street",https://www.imdb.com/title/tt1232829,Movie,7.2,109,2012,"Action, Comedy, Crime",656451,"2012-03-16","Phil Lord,Christopher Miller"
tt1245492,8,2022-05-10,"This Is the End","This Is the End",https://www.imdb.com/title/tt1245492,Movie,6.6,107,2013,"Comedy, Fantasy, Sci-Fi",459569,"2013-06-12","Evan Goldberg,Seth Rogen"
tt13320622,8,2022-05-10,"The Lost City","The Lost City",https://www.imdb.com/title/tt13320622,Movie,6.1,112,2022,"Action, Comedy, Romance, Adventure",179768,"2022-03-25","Aaron Nee,Adam Nee"
tt8983228,9,2022-05-10,"Jhund","Jhund",https://www.imdb.com/title/tt8983228,Movie,7.4,176,2022,"Biography, Drama, Sport",26293,"2022-03-04","Nagraj Manjule"
tt10083340,7,2022-05-07,"Gangubai Kathiawadi","Gangubai Kathiawadi",https://www.imdb.com/title/tt10083340,Movie,7.8,152,2022,"Drama, Biography, Crime",68018,"2022-02-25","Sanjay Leela Bhansali"
tt8178634,6,2022-05-07,"RRR","RRR (Rise Roar Revolt)",https://www.imdb.com/title/tt8178634,Movie,7.8,187,2022,"Action, Drama, Adventure",227729,"2022-03-25","S.S. Rajamouli"
tt10160804,9,2022-05-07,"Hawkeye","Hawkeye",https://www.imdb.com/title/tt10160804,TV Mini Series,7.4,60,2021,"Action, Adventure, Crime, Mystery, Sci-Fi, Drama",249569,"2021-11-24",
tt9419884,10,2022-05-07,"Doctor Strange in the Multiverse of Madness","Doctor Strange in the Multiverse of Madness",https://www.imdb.com/title/tt9419884,Movie,6.8,126,2022,"Action, Fantasy, Adventure, Sci-Fi",561853,"2022-05-06","Sam Raimi"
tt10234724,10,2022-05-04,"Moon Knight","Moon Knight",https://www.imdb.com/title/tt10234724,TV Mini Series,7.3,50,2022,"Action, Adventure, Fantasy",320639,"2022-03-30",
tt11950082,10,2022-05-04,"Moon Knight: The Tomb","Moon Knight: The Tomb",https://www.imdb.com/title/tt11950082,TV Episode,8.1,51,2022,"Action, Adventure, Fantasy",19827,"2022-04-20","Justin Benson,Aaron Moorhead"
tt11950098,10,2022-05-04,"Moon Knight: Asylum","Moon Knight: Asylum",https://www.imdb.com/title/tt11950098,TV Episode,8.8,47,2022,"Action, Adventure, Fantasy",24264,"2022-04-27","Mohamed Diab"
tt11950090,9,2022-05-04,"Moon Knight: Gods and Monsters","Moon Knight: Gods and Monsters",https://www.imdb.com/title/tt11950090,TV Episode,7.8,42,2022,"Action, Adventure, Fantasy",17620,"2022-05-04","Mohamed Diab"
tt13364790,10,2022-05-04,"Hi, Mom","Ni hao, Li Huanying",https://www.imdb.com/title/tt13364790,Movie,6.9,128,2021,"Comedy, Drama, Fantasy",3794,"2021-02-12","Ling Jia"
tt4998632,7,2022-05-04,"Ambulance","Ambulance",https://www.imdb.com/title/tt4998632,Movie,6.1,136,2022,"Action, Drama, Thriller, Crime, Adventure",115089,"2022-04-08","Michael Bay"
tt12412888,6,2022-05-04,"Sonic the Hedgehog 2","Sonic the Hedgehog 2",https://www.imdb.com/title/tt12412888,Movie,6.5,122,2022,"Action, Adventure, Comedy, Sci-Fi, Family, Fantasy",119810,"2022-04-08","Jeff Fowler"
tt8115900,9,2022-05-02,"The Bad Guys","The Bad Guys",https://www.imdb.com/title/tt8115900,Movie,6.9,100,2022,"Animation, Adventure, Comedy, Crime, Family",82859,"2022-04-22","Pierre Perifel"
tt9196192,5,2022-04-30,"Cuties","Mignonnes",https://www.imdb.com/title/tt9196192,Movie,3.6,96,2020,"Drama",33413,"2020-09-09","Maïmouna Doucouré"
tt0335266,8,2022-04-30,"Lost in Translation","Lost in Translation",https://www.imdb.com/title/tt0335266,Movie,7.7,102,2003,"Comedy, Drama",535529,"2003-10-03","Sofia Coppola"
tt19725598,10,2022-04-30,"Pett Kata Shaw: Loke Bole","Pett Kata Shaw: Loke Bole",https://www.imdb.com/title/tt19725598,TV Episode,8.2,24,2022,"Horror, Mystery",292,"2022-04-21","Nuhash Humayun"
tt19408064,9,2022-04-30,"Pett Kata Shaw","Pett Kata Shaw",https://www.imdb.com/title/tt19408064,TV Mini Series,8.0,27,2022,"Horror, Mystery",2256,"2022-04-07",
tt19815632,8,2022-04-30,"Pett Kata Shaw: Nishir Daak","Pett Kata Shaw: Nishir Daak",https://www.imdb.com/title/tt19815632,TV Episode,7.5,34,2022,"Horror, Mystery",245,"2022-04-28","Nuhash Humayun"
tt19498608,10,2022-04-30,"Pett Kata Shaw: Mishti Kichu","Pett Kata Shaw: Mishti Kichu",https://www.imdb.com/title/tt19498608,TV Episode,8.4,31,2022,"Horror, Mystery",352,"2022-04-14","Nuhash Humayun"
tt9014806,9,2022-04-29,"700 Taka","700 Taka",https://www.imdb.com/title/tt9014806,Video,7.5,20,2018,"Short, Comedy, Drama, Romance",336,"2018-09-13","Nuhash Humayun,Mohammod Rayhan"
tt1877830,9,2022-04-27,"The Batman","The Batman",https://www.imdb.com/title/tt1877830,Movie,7.8,176,2022,"Crime, Mystery, Action",951677,"2022-03-04","Matt Reeves"
tt0120746,10,2022-04-26,"The Mask of Zorro","The Mask of Zorro",https://www.imdb.com/title/tt0120746,Movie,6.8,136,1998,"Comedy, Thriller, Drama, Romance, Adventure, Western, Action",212484,"1998-07-17","Martin Campbell"
tt1464335,8,2022-04-26,"Uncharted","Uncharted",https://www.imdb.com/title/tt1464335,Movie,6.3,116,2022,"Action, Adventure",308652,"2022-02-18","Ruben Fleischer"
tt2539982,10,2022-04-24,"Fate/Zero: Seigi no arika","Fate/Zero: Seigi no arika",https://www.imdb.com/title/tt2539982,TV Episode,9.1,24,2012,"Animation, Action, Fantasy, Thriller, Drama, Adventure",938,"2012-05-12","Ei Aoki,Takahiro Miura"
tt2539980,10,2022-04-24,"Fate/Zero: Tôi kioku","Fate/Zero: Tôi kioku",https://www.imdb.com/title/tt2539980,TV Episode,8.7,24,2012,"Animation, Action, Fantasy, Thriller, Drama, Adventure",742,"2012-05-05","Ei Aoki,Takashi Suhara"
tt2051178,8,2022-04-24,"Fate/Zero","Fate/Zero",https://www.imdb.com/title/tt2051178,TV Series,8.2,24,2011,"Animation, Action, Fantasy, Thriller, Drama, Adventure",17856,"2011-10-02",
tt10698680,9,2022-04-14,"K.G.F: Chapter 2","K.G.F: Chapter 2",https://www.imdb.com/title/tt10698680,Movie,8.2,166,2022,"Action, Drama, Thriller, Crime",173225,"2022-04-13","Prashanth Neel"
tt11570202,9,2022-04-06,"The Silent Sea","The Silent Sea",https://www.imdb.com/title/tt11570202,TV Series,6.9,45,2021,"Mystery, Thriller, Sci-Fi, Drama, Adventure, Horror",29377,"2021-12-24",
tt11006864,10,2022-03-30,"Moon Knight: The Goldfish Problem","Moon Knight: The Goldfish Problem",https://www.imdb.com/title/tt11006864,TV Episode,8.1,47,2022,"Action, Adventure, Fantasy",30966,"2022-03-30","Mohamed Diab"
tt2023587,8,2022-03-29,"Mama","Mama",https://www.imdb.com/title/tt2023587,Movie,6.2,100,2013,"Horror, Thriller, Fantasy",202481,"2013-01-18","Andy Muschietti"
tt2463208,8,2022-03-27,"The Adam Project","The Adam Project",https://www.imdb.com/title/tt2463208,Movie,6.7,106,2022,"Sci-Fi, Action, Adventure, Comedy",262990,"2022-03-11","Shawn Levy"
tt11271038,9,2022-03-19,"Licorice Pizza","Licorice Pizza",https://www.imdb.com/title/tt11271038,Movie,7.1,133,2021,"Drama, Comedy, Romance",164026,"2021-12-25","Paul Thomas Anderson"
tt11934846,8,2022-03-17,"Badhaai Do","Badhaai Do",https://www.imdb.com/title/tt11934846,Movie,7.0,147,2022,"Drama, Romance, Comedy",23286,"2022-02-11","Harshavardhan Kulkarni,Sehgal Raj,Kirti Nakhwa,Prateek Vats"
tt11252248,7,2022-03-13,"Dog","Dog",https://www.imdb.com/title/tt11252248,Movie,6.5,101,2022,"Comedy, Drama",53268,"2022-02-18","Reid Carolin,Channing Tatum"
tt8097030,8,2022-03-13,"Turning Red","Turning Red",https://www.imdb.com/title/tt8097030,Movie,6.9,100,2022,"Animation, Adventure, Comedy, Family, Fantasy, Drama, Music, Romance, Action",177534,"2022-03-11","Domee Shi"
tt11375428,8,2022-03-12,"Hridayam","Hridayam",https://www.imdb.com/title/tt11375428,Movie,8.0,172,2022,"Musical, Romance, Drama",21635,"2022-01-21","Vineeth Sreenivasan"
tt3581652,8,2022-03-10,"West Side Story","West Side Story",https://www.imdb.com/title/tt3581652,Movie,7.1,156,2021,"Musical, Crime, Drama, Romance",145164,"2021-12-10","Steven Spielberg"
tt16364382,9,2022-03-08,"Diabolical: Boyd in 3D","The Boys Presents: Diabolical: Boyd in 3D",https://www.imdb.com/title/tt16364382,TV Episode,7.1,14,2022,"Animation, Short, Action, Adventure, Comedy, Drama, Sci-Fi",2781,"2022-03-04","Naz Ghodrati-Azadi,Giancarlo Volpe"
tt11247158,8,2022-03-02,"The Legend of Vox Machina","The Legend of Vox Machina",https://www.imdb.com/title/tt11247158,TV Series,8.4,30,2022,"Animation, Action, Adventure, Comedy, Fantasy",57047,"2022-01-28",
tt9900782,9,2022-02-24,"Kaithi","Kaithi",https://www.imdb.com/title/tt9900782,Movie,8.4,145,2019,"Action, Thriller, Crime",52911,"2019-10-24","Lokesh Kanagaraj"
tt13828788,10,2022-02-23,"Rakshasa Street: Episode #1.2","Zhen Hun Jie: Episode #1.2",https://www.imdb.com/title/tt13828788,TV Episode,8.3,13,2016,"Animation, Action, Adventure, Drama, Fantasy",18,"2016-05-05",
tt11605032,8,2022-02-23,"Rakshasa Street","Zhen Hun Jie",https://www.imdb.com/title/tt11605032,TV Series,7.0,13,2016,"Animation, Action, Adventure, Drama, Fantasy",209,"2016-04-28",
tt4324274,8,2022-02-23,"Batman vs. Robin","Batman vs. Robin",https://www.imdb.com/title/tt4324274,Video,7.1,80,2015,"Animation, Action, Adventure, Crime, Drama, Thriller, Fantasy, Sci-Fi",29145,"2015-04-14","Jay Oliva"
tt3139072,8,2022-02-23,"Son of Batman","Son of Batman",https://www.imdb.com/title/tt3139072,Video,6.7,74,2014,"Animation, Action, Adventure, Crime, Drama, Fantasy, Mystery",34899,"2014-04-22","Ethan Spaulding"
tt1743724,9,2022-02-20,"Guilty of Romance","Koi no tsumi",https://www.imdb.com/title/tt1743724,Movie,6.8,144,2011,"Drama, Thriller, Romance, Horror",6513,"2011-11-12","Sion Sono"
tt3141912,8,2022-02-20,"Gun Woman","Gun Woman",https://www.imdb.com/title/tt3141912,Movie,4.8,86,2014,"Action, Thriller",3554,"2014-05-29","Kurando Mitsutake"
tt8354218,8,2022-02-20,"Fireheart","Fireheart",https://www.imdb.com/title/tt8354218,Movie,6.2,92,2022,"Animation, Adventure, Comedy, Family",3920,"2022-02-15","Theodore Ty,Laurent Zeitoun"
tt13544716,8,2022-02-20,"My Hero Academia: World Heroes' Mission","Boku no Hîrô Akademia za Mûbî Wârudo Hîrôzu Misshon",https://www.imdb.com/title/tt13544716,Movie,7.0,101,2021,"Animation, Action, Adventure, Sci-Fi",8130,"2021-10-29","Kenji Nagasaki"
tt12063450,10,2022-02-19,"To Your Eternity","Fumetsu no Anata e",https://www.imdb.com/title/tt12063450,TV Series,8.2,25,2021,"Animation, Adventure, Fantasy, Drama",13330,"2021-05-31",
tt14466420,10,2022-02-19,"To Your Eternity: Awakening","Fumetsu no Anata e: Awakening",https://www.imdb.com/title/tt14466420,TV Episode,9.7,25,2021,"Animation, Adventure, Fantasy, Drama",2457,"2021-06-28","Masahiko Murata"
tt14466394,10,2022-02-19,"To Your Eternity: Those Who Follow","Fumetsu no Anata e: Those Who Follow",https://www.imdb.com/title/tt14466394,TV Episode,9.5,25,2021,"Animation, Adventure, Fantasy, Drama",2313,"2021-05-10","Masahiko Murata"
tt13057370,10,2022-02-19,"To Your Eternity: The Last One","Fumetsu no Anata e: The Last One",https://www.imdb.com/title/tt13057370,TV Episode,9.4,25,2021,"Animation, Adventure, Fantasy, Drama",5436,"2021-05-31","Masahiko Murata"
tt1148204,10,2022-02-17,"Orphan","Orphan",https://www.imdb.com/title/tt1148204,Movie,7.0,123,2009,"Thriller, Mystery, Horror",281280,"2009-07-24","Jaume Collet-Serra"
tt15170226,10,2022-02-15,"Short Circuit: Going Home","Short Circuit: Going Home",https://www.imdb.com/title/tt15170226,TV Episode,8.2,4,2021,"Animation, Short, Comedy, Family",295,"2021-08-04","Jacob Frey"
tt10229080,9,2022-02-15,"Short Circuit: Just a Thought","Short Circuit: Just a Thought",https://www.imdb.com/title/tt10229080,TV Episode,7.5,6,2020,"Animation, Short, Comedy, Family",532,"2020-01-24","Brian Menz"
tt0353014,8,2022-02-15,"Sky Blue","Wonderful Days",https://www.imdb.com/title/tt0353014,Movie,6.6,86,2003,"Animation, Adventure, Drama, Romance, Sci-Fi, Fantasy, Action",9680,"2003-07-17","Moon-saeng Kim"
tt5225764,9,2022-02-14,"Drifters","Drifters",https://www.imdb.com/title/tt5225764,TV Series,7.5,24,2016,"Animation, Action, Adventure, Fantasy",4893,"2016-10-07",
tt1156398,10,2022-02-14,"Zombieland","Zombieland",https://www.imdb.com/title/tt1156398,Movie,7.5,88,2009,"Comedy, Action, Horror",675197,"2009-10-02","Ruben Fleischer"
tt1250777,8,2022-02-14,"Kick-Ass","Kick-Ass",https://www.imdb.com/title/tt1250777,Movie,7.6,117,2010,"Comedy, Action, Crime",625253,"2010-04-16","Matthew Vaughn"
tt1431045,9,2022-02-14,"Deadpool","Deadpool",https://www.imdb.com/title/tt1431045,Movie,8.0,108,2016,"Action, Sci-Fi, Comedy",1274113,"2016-02-12","Tim Miller"
tt2802144,10,2022-02-14,"Kingsman: The Secret Service","Kingsman: The Secret Service",https://www.imdb.com/title/tt2802144,Movie,7.7,129,2014,"Adventure, Action, Comedy, Thriller",785424,"2015-02-13","Matthew Vaughn"
tt6660498,8,2022-02-13,"Devilman: Crybaby","Devilman: Crybaby",https://www.imdb.com/title/tt6660498,TV Mini Series,7.6,25,2018,"Animation, Action, Horror, Fantasy, Drama",37250,"2018-01-05",
tt8337158,8,2022-02-13,"Rumble","Rumble",https://www.imdb.com/title/tt8337158,Movie,6.0,95,2021,"Animation, Fantasy, Comedy, Sport, Family",10260,"2021-12-15","Hamish Grieve"
tt0420223,9,2022-02-13,"Stranger Than Fiction","Stranger Than Fiction",https://www.imdb.com/title/tt0420223,Movie,7.5,113,2006,"Fantasy, Drama, Romance, Comedy",247080,"2006-11-10","Marc Forster"
tt1275863,9,2022-02-10,"Love Aaj Kal","Love Aaj Kal",https://www.imdb.com/title/tt1275863,Movie,6.8,128,2009,"Drama, Comedy, Romance",18615,"2009-07-31","Imtiaz Ali"
tt6856242,9,2022-02-09,"The King's Man","The King's Man",https://www.imdb.com/title/tt6856242,Movie,6.3,131,2021,"Action, Adventure, Thriller, War",199108,"2021-12-22","Matthew Vaughn"
tt0398808,8,2022-02-07,"Bridge to Terabithia","Bridge to Terabithia",https://www.imdb.com/title/tt0398808,Movie,7.2,96,2007,"Family, Drama, Fantasy",195024,"2007-02-16","Gabor Csupo"
tt1596346,10,2022-02-07,"Soul Surfer","Soul Surfer",https://www.imdb.com/title/tt1596346,Movie,7.0,106,2011,"Drama, Sport, Biography, Family",56336,"2011-04-08","Sean McNamara"
tt1839596,10,2022-02-05,"Rockstar","Rockstar",https://www.imdb.com/title/tt1839596,Movie,7.8,159,2011,"Music, Drama, Romance",56419,"2011-11-11","Imtiaz Ali"
tt3148502,10,2022-02-05,"Tamasha","Tamasha",https://www.imdb.com/title/tt3148502,Movie,7.4,139,2015,"Comedy, Drama, Romance",37147,"2015-11-27","Imtiaz Ali"
tt0978762,8,2022-02-05,"Mary and Max","Mary and Max.",https://www.imdb.com/title/tt0978762,Movie,8.1,92,2009,"Animation, Comedy, Drama",203653,"2009-04-09","Adam Elliot"
tt14169960,9,2022-02-04,"All of Us Are Dead","Jigeum uri hakgyoneun",https://www.imdb.com/title/tt14169960,TV Series,7.6,60,2022,"Fantasy, Horror, Drama, Action, Thriller, Sci-Fi",95361,"2022-01-28",
tt13349716,10,2022-02-02,"Shyam Singha Roy","Shyam Singha Roy",https://www.imdb.com/title/tt13349716,Movie,7.6,155,2021,"Drama, Romance, Fantasy",17272,"2021-12-24","Rahul Sankrityan"
tt1647574,10,2022-01-26,"Monster: The Man Who Knew Too Much","Monster: Shirisugita otoko",https://www.imdb.com/title/tt1647574,TV Episode,8.9,23,2005,"Animation, Drama, Mystery, Thriller, Crime",2698,"2005-06-21","Masayuki Kojima,Yukihiro Miyamoto"
tt1192628,10,2022-01-20,"Rango","Rango",https://www.imdb.com/title/tt1192628,Movie,7.3,107,2011,"Animation, Adventure, Family, Western, Comedy, Action, Drama",324954,"2011-03-04","Gore Verbinski"
tt1001526,10,2022-01-20,"Megamind","Megamind",https://www.imdb.com/title/tt1001526,Movie,7.3,95,2010,"Animation, Comedy, Family, Sci-Fi, Action, Crime, Fantasy, Adventure",331261,"2010-11-05","Tom McGrath"
tt0892782,9,2022-01-20,"Monsters vs. Aliens","Monsters vs Aliens",https://www.imdb.com/title/tt0892782,Movie,6.4,94,2009,"Animation, Sci-Fi, Family, Comedy, Adventure, Fantasy, Action",191743,"2009-03-27","Rob Letterman,Conrad Vernon"
tt0328880,9,2022-01-20,"Brother Bear","Brother Bear",https://www.imdb.com/title/tt0328880,Movie,6.9,85,2003,"Animation, Musical, Family, Fantasy, Adventure, Comedy, Drama",138714,"2003-11-01","Aaron Blaise,Robert Walker"
tt1446192,10,2022-01-20,"Rise of the Guardians","Rise of the Guardians",https://www.imdb.com/title/tt1446192,Movie,7.2,97,2012,"Animation, Adventure, Comedy, Family, Fantasy, Action, Drama, Sci-Fi",211912,"2012-11-21","Peter Ramsey"
tt0848537,8,2022-01-20,"Epic","Epic",https://www.imdb.com/title/tt0848537,Movie,6.6,102,2013,"Animation, Adventure, Family, Fantasy, Action, Thriller",115406,"2013-05-24","Chris Wedge"
tt2262227,10,2022-01-20,"The Book of Life","The Book of Life",https://www.imdb.com/title/tt2262227,Movie,7.2,95,2014,"Animation, Musical, Adventure, Comedy, Family, Fantasy, Romance",85833,"2014-10-17","Jorge R. Gutiérrez"
tt0787474,8,2022-01-20,"The Boxtrolls","The Boxtrolls",https://www.imdb.com/title/tt0787474,Movie,6.8,96,2014,"Animation, Adventure, Family, Fantasy, Comedy",65776,"2014-09-26","Graham Annable,Anthony Stacchi"
tt1142977,8,2022-01-20,"Frankenweenie","Frankenweenie",https://www.imdb.com/title/tt1142977,Movie,6.9,87,2012,"Animation, Comedy, Family, Sci-Fi, Horror, Drama, Thriller, Fantasy",127902,"2012-10-05","Tim Burton"
tt0327597,8,2022-01-20,"Coraline","Coraline",https://www.imdb.com/title/tt0327597,Movie,7.8,100,2009,"Animation, Fantasy, Drama, Family",307260,"2009-02-06","Henry Selick"
tt1623288,8,2022-01-20,"ParaNorman","ParaNorman",https://www.imdb.com/title/tt1623288,Movie,7.0,92,2012,"Animation, Adventure, Comedy, Family, Fantasy, Mystery",119118,"2012-08-17","Chris Butler,Sam Fell"
tt0434706,10,2022-01-20,"Monster","Monster",https://www.imdb.com/title/tt0434706,TV Series,8.8,24,2004,"Animation, Drama, Mystery, Thriller, Crime",76086,"2004-04-06",
tt1967614,8,2022-01-20,"The Comedian","The Comedian",https://www.imdb.com/title/tt1967614,Movie,5.8,120,2016,"Comedy, Drama, Romance",8674,"2017-02-03","Taylor Hackford"
tt0338013,9,2022-01-16,"Eternal Sunshine of the Spotless Mind","Eternal Sunshine of the Spotless Mind",https://www.imdb.com/title/tt0338013,Movie,8.3,108,2004,"Drama, Sci-Fi, Romance",1198253,"2004-03-19","Michel Gondry"
tt10293406,9,2022-01-16,"The Power of the Dog","The Power of the Dog",https://www.imdb.com/title/tt10293406,Movie,6.8,126,2021,"Drama, Western",245267,"2021-12-01","Jane Campion"
tt9848626,8,2022-01-14,"Hotel Transylvania 4: Transformania","Hotel Transylvania: Transformania",https://www.imdb.com/title/tt9848626,Movie,6.0,87,2022,"Animation, Adventure, Comedy, Family, Fantasy",49263,"2022-01-14","Derek Drymon,Jennifer Kluska"
tt1024943,10,2022-01-13,"Om Shanti Om","Om Shanti Om",https://www.imdb.com/title/tt1024943,Movie,6.8,162,2007,"Musical, Action, Romance, Drama, Thriller, Comedy, Fantasy",57339,"2007-11-09","Farah Khan"
tt13146488,8,2022-01-13,"Peacemaker","Peacemaker",https://www.imdb.com/title/tt13146488,TV Series,8.2,40,2022,"Action, Comedy, Adventure, Sci-Fi, Crime, Fantasy, Drama",200255,"2022-01-13",
tt16390300,10,2022-01-12,"Mushoku Tensei: Jobless Reincarnation: Turning Point 2","Mushoku Tensei: Isekai Ittara Honki Dasu: Turning Point 2",https://www.imdb.com/title/tt16390300,TV Episode,9.3,24,2021,"Animation, Adventure, Fantasy, Drama, Action",16682,"2021-12-06","Manabu Okamoto,Hiroyuki Takashima"
tt13818978,10,2022-01-12,"Mushoku Tensei: Jobless Reincarnation: Teacher","Mushoku Tensei: Isekai Ittara Honki Dasu: Teacher",https://www.imdb.com/title/tt13818978,TV Episode,8.6,24,2021,"Animation, Adventure, Fantasy, Drama, Action",12860,"2021-01-18","Manabu Okamoto,Hiroki Hirano"
tt13293602,10,2022-01-12,"Mushoku Tensei: Jobless Reincarnation: Jobless Reincarnation","Mushoku Tensei: Isekai Ittara Honki Dasu: Jobless Reincarnation",https://www.imdb.com/title/tt13293602,TV Episode,8.4,24,2021,"Animation, Adventure, Fantasy, Drama, Action",14089,"2022-03-29","Manabu Okamoto,Hiroki Hirano"
tt0416320,10,2022-01-12,"Match Point","Match Point",https://www.imdb.com/title/tt0416320,Movie,7.6,124,2005,"Drama, Romance, Thriller",240797,"2006-01-20","Woody Allen"
tt14342824,10,2022-01-12,"Attack on Titan: Judgment","Shingeki no kyojin: Judgment",https://www.imdb.com/title/tt14342824,TV Episode,9.1,24,2022,"Animation, Fantasy, Horror, Adventure, Drama, Action",58491,"2022-01-09","Jun Shishido,Yūichirō Hayashi"
tt9032400,8,2022-01-12,"Eternals","Eternals",https://www.imdb.com/title/tt9032400,Movie,6.2,156,2021,"Action, Fantasy, Sci-Fi, Adventure",437936,"2021-11-05","Chloé Zhao"
tt12861850,9,2022-01-08,"Chandigarh Kare Aashiqui","Chandigarh Kare Aashiqui",https://www.imdb.com/title/tt12861850,Movie,6.7,117,2021,"Drama, Crime",16090,"2021-12-10","Abhishek Kapoor"
tt9389998,8,2022-01-08,"Pushpa: The Rise - Part 1","Pushpa: The Rise - Part 1",https://www.imdb.com/title/tt9389998,Movie,7.6,179,2021,"Drama, Thriller, Crime, Action",101842,"2021-12-17","Sukumar"
tt6467266,9,2022-01-07,"Sing 2","Sing 2",https://www.imdb.com/title/tt6467266,Movie,7.3,110,2021,"Animation, Musical, Comedy, Family, Adventure",104000,"2021-12-22","Garth Jennings,Christophe Lourdelet"
tt10295212,8,2022-01-06,"Shershaah","Shershaah",https://www.imdb.com/title/tt10295212,Movie,8.3,135,2021,"Action, Biography, Drama, War",137707,"2021-08-12","Vishnuvardhan"
tt4513678,8,2022-01-06,"Ghostbusters: Afterlife","Ghostbusters: Afterlife",https://www.imdb.com/title/tt4513678,Movie,7.0,124,2021,"Comedy, Fantasy, Adventure, Sci-Fi",243788,"2021-11-19","Jason Reitman"
tt1853728,10,2022-01-03,"Django Unchained","Django Unchained",https://www.imdb.com/title/tt1853728,Movie,8.5,165,2012,"Western, Drama",1917598,"2012-12-25","Quentin Tarantino"
tt10280296,9,2022-01-03,"Sardar Udham","Sardar Udham",https://www.imdb.com/title/tt10280296,Movie,8.3,164,2021,"Crime, Drama, History",51419,"2021-10-16","Shoojit Sircar"
tt10366460,10,2021-12-31,"CODA","CODA",https://www.imdb.com/title/tt10366460,Movie,8.0,111,2021,"Drama, Music, Comedy",233279,"2021-08-13","Sian Heder"
tt10872600,10,2021-12-27,"Spider-Man: No Way Home","Spider-Man: No Way Home",https://www.imdb.com/title/tt10872600,Movie,8.1,148,2021,"Action, Adventure, Sci-Fi, Fantasy",1078546,"2021-12-17","Jon Watts"
tt9766332,7,2021-12-27,"Atrangi Re","Atrangi Re",https://www.imdb.com/title/tt9766332,Movie,6.5,138,2021,"Musical, Drama, Comedy, Romance, Fantasy",29595,"2021-12-24","Aanand L. Rai"
tt3691740,9,2021-12-25,"The BFG","The BFG",https://www.imdb.com/title/tt3691740,Movie,6.3,117,2016,"Family, Fantasy, Adventure",101038,"2016-07-01","Steven Spielberg"
tt11286314,9,2021-12-25,"Don't Look Up","Don't Look Up",https://www.imdb.com/title/tt11286314,Movie,7.1,138,2021,"Comedy, Drama, Sci-Fi",682481,"2021-12-24","Adam McKay"
tt2953050,10,2021-12-25,"Encanto","Encanto",https://www.imdb.com/title/tt2953050,Movie,7.2,102,2021,"Animation, Musical, Family, Fantasy, Comedy",302254,"2021-11-24","Jared Bush,Byron Howard,Charise Castro Smith"
tt10838180,8,2021-12-25,"The Matrix Resurrections","The Matrix Resurrections",https://www.imdb.com/title/tt10838180,Movie,5.6,148,2021,"Action, Sci-Fi",307302,"2021-12-22","Lana Wachowski"
tt8984572,8,2021-12-12,"Bob Biswas","Bob Biswas",https://www.imdb.com/title/tt8984572,Movie,6.7,131,2021,"Drama, Crime, Thriller, Action",8296,"2021-12-03","Diya Annapurna Ghosh"
tt13575806,8,2021-12-11,"Back to the Outback","Back to the Outback",https://www.imdb.com/title/tt13575806,Movie,6.5,95,2021,"Animation, Comedy, Adventure, Family",13065,"2021-12-10","Harry Cripps,Clare Knight"
tt7504818,9,2021-12-07,"Ron's Gone Wrong","Ron's Gone Wrong",https://www.imdb.com/title/tt7504818,Movie,7.1,107,2021,"Animation, Adventure, Comedy, Family, Sci-Fi",46669,"2021-10-22","Sarah Smith,Jean-Philippe Vine,Octavio E. Rodriguez"
tt2178470,9,2021-11-25,"Yeh Jawaani Hai Deewani","Yeh Jawaani Hai Deewani",https://www.imdb.com/title/tt2178470,Movie,7.3,160,2013,"Musical, Romance, Drama, Comedy",59167,"2013-05-31","Ayan Mukerji"
tt1280558,10,2021-11-25,"A Wednesday","A Wednesday",https://www.imdb.com/title/tt1280558,Movie,8.1,104,2008,"Drama, Thriller, Crime, Mystery, Action",86754,"2008-09-05","Neeraj Pandey"
tt15496436,8,2021-11-20,"Arcane: The Boy Savior","Arcane: League of Legends: The Boy Savior",https://www.imdb.com/title/tt15496436,TV Episode,9.3,40,2021,"Animation, Action, Adventure, Drama, Fantasy, Sci-Fi",36290,"2021-11-20","Pascal Charrue,Arnaud Delord"
tt15496432,8,2021-11-20,"Arcane: Oil and Water","Arcane: League of Legends: Oil and Water",https://www.imdb.com/title/tt15496432,TV Episode,9.2,40,2021,"Animation, Action, Adventure, Drama, Fantasy, Sci-Fi",34376,"2021-11-20","Pascal Charrue,Arnaud Delord"
tt15496440,9,2021-11-20,"Arcane: The Monster You Created","Arcane: League of Legends: The Monster You Created",https://www.imdb.com/title/tt15496440,TV Episode,9.7,39,2021,"Animation, Action, Adventure, Drama, Fantasy, Sci-Fi",46248,"2021-11-20","Pascal Charrue,Arnaud Delord"
tt9620288,7,2021-11-19,"King Richard","King Richard",https://www.imdb.com/title/tt9620288,Movie,7.5,144,2021,"Drama, Sport, Biography",193931,"2021-11-19","Reinaldo Marcus Green"
tt15718158,8,2021-11-18,"Hit-Monkey: Legend of the Drunken Monkey","Hit-Monkey: Legend of the Drunken Monkey",https://www.imdb.com/title/tt15718158,TV Episode,8.1,24,2021,"Animation, Action, Comedy, Fantasy, Sci-Fi, Adventure",617,"2021-11-17","Neal Holman,Josh Gordon,Will Speck"
tt15718152,9,2021-11-18,"Hit-Monkey: Bright Lights, Big City","Hit-Monkey: Bright Lights, Big City",https://www.imdb.com/title/tt15718152,TV Episode,7.8,26,2021,"Animation, Action, Comedy, Fantasy, Sci-Fi, Adventure",662,"2021-11-17","Neal Holman,Josh Gordon,Will Speck"
tt15450800,9,2021-11-18,"Hit-Monkey: Pilot","Hit-Monkey: Pilot",https://www.imdb.com/title/tt15450800,TV Episode,7.7,28,2021,"Animation, Action, Comedy, Fantasy, Sci-Fi, Adventure",782,"2021-11-17","Neal Holman,Josh Gordon,Will Speck"
tt15718232,10,2021-11-18,"Hit-Monkey: Home Sweet Home","Hit-Monkey: Home Sweet Home",https://www.imdb.com/title/tt15718232,TV Episode,8.5,23,2021,"Animation, Action, Comedy, Fantasy, Sci-Fi, Adventure",590,"2021-11-17","Neal Holman,Josh Gordon,Will Speck"
tt15718246,8,2021-11-18,"Hit-Monkey: The End: Part One","Hit-Monkey: The End: Part One",https://www.imdb.com/title/tt15718246,TV Episode,8.4,22,2021,"Animation, Action, Comedy, Fantasy, Sci-Fi, Adventure",554,"2021-11-17","Neal Holman,Josh Gordon,Will Speck"
tt15718258,9,2021-11-18,"Hit-Monkey: The End: Part Two","Hit-Monkey: The End: Part Two",https://www.imdb.com/title/tt15718258,TV Episode,8.5,24,2021,"Animation, Action, Comedy, Fantasy, Sci-Fi, Adventure",593,"2021-11-17","Neal Holman,Josh Gordon,Will Speck"
tt9811316,9,2021-11-18,"Hit-Monkey","Hit-Monkey",https://www.imdb.com/title/tt9811316,TV Series,7.7,22,2021,"Animation, Action, Comedy, Fantasy, Sci-Fi, Adventure",11266,"2021-11-17",
tt2317337,10,2021-11-16,"Vicky Donor","Vicky Donor",https://www.imdb.com/title/tt2317337,Movie,7.7,126,2012,"Comedy, Romance, Drama",48291,"2012-04-20","Shoojit Sircar"
tt9248972,8,2021-11-16,"Mission Mangal","Mission Mangal",https://www.imdb.com/title/tt9248972,Movie,6.6,130,2019,"Drama, History",21054,"2019-08-15","Jagan Shakti"
tt2382320,9,2021-11-16,"No Time to Die","No Time to Die",https://www.imdb.com/title/tt2382320,Movie,7.3,163,2021,"Action, Thriller, Adventure",495318,"2021-10-08","Cary Joji Fukunaga"
tt7991608,9,2021-11-12,"Red Notice","Red Notice",https://www.imdb.com/title/tt7991608,Movie,6.3,118,2021,"Action, Comedy, Thriller",360907,"2021-11-12","Rawson Marshall Thurber"
tt9376612,10,2021-11-11,"Shang-Chi and the Legend of the Ten Rings","Shang-Chi and the Legend of the Ten Rings",https://www.imdb.com/title/tt9376612,Movie,7.3,132,2021,"Action, Adventure, Fantasy, Sci-Fi",503646,"2021-09-03","Destin Daniel Cretton"
tt15097216,10,2021-11-09,"Jai Bhim","Jai Bhim",https://www.imdb.com/title/tt15097216,Movie,8.6,164,2021,"Drama, Crime",236728,"2021-11-02","T.J. Gnanavel"
tt14586040,10,2021-11-08,"Arcane: Welcome to the Playground","Arcane: League of Legends: Welcome to the Playground",https://www.imdb.com/title/tt14586040,TV Episode,8.5,43,2021,"Animation, Action, Adventure, Drama, Fantasy, Sci-Fi",40787,"2021-11-06","Pascal Charrue,Arnaud Delord"
tt15496380,10,2021-11-08,"Arcane: Some Mysteries Are Better Left Unsolved","Arcane: League of Legends: Some Mysteries Are Better Left Unsolved",https://www.imdb.com/title/tt15496380,TV Episode,8.5,41,2021,"Animation, Action, Adventure, Drama, Fantasy, Sci-Fi",38853,"2021-11-06","Pascal Charrue,Arnaud Delord"
tt15496376,10,2021-11-08,"Arcane: The Base Violence Necessary for Change","Arcane: League of Legends: The Base Violence Necessary for Change",https://www.imdb.com/title/tt15496376,TV Episode,9.7,44,2021,"Animation, Action, Adventure, Drama, Fantasy, Sci-Fi",49293,"2021-11-06","Pascal Charrue,Arnaud Delord"
tt3420504,9,2021-11-08,"Finch","Finch",https://www.imdb.com/title/tt3420504,Movie,6.9,115,2021,"Sci-Fi, Drama, Adventure",114075,"2021-11-05","Miguel Sapochnik"
tt5012504,9,2021-11-04,"Injustice","Injustice",https://www.imdb.com/title/tt5012504,Video,6.4,78,2021,"Animation, Adventure, Action, Drama, Fantasy, Sci-Fi",18935,"2021-10-19","Matt Peters"
tt1160419,10,2021-11-04,"Dune","Dune: Part One",https://www.imdb.com/title/tt1160419,Movie,8.0,155,2021,"Sci-Fi, Adventure, Drama, Action",1093511,"2021-10-22","Denis Villeneuve"
tt14832996,10,2021-10-28,"How to Become a Tyrant","How to Become a Tyrant",https://www.imdb.com/title/tt14832996,TV Mini Series,7.4,23,2021,"Documentary, Biography, History, War",12744,"2021-07-09",
tt15016316,10,2021-10-28,"How to Become a Tyrant: Crush Your Rivals","How to Become a Tyrant: Crush Your Rivals",https://www.imdb.com/title/tt15016316,TV Episode,7.5,27,2021,"Documentary, Biography, History, War",596,"2021-07-09","Harry Chaskin,Greg Franklin"
tt15016336,10,2021-10-28,"How to Become a Tyrant: Rule Forever","How to Become a Tyrant: Rule Forever",https://www.imdb.com/title/tt15016336,TV Episode,7.4,29,2021,"Documentary, Biography, History, War",484,"2021-07-09","Greg Franklin"
tt15016328,10,2021-10-28,"How to Become a Tyrant: Create a New Society","How to Become a Tyrant: Create a New Society",https://www.imdb.com/title/tt15016328,TV Episode,7.3,25,2021,"Documentary, Biography, History, War",498,"2021-07-09","Greg Franklin"
tt8787772,10,2021-10-28,"Maya and the Three","Maya and the Three",https://www.imdb.com/title/tt8787772,TV Mini Series,8.0,30,2021,"Animation, Action, Adventure, Drama, Fantasy, Comedy, Family",5869,"2021-10-22",
tt15387948,10,2021-10-14,"What If...?: What If... Ultron Won?","What If...?: What If... Ultron Won?",https://www.imdb.com/title/tt15387948,TV Episode,8.9,28,2021,"Animation, Action, Adventure, Sci-Fi",18295,"2021-09-29","Bryan Andrews"
tt13106190,10,2021-10-14,"What If...?: What If... Doctor Strange Lost His Heart Instead of His Hands?","What If...?: What If... Doctor Strange Lost His Heart Instead of His Hands?",https://www.imdb.com/title/tt13106190,TV Episode,8.9,35,2021,"Animation, Action, Adventure, Sci-Fi",23532,"2021-09-01","Bryan Andrews"
tt6264654,9,2021-10-14,"Free Guy","Free Guy",https://www.imdb.com/title/tt6264654,Movie,7.1,115,2021,"Action, Comedy, Sci-Fi, Adventure, Fantasy, Romance",498746,"2021-08-13","Shawn Levy"
tt0245712,9,2021-10-14,"Amores Perros","Amores perros",https://www.imdb.com/title/tt0245712,Movie,8.0,154,2000,"Thriller, Drama",273340,"2001-04-13","Alejandro G. Iñárritu"
tt0493949,7,2021-10-14,"Ramona and Beezus","Ramona and Beezus",https://www.imdb.com/title/tt0493949,Movie,6.5,103,2010,"Comedy, Family, Fantasy, Drama",21361,"2010-07-23","Elizabeth Allen Rosenbaum"
tt10574558,9,2021-10-14,"Midnight Mass","Midnight Mass",https://www.imdb.com/title/tt10574558,TV Mini Series,7.7,60,2021,"Horror, Drama, Mystery, Fantasy",174647,"2021-09-24",
tt0109506,8,2021-10-14,"The Crow","The Crow",https://www.imdb.com/title/tt0109506,Movie,7.5,102,1994,"Fantasy, Thriller, Crime, Drama, Horror, Action",233965,"1994-05-13","Alex Proyas"
tt5314190,8,2021-10-14,"Sgt. Stubby: An American Hero","Sgt. Stubby: An American Hero",https://www.imdb.com/title/tt5314190,Movie,6.9,84,2018,"Animation, Adventure, Family, History, War",2968,"2018-04-13","Richard Lanni"
tt1920885,10,2021-10-14,"Big Fish & Begonia","Da yu hai tang",https://www.imdb.com/title/tt1920885,Movie,7.0,100,2016,"Animation, Drama, Fantasy, Romance, Adventure, Family",7640,"2016-07-08","Xuan Liang,Li Wei,Chun Zhang"
tt13622982,8,2021-10-11,"Star Wars: Visions","Star Wars: Visions",https://www.imdb.com/title/tt13622982,TV Series,7.0,22,2021,"Animation, Sci-Fi, Action, Adventure, Fantasy, Drama",28020,"2021-09-22",
tt0268995,8,2021-10-09,"The Majestic","The Majestic",https://www.imdb.com/title/tt0268995,Movie,6.9,152,2001,"Romance, Drama",61361,"2001-12-21","Frank Darabont"
tt9300038,10,2021-10-07,"Mob Psycho 100: Ripped Apart ~Someone Is Watching~","Mob Psycho 100: Ripped Apart ~Someone Is Watching~",https://www.imdb.com/title/tt9300038,TV Episode,8.9,24,2019,"Animation, Action, Horror, Comedy, Fantasy, Drama, Sci-Fi",2782,"2019-01-07","Yuzuru Tachikawa,Yûji Ôya"
tt10919420,10,2021-10-02,"Squid Game","Ojing-eo geim",https://www.imdb.com/title/tt10919420,TV Series,7.9,60,2021,"Mystery, Thriller, Drama, Action, Crime",778768,"2021-09-17",
tt1680453,10,2021-10-01,"Fullmetal Alchemist: Brotherhood: Tabiji no hate","Hagane no renkinjutsushi: Tabiji no hate",https://www.imdb.com/title/tt1680453,TV Episode,9.4,30,2010,"Animation, Action, Adventure, Drama, Sci-Fi, Comedy, Fantasy",6064,"2010-07-04","Yasuhiro Irie"
tt1675927,10,2021-10-01,"Fullmetal Alchemist: Brotherhood: Tobira no mukougawa","Hagane no renkinjutsushi: Tobira no mukougawa",https://www.imdb.com/title/tt1675927,TV Episode,9.7,30,2010,"Animation, Action, Adventure, Drama, Sci-Fi, Comedy, Fantasy",9731,"2010-06-27","Yasuhiro Irie"
tt1663961,10,2021-10-01,"Fullmetal Alchemist: Brotherhood: Ten no hitomi, shi no tobira","Hagane no renkinjutsushi: Ten no hitomi, shi no tobira",https://www.imdb.com/title/tt1663961,TV Episode,9.4,30,2010,"Animation, Action, Adventure, Drama, Sci-Fi, Comedy, Fantasy",4970,"2010-06-06","Yasuhiro Irie"
tt1659862,10,2021-10-01,"Fullmetal Alchemist: Brotherhood: Ushinawareta hikari","Hagane no renkinjutsushi: Ushinawareta hikari",https://www.imdb.com/title/tt1659862,TV Episode,9.2,30,2010,"Animation, Action, Adventure, Drama, Sci-Fi, Comedy, Fantasy",4128,"2010-05-30","Yasuhiro Irie"
tt1651583,10,2021-10-01,"Fullmetal Alchemist: Brotherhood: Eien no itoma","Hagane no renkinjutsushi: Eien no itoma",https://www.imdb.com/title/tt1651583,TV Episode,9.2,30,2010,"Animation, Action, Adventure, Drama, Sci-Fi, Comedy, Fantasy",4172,"2010-05-16","Yasuhiro Irie"
tt1639964,10,2021-10-01,"Fullmetal Alchemist: Brotherhood: Rekka no saki ni","Hagane no renkinjutsushi: Rekka no saki ni",https://www.imdb.com/title/tt1639964,TV Episode,9.5,30,2010,"Animation, Action, Adventure, Drama, Sci-Fi, Comedy, Fantasy",6417,"2010-04-25","Yasuhiro Irie"
tt1634626,10,2021-10-01,"Fullmetal Alchemist: Brotherhood: Fukushuu no honoo","Hagane no renkinjutsushi: Fukushuu no honoo",https://www.imdb.com/title/tt1634626,TV Episode,9.3,30,2010,"Animation, Action, Adventure, Drama, Sci-Fi, Comedy, Fantasy",4959,"2010-04-18","Yasuhiro Irie"
tt1612914,10,2021-10-01,"Fullmetal Alchemist: Brotherhood: Chikadou no chikai","Hagane no renkinjutsushi: Chikadou no chikai",https://www.imdb.com/title/tt1612914,TV Episode,8.7,30,2010,"Animation, Action, Adventure, Drama, Sci-Fi, Comedy, Fantasy",3364,"2010-03-14","Yasuhiro Irie"
tt1580981,10,2021-10-01,"Fullmetal Alchemist: Brotherhood: Homunkurusu","Hagane no renkinjutsushi: Homunkurusu",https://www.imdb.com/title/tt1580981,TV Episode,9.2,30,2010,"Animation, Action, Adventure, Drama, Sci-Fi, Comedy, Fantasy",4682,"2010-01-17","Yasuhiro Irie"
tt1514922,10,2021-10-01,"Fullmetal Alchemist: Brotherhood: Saikai","Hagane no renkinjutsushi: Saikai",https://www.imdb.com/title/tt1514922,TV Episode,9.2,30,2009,"Animation, Action, Adventure, Drama, Sci-Fi, Comedy, Fantasy",5052,"2009-10-04","Takahiro Ikezoe,Yasuhiro Irie,Takuya Igarashi"
tt1500794,10,2021-10-01,"Fullmetal Alchemist: Brotherhood: Tooku no senaka","Hagane no renkinjutsushi: Tooku no senaka",https://www.imdb.com/title/tt1500794,TV Episode,9.0,30,2009,"Animation, Action, Adventure, Drama, Sci-Fi, Comedy, Fantasy",4388,"2009-09-06","Yasuhiro Irie,Tsutomu Yabuki,Takuya Igarashi"
tt1484138,10,2021-10-01,"Fullmetal Alchemist: Brotherhood: Shinazaru mono no shi","Hagane no renkinjutsushi: Shinazaru mono no shi",https://www.imdb.com/title/tt1484138,TV Episode,9.6,30,2009,"Animation, Action, Adventure, Drama, Sci-Fi, Comedy, Fantasy",8877,"2009-08-09","Yasuhiro Irie,Takuya Igarashi"
tt1459319,10,2021-10-01,"Fullmetal Alchemist: Brotherhood: Chika ni hisomu mono tachi","Hagane no renkinjutsushi: Chika ni hisomu mono tachi",https://www.imdb.com/title/tt1459319,TV Episode,9.0,30,2009,"Animation, Action, Adventure, Drama, Sci-Fi, Comedy, Fantasy",4662,"2009-07-05","Hiroshi Iketomi,Yasuhiro Irie"
tt1434025,10,2021-10-01,"Fullmetal Alchemist: Brotherhood: Sorezore no yukusaki","Hagane no renkinjutsushi: Sorezore no yukusaki",https://www.imdb.com/title/tt1434025,TV Episode,9.0,30,2009,"Animation, Action, Adventure, Drama, Sci-Fi, Comedy, Fantasy",5349,"2009-06-07","Yasuhiro Irie"
tt1415049,10,2021-10-01,"Fullmetal Alchemist: Brotherhood: An Alchemist's Distress","Hagane no renkinjutsushi: Renkinjutsu-shi no kunô",https://www.imdb.com/title/tt1415049,TV Episode,9.2,24,2009,"Animation, Action, Adventure, Drama, Sci-Fi, Comedy, Fantasy",7661,"2009-04-26","Yasuhiro Irie,Kiyomitsu Satô"
tt1413326,9,2021-10-01,"Fullmetal Alchemist: Brotherhood: Hagane no renkinjutsushi","Hagane no renkinjutsushi: Hagane no renkinjutsushi",https://www.imdb.com/title/tt1413326,TV Episode,7.6,24,2009,"Animation, Action, Adventure, Drama, Sci-Fi, Comedy, Fantasy",6002,"2009-04-09","Takahiro Ikezoe,Yasuhiro Irie"
tt1136608,10,2021-09-27,"District 9","District 9",https://www.imdb.com/title/tt1136608,Movie,7.9,112,2009,"Sci-Fi, Action, Thriller",758431,"2009-08-14","Neill Blomkamp"
tt0120917,10,2021-09-26,"The Emperor's New Groove","The Emperor's New Groove",https://www.imdb.com/title/tt0120917,Movie,7.4,78,2000,"Animation, Adventure, Fantasy, Family, Comedy",253379,"2000-12-15","Mark Dindal"
tt2140379,9,2021-09-24,"Self/less","Self/less",https://www.imdb.com/title/tt2140379,Movie,6.5,117,2015,"Sci-Fi, Thriller, Mystery, Action",108758,"2015-07-10","Tarsem Singh"
tt3011894,10,2021-09-22,"Wild Tales","Relatos salvajes",https://www.imdb.com/title/tt3011894,Movie,8.1,122,2014,"Comedy, Thriller, Drama",242033,"2014-08-21","Damián Szifron"
tt8142470,10,2021-09-22,"Violet Evergarden: Loved Ones Will Always Watch Over You","Violet Evergarden: Loved Ones Will Always Watch Over You",https://www.imdb.com/title/tt8142470,TV Episode,9.8,24,2018,"Animation, Drama, Sci-Fi, Fantasy, Romance",10796,"2018-03-15","Haruka Fujita,Taichi Ishidate,Taiichi Ogawa"
tt8241906,10,2021-09-22,"Violet Evergarden: Auto Memoir Doll and ""I Love You""","Violet Evergarden: Auto Memoir Doll and ""I Love You""",https://www.imdb.com/title/tt8241906,TV Episode,8.9,24,2018,"Animation, Drama, Sci-Fi, Fantasy, Romance",2535,"2018-04-05","Haruka Fujita,Taichi Ishidate"
tt7078180,9,2021-09-22,"Violet Evergarden","Violet Evergarden",https://www.imdb.com/title/tt7078180,TV Mini Series,8.4,24,2018,"Animation, Drama, Sci-Fi, Fantasy, Romance",43517,"2020-08-22",
tt1924245,8,2021-09-20,"Cry Macho","Cry Macho",https://www.imdb.com/title/tt1924245,Movie,5.7,104,2021,"Drama",37116,"2021-09-17","Clint Eastwood"
tt0185014,9,2021-09-18,"Wonder Boys","Wonder Boys",https://www.imdb.com/title/tt0185014,Movie,7.2,107,2000,"Drama, Comedy",69462,"2000-02-25","Curtis Hanson"
tt0154506,9,2021-09-16,"Following","Following",https://www.imdb.com/title/tt0154506,Movie,7.4,70,1998,"Crime, Thriller, Mystery",114725,"1999-11-05","Christopher Nolan"
tt0278504,10,2021-09-16,"Insomnia","Insomnia",https://www.imdb.com/title/tt0278504,Movie,7.2,118,2002,"Mystery, Drama, Thriller",352530,"2002-05-24","Christopher Nolan"
tt11079116,9,2021-09-14,"Superman: Man of Tomorrow","Superman: Man of Tomorrow",https://www.imdb.com/title/tt11079116,Video,6.5,86,2020,"Animation, Sci-Fi, Action",10381,"2020-08-23","Chris Palmer"
tt10534500,10,2021-09-13,"#Home","#Home",https://www.imdb.com/title/tt10534500,Movie,8.7,158,2021,"Drama, Family",20236,"2021-08-19","Rojin Thomas"
tt15234108,10,2021-09-11,"Networker Baire","Networker Baire",https://www.imdb.com/title/tt15234108,Movie,7.9,90,2021,"Adventure, Drama, Romance",4193,"2021-08-19","Mizanur Rahman Aryan"
tt14901058,8,2021-09-11,"Mortal Kombat Legends: Battle of the Realms","Mortal Kombat Legends: Battle of the Realms",https://www.imdb.com/title/tt14901058,Movie,6.5,80,2021,"Animation, Action, Adventure, Fantasy",9597,"2021-08-31","Ethan Spaulding"
tt8404256,7,2021-09-11,"Snake Eyes","Snake Eyes: G.I. Joe Origins",https://www.imdb.com/title/tt8404256,Movie,5.4,121,2021,"Action, Adventure, Sci-Fi, Thriller, Fantasy, Crime",49216,"2021-07-23","Robert Schwentke"
tt1865505,10,2021-09-11,"Song of the Sea","Song of the Sea",https://www.imdb.com/title/tt1865505,Movie,8.0,93,2014,"Animation, Family, Fantasy, Adventure, Drama",69082,"2015-11-20","Tomm Moore"
tt10168312,10,2021-09-08,"What If...?","What If...?",https://www.imdb.com/title/tt10168312,TV Series,7.3,32,2021,"Animation, Action, Adventure, Sci-Fi",163483,"2021-08-11",
tt1384590,9,2021-09-07,"Green Lantern: First Flight","Green Lantern: First Flight",https://www.imdb.com/title/tt1384590,Video,7.0,77,2009,"Animation, Action, Fantasy, Sci-Fi, Adventure",19486,"2009-07-28","Lauren Montgomery"
tt0107614,10,2021-09-06,"Mrs. Doubtfire","Mrs. Doubtfire",https://www.imdb.com/title/tt0107614,Movie,7.1,125,1993,"Family, Drama, Comedy",320683,"1993-11-24","Chris Columbus"
tt0519581,10,2021-09-05,"Batman: The Animated Series: Dreams in Darkness","Batman: The Animated Series: Dreams in Darkness",https://www.imdb.com/title/tt0519581,TV Episode,8.3,22,1992,"Animation, Adventure, Family, Sci-Fi, Mystery, Crime, Action",2752,"1992-11-03","Dick Sebast"
tt0519644,10,2021-09-05,"Batman: The Animated Series: Two-Face: Part 1","Batman: The Animated Series: Two-Face: Part 1",https://www.imdb.com/title/tt0519644,TV Episode,9.1,22,1992,"Animation, Adventure, Family, Sci-Fi, Mystery, Crime, Action",4666,"1992-09-25","Kevin Altieri"
tt0519628,10,2021-09-05,"Batman: The Animated Series: The Clock King","Batman: The Animated Series: The Clock King",https://www.imdb.com/title/tt0519628,TV Episode,7.6,22,1992,"Animation, Adventure, Family, Sci-Fi, Mystery, Crime, Action",3035,"1992-09-21","Kevin Altieri"
tt0519612,10,2021-09-05,"Batman: The Animated Series: Pretty Poison","Batman: The Animated Series: Pretty Poison",https://www.imdb.com/title/tt0519612,TV Episode,7.9,22,1992,"Animation, Adventure, Family, Sci-Fi, Mystery, Crime, Action",3970,"1992-09-14","Boyd Kirkland"
tt0519590,10,2021-09-05,"Batman: The Animated Series: Heart of Ice","Batman: The Animated Series: Heart of Ice",https://www.imdb.com/title/tt0519590,TV Episode,9.0,22,1992,"Animation, Adventure, Family, Sci-Fi, Mystery, Crime, Action",5513,"1992-09-07","Bruce Timm"
tt8752440,9,2021-09-05,"Batman: Hush","Batman: Hush",https://www.imdb.com/title/tt8752440,Video,6.9,81,2019,"Animation, Sci-Fi, Action, Adventure, Crime, Drama, Mystery, Romance, Thriller, Fantasy",26595,"2019-07-20","Justin Copeland"
tt2617456,8,2021-09-05,"Superman: Unbound","Superman: Unbound",https://www.imdb.com/title/tt2617456,Video,6.5,75,2013,"Animation, Action, Adventure, Sci-Fi",14884,"2013-05-23","James Tucker"
tt3606888,10,2021-09-02,"A Street Cat Named Bob","A Street Cat Named Bob",https://www.imdb.com/title/tt3606888,Movie,7.3,103,2016,"Drama, Family, Biography",37505,"2016-11-18","Roger Spottiswoode"
tt15011104,10,2021-09-01,"Boruto: Naruto Next Generations: Momoshiki kengen","Boruto Naruto Nekusuto Jenerêshonzu: Momoshiki kengen",https://www.imdb.com/title/tt15011104,TV Episode,9.0,24,2021,"Animation, Action, Adventure, Comedy, Fantasy, Drama",2577,"2021-07-18","Masayuki Kôda,Noriyuki Abe"
tt15276402,10,2021-09-01,"Boruto: Naruto Next Generations: Shôtai","Boruto Naruto Nekusuto Jenerêshonzu: Shôtai",https://www.imdb.com/title/tt15276402,TV Episode,9.0,,2021,"Animation, Action, Adventure, Comedy, Fantasy, Drama",1722,"2021-08-29","Ôri Yasukawa,Masayuki Kôda,Noriyuki Abe"
tt13196080,10,2021-09-01,"Tokyo Revengers","Tôkyô Ribenjâzu",https://www.imdb.com/title/tt13196080,TV Series,7.7,24,2021,"Animation, Action, Drama",34802,"2021-04-10",
tt11657662,8,2021-08-28,"The Witcher: Nightmare of the Wolf","The Witcher: Nightmare of the Wolf",https://www.imdb.com/title/tt11657662,Movie,7.2,83,2021,"Animation, Action, Adventure, Drama, Fantasy, Mystery",55708,"2021-08-23","Kwang Il Han"
tt0758758,10,2021-08-28,"Into the Wild","Into the Wild",https://www.imdb.com/title/tt0758758,Movie,8.0,148,2007,"Drama, Adventure, Biography",700281,"2007-10-19","Sean Penn"
tt7959026,9,2021-08-27,"The Mule","The Mule",https://www.imdb.com/title/tt7959026,Movie,7.0,116,2018,"Drama, Crime, Thriller",171225,"2018-12-14","Clint Eastwood"
tt0110366,10,2021-08-27,"The Little Rascals","The Little Rascals",https://www.imdb.com/title/tt0110366,Movie,6.4,82,1994,"Romance, Comedy, Family",62486,"1994-08-05","Penelope Spheeris"
tt1091794,7,2021-08-25,"Barbed Wired","Kantatar",https://www.imdb.com/title/tt1091794,Movie,6.0,119,2005,"Drama, Romance",51,"2005","Bappaditya Bandopadhyay"
tt0292490,10,2021-08-25,"Dil Chahta Hai","Dil Chahta Hai",https://www.imdb.com/title/tt0292490,Movie,8.0,183,2001,"Comedy, Romance, Drama",80650,"2001-08-10","Farhan Akhtar"
tt0300051,10,2021-08-21,"Jersey Girl","Jersey Girl",https://www.imdb.com/title/tt0300051,Movie,6.2,102,2004,"Romance, Drama, Comedy",75141,"2004-03-26","Kevin Smith"
tt3381008,9,2021-08-19,"The Brothers Grimsby","Grimsby",https://www.imdb.com/title/tt3381008,Movie,6.2,83,2016,"Comedy, Action, Adventure, Crime",121619,"2016-03-11","Louis Leterrier"
tt0444653,10,2021-08-19,"Keeping Mum","Keeping Mum",https://www.imdb.com/title/tt0444653,Movie,6.8,99,2005,"Comedy, Crime",38410,"2006-10-06","Niall Johnson"
tt7167686,9,2021-08-19,"Reign of the Supermen","Reign of the Supermen",https://www.imdb.com/title/tt7167686,Video,6.8,87,2019,"Animation, Action, Sci-Fi, Adventure, Fantasy",20604,"2019-01-10","Jake Castorena,Sam Liu"
tt1398941,9,2021-08-19,"Superman/Batman: Public Enemies","Superman/Batman: Public Enemies",https://www.imdb.com/title/tt1398941,Video,7.1,67,2009,"Animation, Drama, Fantasy, Action, Sci-Fi",27569,"2009-09-29","Sam Liu"
tt2027128,10,2021-08-19,"Justice League: Doom","Justice League: Doom",https://www.imdb.com/title/tt2027128,Video,7.4,75,2012,"Animation, Action, Fantasy, Sci-Fi, Thriller",39941,"2012-02-28","Lauren Montgomery"
tt1494772,10,2021-08-19,"Justice League: Crisis on Two Earths","Justice League: Crisis on Two Earths",https://www.imdb.com/title/tt1494772,Video,7.2,75,2010,"Animation, Action, Sci-Fi, Fantasy",31382,"2010-02-23","Sam Liu,Lauren Montgomery"
tt14867276,9,2021-08-17,"Mohanagar","Mohanagar",https://www.imdb.com/title/tt14867276,TV Series,8.7,25,2021,"Thriller",8883,"2021-06-25",
tt14775748,10,2021-08-17,"Rehana","Rehana Maryam Noor",https://www.imdb.com/title/tt14775748,Movie,7.0,107,2021,"Drama",1672,"2021-11-12","Abdullah Mohammed Saad"
tt12851396,7,2021-08-11,"Trollhunters: Rise of the Titans","Trollhunters: Rise of the Titans",https://www.imdb.com/title/tt12851396,Movie,6.6,104,2021,"Animation, Action, Adventure, Comedy, Family, Fantasy, Drama",7611,"2021-07-21","Johane Matte,Francisco Ruiz-Velasco,Andrew L. Schmidt"
tt6338498,7,2021-08-11,"Vivo","Vivo",https://www.imdb.com/title/tt6338498,Movie,6.7,95,2021,"Animation, Musical, Comedy, Family, Adventure, Drama",24031,"2021-08-06","Kirk DeMicco,Brandon Jeffords"
tt6334354,9,2021-08-06,"The Suicide Squad","The Suicide Squad",https://www.imdb.com/title/tt6334354,Movie,7.2,132,2021,"Action, Adventure, Sci-Fi, Comedy",467017,"2021-08-05","James Gunn"
tt14402926,8,2021-08-03,"Batman: The Long Halloween, Part Two","Batman: The Long Halloween, Part Two",https://www.imdb.com/title/tt14402926,Movie,7.2,87,2021,"Animation, Mystery, Action, Crime, Sci-Fi",19973,"2021-07-27","Chris Palmer"
tt9140554,10,2021-08-03,"Loki","Loki",https://www.imdb.com/title/tt9140554,TV Series,8.2,50,2021,"Fantasy, Sci-Fi, Action, Adventure",489337,"2021-06-09",
tt10895576,10,2021-08-02,"Mimi","Mimi",https://www.imdb.com/title/tt10895576,Movie,7.8,132,2021,"Drama, Comedy",46725,"2021-07-26","Laxman Utekar"
tt5433138,6,2021-07-31,"F9: The Fast Saga","F9",https://www.imdb.com/title/tt5433138,Movie,5.2,143,2021,"Action, Crime, Thriller",184543,"2021-06-25","Justin Lin"
tt12801262,10,2021-07-23,"Luca","Luca",https://www.imdb.com/title/tt12801262,Movie,7.4,95,2021,"Animation, Adventure, Fantasy, Family, Comedy, Drama",228585,"2021-06-18","Enrico Casarosa"
tt9140560,9,2021-07-23,"WandaVision","WandaVision",https://www.imdb.com/title/tt9140560,TV Mini Series,7.9,40,2021,"Action, Sci-Fi, Fantasy, Comedy, Mystery, Drama, Romance",426009,"2021-01-15",
tt13412252,9,2021-07-23,"Kingdom: Ashin of the North","Kingdom: Ashin-jeon",https://www.imdb.com/title/tt13412252,TV Movie,6.9,92,2021,"Fantasy, Horror, Action, Drama, Thriller",16137,"2021-07-23","Kim Seong-hun"
tt10161316,10,2021-07-23,"WandaVision: We Interrupt This Program","WandaVision: We Interrupt This Program",https://www.imdb.com/title/tt10161316,TV Episode,8.7,32,2021,"Action, Sci-Fi, Fantasy, Comedy, Mystery, Drama, Romance",27886,"2021-01-29","Matt Shakman"
tt10919240,9,2021-07-21,"Malik","Malik",https://www.imdb.com/title/tt10919240,Movie,8.0,162,2021,"Thriller, Biography, Drama, Action, Crime",15375,"2021-07-15","Mahesh Narayanan"
tt9777666,8,2021-07-21,"The Tomorrow War","The Tomorrow War",https://www.imdb.com/title/tt9777666,Movie,6.6,138,2021,"Action, Sci-Fi, Adventure, Thriller, Drama",258233,"2021-07-02","Chris McKay"
tt13173144,8,2021-07-14,"Resident Evil: Infinite Darkness","Resident Evil: Infinite Darkness",https://www.imdb.com/title/tt13173144,TV Mini Series,5.8,26,2021,"Animation, Action, Horror, Sci-Fi",14881,"2021-07-08",
tt3480822,9,2021-07-14,"Black Widow","Black Widow",https://www.imdb.com/title/tt3480822,Movie,6.6,134,2021,"Action, Adventure, Sci-Fi",490929,"2021-07-09","Cate Shortland"
tt10161340,10,2021-07-01,"Loki: The Nexus Event","Loki: The Nexus Event",https://www.imdb.com/title/tt10161340,TV Episode,9.0,48,2021,"Fantasy, Sci-Fi, Action, Adventure",34608,"2021-06-30","Kate Herron"
tt8332922,9,2021-06-26,"A Quiet Place Part II","A Quiet Place Part II",https://www.imdb.com/title/tt8332922,Movie,7.2,97,2020,"Drama, Thriller, Sci-Fi, Horror",329735,"2021-05-28","John Krasinski"
tt14324650,9,2021-06-25,"Batman: The Long Halloween, Part One","Batman: The Long Halloween, Part One",https://www.imdb.com/title/tt14324650,Movie,7.3,85,2021,"Animation, Mystery, Action, Crime, Sci-Fi",23459,"2021-06-22","Chris Palmer"
tt14793314,10,2021-06-24,"Boruto: Naruto Next Generations: Yabai yarô","Boruto Naruto Nekusuto Jenerêshonzu: Yabai yarô",https://www.imdb.com/title/tt14793314,TV Episode,9.5,24,2021,"Animation, Action, Adventure, Comedy, Fantasy, Drama",5889,"2021-06-20","Masayuki Kôda,Ken Ogiwara,Noriyuki Abe"
tt14392248,9,2021-06-18,"Aspirants","Aspirants",https://www.imdb.com/title/tt14392248,TV Series,9.1,45,2021,"Drama",320065,"2021-04-07",
tt10161330,10,2021-06-16,"Loki: Glorious Purpose","Loki: Glorious Purpose",https://www.imdb.com/title/tt10161330,TV Episode,8.6,51,2021,"Fantasy, Sci-Fi, Action, Adventure",38904,"2021-06-09","Kate Herron"
tt10161334,10,2021-06-16,"Loki: The Variant","Loki: The Variant",https://www.imdb.com/title/tt10161334,TV Episode,8.7,53,2021,"Fantasy, Sci-Fi, Action, Adventure",35081,"2021-06-16","Kate Herron"
tt5562070,9,2021-06-13,"Wish Dragon","Wish Dragon",https://www.imdb.com/title/tt5562070,Movie,7.2,98,2021,"Animation, Adventure, Comedy, Family, Romance, Fantasy",39997,"2021-06-11","Chris Appelhans"
tt13080922,10,2021-06-12,"The Family Man: Exile","The Family Man: Exile",https://www.imdb.com/title/tt13080922,TV Episode,8.8,59,2021,"Action, Comedy, Drama, Thriller, Crime",6988,"2021-06-04","Krishna D.K.,Raj Nidimoru"
tt14697046,10,2021-06-09,"My Hero Academia: That Which Is Inherited","Boku no Hîrô Akademia: That Which Is Inherited",https://www.imdb.com/title/tt14697046,TV Episode,8.8,24,2021,"Animation, Action, Sci-Fi, Adventure",3497,"2021-07-11","Masahiro Mukai,Naomi Nakayama,Shôji Ikeno,Kenji Nagasaki"
tt12810004,10,2021-06-09,"Sweet Tooth: Big Man","Sweet Tooth: Big Man",https://www.imdb.com/title/tt12810004,TV Episode,8.4,54,2021,"Fantasy, Sci-Fi, Action, Adventure, Drama",2214,"2021-06-04","Jim Mickle"
tt12810000,10,2021-06-09,"Sweet Tooth: When Pubba Met Birdie","Sweet Tooth: When Pubba Met Birdie",https://www.imdb.com/title/tt12810000,TV Episode,8.3,39,2021,"Fantasy, Sci-Fi, Action, Adventure, Drama",1938,"2021-06-04","Toa Fraser"
tt12809990,10,2021-06-09,"Sweet Tooth: Sorry About All the Dead People","Sweet Tooth: Sorry About All the Dead People",https://www.imdb.com/title/tt12809990,TV Episode,8.0,50,2021,"Fantasy, Sci-Fi, Action, Adventure, Drama",2332,"2021-06-04","Jim Mickle"
tt9308104,10,2021-06-09,"Sweet Tooth: Out of the Deep Woods","Sweet Tooth: Out of the Deep Woods",https://www.imdb.com/title/tt9308104,TV Episode,7.9,54,2021,"Fantasy, Sci-Fi, Action, Adventure, Drama",2800,"2021-06-04","Jim Mickle"
tt12809988,10,2021-06-09,"Sweet Tooth","Sweet Tooth",https://www.imdb.com/title/tt12809988,TV Series,7.7,50,2021,"Fantasy, Sci-Fi, Action, Adventure, Drama",79847,"2021-06-04",
tt0482527,10,2021-05-28,"It's a Boy Girl Thing","It's a Boy Girl Thing",https://www.imdb.com/title/tt0482527,Movie,6.2,95,2006,"Comedy, Romance, Fantasy",44829,"2006-12-26","Nick Hurran"
tt1562872,10,2021-05-26,"Zindagi Na Milegi Dobara","Zindagi Na Milegi Dobara",https://www.imdb.com/title/tt1562872,Movie,8.2,155,2011,"Musical, Drama, Comedy, Romance, Adventure",97741,"2011-07-15","Zoya Akhtar"
tt11083552,9,2021-05-25,"Wrath of Man","Wrath of Man",https://www.imdb.com/title/tt11083552,Movie,7.1,119,2021,"Action, Thriller, Crime",243698,"2021-05-07","Guy Ritchie"
tt0993840,8,2021-05-21,"Army of the Dead","Army of the Dead",https://www.imdb.com/title/tt0993840,Movie,5.8,148,2021,"Action, Horror, Sci-Fi, Thriller, Crime, Drama, War, Adventure",203273,"2021-05-21","Zack Snyder"
tt14536156,10,2021-05-14,"Love, Death & Robots: The Drowned Giant","Love, Death & Robots: The Drowned Giant",https://www.imdb.com/title/tt14536156,TV Episode,6.9,13,2021,"Animation, Short, Comedy, Fantasy, Horror, Sci-Fi, Action, Adventure, Drama, Mystery, Thriller",13571,"2021-05-14","Tim Miller"
tt14536144,9,2021-05-14,"Love, Death & Robots: All Through the House","Love, Death & Robots: All Through the House",https://www.imdb.com/title/tt14536144,TV Episode,7.2,7,2021,"Animation, Short, Comedy, Fantasy, Horror, Sci-Fi, Action, Adventure, Drama, Mystery, Thriller",13287,"2021-05-14","Elliot Dear"
tt14536130,9,2021-05-14,"Love, Death & Robots: Automated Customer Service","Love, Death & Robots: Automated Customer Service",https://www.imdb.com/title/tt14536130,TV Episode,6.5,12,2021,"Animation, Short, Comedy, Fantasy, Horror, Sci-Fi, Action, Adventure, Drama, Mystery, Thriller",14939,"2021-05-14","Meat Dept,Jennifer Yuh Nelson"
tt14536118,9,2021-05-14,"Love, Death & Robots: The Tall Grass","Love, Death & Robots: The Tall Grass",https://www.imdb.com/title/tt14536118,TV Episode,7.0,11,2021,"Animation, Short, Comedy, Fantasy, Horror, Sci-Fi, Action, Adventure, Drama, Mystery, Thriller",13408,"2021-05-14","Simon Otto"
tt14536106,9,2021-05-14,"Love, Death & Robots: Ice","Love, Death & Robots: Ice",https://www.imdb.com/title/tt14536106,TV Episode,6.1,13,2021,"Animation, Short, Comedy, Fantasy, Horror, Sci-Fi, Action, Adventure, Drama, Mystery, Thriller",14065,"2021-05-14","Robert Valley,Jennifer Yuh Nelson"
tt14519762,9,2021-05-14,"Love, Death & Robots: Life Hutch","Love, Death & Robots: Life Hutch",https://www.imdb.com/title/tt14519762,TV Episode,6.5,13,2021,"Animation, Short, Comedy, Fantasy, Horror, Sci-Fi, Action, Adventure, Drama, Mystery, Thriller",12247,"2021-05-14","Alex Beaty"
tt10468230,10,2021-05-14,"Love, Death & Robots: Pop Squad","Love, Death & Robots: Pop Squad",https://www.imdb.com/title/tt10468230,TV Episode,8.1,18,2021,"Animation, Short, Comedy, Fantasy, Horror, Sci-Fi, Action, Adventure, Drama, Mystery, Thriller",16558,"2021-05-14","Jennifer Yuh Nelson"
tt14521202,9,2021-05-10,"Boruto: Naruto Next Generations: Bakemon","Boruto Naruto Nekusuto Jenerêshonzu: Bakemon",https://www.imdb.com/title/tt14521202,TV Episode,8.6,24,2021,"Animation, Action, Adventure, Comedy, Fantasy, Drama",1271,"2021-05-09","Nozomi Fukui,Masayuki Kôda,Noriyuki Abe"
tt6741278,10,2021-05-02,"Invincible","Invincible",https://www.imdb.com/title/tt6741278,TV Series,8.7,50,2021,"Animation, Sci-Fi, Action, Drama, Adventure, Fantasy, Thriller",354124,"2021-03-26",
tt9691182,10,2021-05-02,"Invincible: That Actually Hurt","Invincible: That Actually Hurt",https://www.imdb.com/title/tt9691182,TV Episode,9.1,46,2021,"Animation, Sci-Fi, Action, Drama, Adventure, Fantasy, Thriller",24489,"2021-04-09","Jeff Allen,Jay Baker"
tt9691152,10,2021-05-02,"Invincible: It's About Time","Invincible: It's About Time",https://www.imdb.com/title/tt9691152,TV Episode,9.0,47,2021,"Animation, Sci-Fi, Action, Drama, Adventure, Fantasy, Thriller",31678,"2021-03-26","Robert Valley,Jeff Allen"
tt9691186,10,2021-05-02,"Invincible: We Need to Talk","Invincible: We Need to Talk",https://www.imdb.com/title/tt9691186,TV Episode,9.6,48,2021,"Animation, Sci-Fi, Action, Drama, Adventure, Fantasy, Thriller",33137,"2021-04-23","Vinton Heuck,Jeff Allen"
tt9691188,10,2021-05-02,"Invincible: Where I Really Come From","Invincible: Where I Really Come From",https://www.imdb.com/title/tt9691188,TV Episode,9.8,45,2021,"Animation, Sci-Fi, Action, Drama, Adventure, Fantasy, Thriller",42031,"2021-04-30","William Ruzicka,Jeff Allen"
tt7979580,9,2021-05-01,"The Mitchells vs. the Machines","The Mitchells vs the Machines",https://www.imdb.com/title/tt7979580,Movie,7.6,114,2021,"Animation, Adventure, Comedy, Sci-Fi, Family",145206,"2021-04-30","Michael Rianda,Jeff Rowe"
tt13804084,8,2021-04-29,"Justice Society: World War II","Justice Society: World War II",https://www.imdb.com/title/tt13804084,Movie,6.4,84,2021,"Animation, Fantasy, Action, Adventure, Sci-Fi",10636,"2021-04-27","Jeff Wamester"
tt5198068,10,2021-04-28,"Wolfwalkers","WolfWalkers",https://www.imdb.com/title/tt5198068,Movie,8.0,103,2020,"Animation, Adventure, Family, Fantasy, Action, Drama, Thriller",46328,"2020-11-13","Tomm Moore,Ross Stewart"
tt11032374,10,2021-04-28,"Demon Slayer: Kimetsu no Yaiba - The Movie: Mugen Train","Gekijô-ban Kimetsu no Yaiba Mugen Ressha-hen",https://www.imdb.com/title/tt11032374,Movie,8.2,117,2020,"Animation, Action, Adventure, Fantasy, Thriller",103606,"2021-04-23","Haruo Sotozaki"
tt7488208,8,2021-04-27,"Over the Moon","Over the Moon",https://www.imdb.com/title/tt7488208,Movie,6.3,95,2020,"Animation, Musical, Adventure, Family, Sci-Fi, Comedy, Fantasy, Drama",27491,"2020-10-23","Glen Keane,John Kahrs"
tt10633456,10,2021-04-26,"Minari","Minari",https://www.imdb.com/title/tt10633456,Movie,7.4,115,2020,"Drama",127650,"2021-02-12","Lee Isaac Chung"
tt9208876,9,2021-04-23,"The Falcon and the Winter Soldier","The Falcon and the Winter Soldier",https://www.imdb.com/title/tt9208876,TV Mini Series,7.1,50,2021,"Action, Adventure, Sci-Fi, Drama",287195,"2021-03-19",
tt9212998,9,2021-04-23,"The Falcon and the Winter Soldier: One World, One People","The Falcon and the Winter Soldier: One World, One People",https://www.imdb.com/title/tt9212998,TV Episode,7.6,49,2021,"Action, Adventure, Sci-Fi, Drama",16791,"2021-04-23","Kari Skogland"
tt8078034,8,2021-04-21,"See: Godflame","See: Godflame",https://www.imdb.com/title/tt8078034,TV Episode,8.1,57,2019,"Drama, Sci-Fi, Action",6456,"2019-11-01","Francis Lawrence"
tt1837492,9,2021-04-21,"13 Reasons Why","13 Reasons Why",https://www.imdb.com/title/tt1837492,TV Series,7.4,60,2017,"Drama, Mystery, Thriller",343738,"2017-03-31",
tt2301451,10,2021-04-21,"Breaking Bad: Ozymandias","Breaking Bad: Ozymandias",https://www.imdb.com/title/tt2301451,TV Episode,9.5,47,2013,"Drama, Crime, Thriller",509130,"2013-09-15","Rian Johnson"
tt2301455,10,2021-04-21,"Breaking Bad: Felina","Breaking Bad: Felina",https://www.imdb.com/title/tt2301455,TV Episode,9.8,55,2013,"Drama, Crime, Thriller",297791,"2013-09-29","Vince Gilligan"
tt0903747,10,2021-04-21,"Breaking Bad","Breaking Bad",https://www.imdb.com/title/tt0903747,TV Series,9.5,48,2008,"Drama, Crime, Thriller",2685163,"2008-01-20",
tt1232255,10,2021-04-07,"Breaking Bad: Better Call Saul","Breaking Bad: Better Call Saul",https://www.imdb.com/title/tt1232255,TV Episode,9.3,47,2009,"Drama, Crime, Thriller",59400,"2009-04-26","Terry McDonough"
tt6720802,9,2021-04-05,"Trance","Trance",https://www.imdb.com/title/tt6720802,Movie,7.3,170,2020,"Drama, Thriller",10707,"2020-03-06","Anwar Rasheed"
tt1054727,8,2021-04-05,"Breaking Bad: Gray Matter","Breaking Bad: Gray Matter",https://www.imdb.com/title/tt1054727,TV Episode,8.2,48,2008,"Drama, Crime, Thriller",58430,"2008-02-24","Tricia Brock"
tt1054728,10,2021-04-05,"Breaking Bad: Crazy Handful of Nothin'","Breaking Bad: Crazy Handful of Nothin'",https://www.imdb.com/title/tt1054728,TV Episode,9.3,48,2008,"Drama, Crime, Thriller",67949,"2008-03-02","Bronwen Hughes"
tt1054729,9,2021-04-05,"Breaking Bad: A No-Rough-Stuff-Type Deal","Breaking Bad: A No-Rough-Stuff-Type Deal",https://www.imdb.com/title/tt1054729,TV Episode,8.8,48,2008,"Drama, Crime, Thriller",59315,"2008-03-09","Tim Hunter"
tt2076822,8,2021-04-03,"Chaos Walking","Chaos Walking",https://www.imdb.com/title/tt2076822,Movie,5.7,109,2021,"Sci-Fi, Adventure, Action, Fantasy, Western, Drama",65317,"2021-03-05","Doug Liman"
tt9212992,10,2021-04-02,"The Falcon and the Winter Soldier: Power Broker","The Falcon and the Winter Soldier: Power Broker",https://www.imdb.com/title/tt9212992,TV Episode,7.8,51,2021,"Action, Adventure, Sci-Fi, Drama",17286,"2021-04-02","Kari Skogland"
tt5034838,10,2021-03-31,"Godzilla vs. Kong","Godzilla vs. Kong",https://www.imdb.com/title/tt5034838,Movie,6.3,113,2021,"Sci-Fi, Action, Thriller",271495,"2021-03-31","Adam Wingard"
tt5979874,9,2021-03-28,"Godzilla: Planet of the Monsters","Gojira: Kaijû Wakusei",https://www.imdb.com/title/tt5979874,Movie,6.0,89,2017,"Animation, Sci-Fi, Action",10592,"2018-01-17","Hiroyuki Seshita,Kôbun Shizuno"
tt3104988,9,2021-03-28,"Crazy Rich Asians","Crazy Rich Asians",https://www.imdb.com/title/tt3104988,Movie,6.9,120,2018,"Comedy, Romance, Drama",212093,"2018-08-15","Jon M. Chu"
tt14177156,9,2021-03-28,"My Hero Academia: All Hands on Deck! Class 1-A","Boku no Hîrô Akademia: All Hands on Deck! Class 1-A",https://www.imdb.com/title/tt14177156,TV Episode,6.5,24,2021,"Animation, Action, Sci-Fi, Adventure",2991,"2021-05-09","Masahiro Mukai,Naomi Nakayama,Kenji Nagasaki,Tsuyoshi Tobita"
tt8106534,9,2021-03-28,"6 Underground","6 Underground",https://www.imdb.com/title/tt8106534,Movie,6.1,128,2019,"Action, Thriller",213910,"2019-12-13","Michael Bay"
tt10272386,10,2021-03-26,"The Father","The Father",https://www.imdb.com/title/tt10272386,Movie,8.2,97,2020,"Drama, Mystery",250469,"2021-02-26","Florian Zeller"
tt9212988,9,2021-03-26,"The Falcon and the Winter Soldier: The Star-Spangled Man","The Falcon and the Winter Soldier: The Star-Spangled Man",https://www.imdb.com/title/tt9212988,TV Episode,7.7,47,2021,"Action, Adventure, Sci-Fi, Drama",18325,"2021-03-26","Kari Skogland"
tt9212984,9,2021-03-26,"The Falcon and the Winter Soldier: New World Order","The Falcon and the Winter Soldier: New World Order",https://www.imdb.com/title/tt9212984,TV Episode,7.5,47,2021,"Action, Adventure, Sci-Fi, Drama",20566,"2021-03-19","Kari Skogland"
tt9208444,8,2021-03-25,"Impractical Jokers: The Movie","Impractical Jokers: The Movie",https://www.imdb.com/title/tt9208444,Movie,5.7,92,2020,"Comedy",7844,"2020-02-28","Chris Henchy"
tt1295071,10,2021-03-22,"Tales of the Black Freighter","Tales of the Black Freighter",https://www.imdb.com/title/tt1295071,Video,7.0,26,2009,"Animation, Short, Horror, Action, Adventure",7588,"2009-03-24","Daniel DelPurgatorio,Mike Smith"
tt1219342,10,2021-03-22,"Legend of the Guardians: The Owls of Ga'Hoole","Legend of the Guardians: The Owls of Ga'Hoole",https://www.imdb.com/title/tt1219342,Movie,6.9,97,2010,"Animation, Adventure, Fantasy, Action, Family, Mystery, Thriller, War, Drama",92747,"2010-09-24","Zack Snyder"
tt0416449,10,2021-03-22,"300","300",https://www.imdb.com/title/tt0416449,Movie,7.6,117,2006,"Action, Drama",922672,"2007-03-09","Zack Snyder"
tt0409459,10,2021-03-22,"Watchmen","Watchmen",https://www.imdb.com/title/tt0409459,Movie,7.6,162,2009,"Sci-Fi, Action, Mystery, Drama",617111,"2009-03-06","Zack Snyder"
tt0770828,10,2021-03-22,"Man of Steel","Man of Steel",https://www.imdb.com/title/tt0770828,Movie,7.1,143,2013,"Action, Adventure, Sci-Fi",877998,"2013-06-14","Zack Snyder"
tt13845664,9,2021-03-22,"Janowar","Janowar",https://www.imdb.com/title/tt13845664,Movie,7.7,77,2021,"Crime, Drama, Thriller",1516,"2021-01-14","Raihan Rafi"
tt14266078,7,2021-03-22,"Contract: The Ultimate Don","Contract: The Ultimate Don",https://www.imdb.com/title/tt14266078,TV Episode,8.5,,2021,"Crime",55,"2021-03-18",
tt14266072,8,2021-03-22,"Contract: Lady Love","Contract: Lady Love",https://www.imdb.com/title/tt14266072,TV Episode,8.7,,2021,"Crime",56,"2021-03-18",
tt14266068,10,2021-03-22,"Contract: Black Ranju is Back","Contract: Black Ranju is Back",https://www.imdb.com/title/tt14266068,TV Episode,8.7,,2021,"Crime",63,"2021-03-18",
tt14266066,10,2021-03-22,"Contract: The Rivalry","Contract: The Rivalry",https://www.imdb.com/title/tt14266066,TV Episode,8.5,,2021,"Crime",60,"2021-03-18",
tt14243086,9,2021-03-22,"Contract","Contract",https://www.imdb.com/title/tt14243086,TV Series,7.0,,2021,"Crime",1729,"2021-03-18",
tt1799631,9,2021-03-21,"Blue Exorcist","Ao no ekusoshisuto",https://www.imdb.com/title/tt1799631,TV Series,7.4,30,2011,"Animation, Action, Drama, Fantasy, Horror",17460,"2014-02-23",
tt12361974,10,2021-03-18,"Zack Snyder's Justice League","Zack Snyder's Justice League",https://www.imdb.com/title/tt12361974,Movie,7.9,242,2021,"Adventure, Fantasy, Sci-Fi",481023,"2021-03-18","Zack Snyder"
tt6878038,10,2021-03-09,"A Taxi Driver","Taeksi woonjunsa",https://www.imdb.com/title/tt6878038,Movie,7.9,137,2017,"History, Drama, Action",39372,"2017-08-11","Hun Jang"
tt0050083,10,2021-03-06,"12 Angry Men","12 Angry Men",https://www.imdb.com/title/tt0050083,Movie,9.0,96,1957,"Crime, Drama",1005785,"1957-04-10","Sidney Lumet"
tt5109280,10,2021-03-06,"Raya and the Last Dragon","Raya and the Last Dragon",https://www.imdb.com/title/tt5109280,Movie,7.3,107,2021,"Animation, Adventure, Family, Fantasy, Comedy, Action, Drama",190403,"2021-03-05","Don Hall,Carlos López Estrada,Paul Briggs,John Ripa"
tt13985282,10,2021-03-05,"The Promised Neverland: Episode #2.8","Yakusoku no Neverland: Episode #2.8",https://www.imdb.com/title/tt13985282,TV Episode,7.7,23,2021,"Animation, Mystery, Thriller, Sci-Fi, Adventure, Drama, Fantasy, Horror, Action",1424,"2021-05-30","Mamoru Kanbe"
tt12343534,10,2021-03-04,"Jujutsu Kaisen","Jujutsu Kaisen",https://www.imdb.com/title/tt12343534,TV Series,8.5,24,2020,"Animation, Action, Adventure, Fantasy, Thriller",223016,"2020-10-02",
tt1361336,8,2021-02-27,"Tom & Jerry","Tom and Jerry",https://www.imdb.com/title/tt1361336,Movie,5.3,101,2021,"Animation, Comedy, Adventure, Family, Fantasy",43943,"2021-02-26","Tim Story"
tt6823368,10,2021-02-25,"Glass","Glass",https://www.imdb.com/title/tt6823368,Movie,6.6,129,2019,"Thriller, Drama, Sci-Fi, Horror, Fantasy",308181,"2019-01-18","M. Night Shyamalan"
tt0209163,10,2021-02-20,"The Mummy Returns","The Mummy Returns",https://www.imdb.com/title/tt0209163,Movie,6.4,130,2001,"Fantasy, Thriller, Adventure, Action",371718,"2001-05-04","Stephen Sommers"
tt1390411,10,2021-02-20,"In the Heart of the Sea","In the Heart of the Sea",https://www.imdb.com/title/tt1390411,Movie,6.9,122,2015,"Drama, Action, Adventure, History, Biography",160876,"2015-12-11","Ron Howard"
tt2850386,8,2021-02-18,"The Croods: A New Age","The Croods: A New Age",https://www.imdb.com/title/tt2850386,Movie,6.9,95,2020,"Animation, Adventure, Comedy, Family, Fantasy",63137,"2020-11-25","Joel Crawford"
tt0277296,10,2021-02-18,"The Scorpion King","The Scorpion King",https://www.imdb.com/title/tt0277296,Movie,5.5,92,2002,"Adventure, Fantasy, Action",152955,"2002-04-19","Chuck Russell"
tt12885852,10,2021-02-18,"Batman: Soul of the Dragon","Batman: Soul of the Dragon",https://www.imdb.com/title/tt12885852,Movie,6.1,83,2021,"Animation, Action, Adventure, Crime",8306,"2021-01-12","Sam Liu"
tt6475714,9,2021-02-17,"Monster Hunter","Monster Hunter",https://www.imdb.com/title/tt6475714,Movie,5.2,103,2020,"Fantasy, Action, Adventure",76271,"2020-12-18","Paul W.S. Anderson"
tt8416494,9,2021-02-17,"Doom Patrol","Doom Patrol",https://www.imdb.com/title/tt8416494,TV Series,7.7,60,2019,"Action, Adventure, Drama, Sci-Fi, Comedy, Mystery, Fantasy",64235,"2019-02-15",
tt0210945,10,2021-02-17,"Remember the Titans","Remember the Titans",https://www.imdb.com/title/tt0210945,Movie,7.8,113,2000,"Sport, Biography, Comedy, Drama",254240,"2000-09-29","Boaz Yakin"
tt0142342,8,2021-02-16,"Big Daddy","Big Daddy",https://www.imdb.com/title/tt0142342,Movie,6.5,93,1999,"Drama, Comedy",254566,"1999-06-25","Dennis Dugan"
tt0360201,8,2021-02-14,"Wimbledon","Wimbledon",https://www.imdb.com/title/tt0360201,Movie,6.4,98,2004,"Comedy, Romance, Sport",68559,"2004-09-17","Richard Loncraine"
tt3398540,10,2021-02-14,"Haikyuu!!","Haikyû!!",https://www.imdb.com/title/tt3398540,TV Series,8.7,24,2014,"Animation, Sport, Comedy, Drama",57110,"2014-04-05",
tt8721556,8,2021-02-08,"Jallikattu","Jallikattu",https://www.imdb.com/title/tt8721556,Movie,7.3,95,2019,"Crime, Thriller, Action, Drama",9715,"2019-10-04","Lijo Jose Pellissery"
tt3837246,9,2021-02-02,"Assassination Classroom","Ansatsu kyôshitsu",https://www.imdb.com/title/tt3837246,TV Series,7.9,23,2013,"Animation, Action, Comedy, Sci-Fi, Fantasy",30241,"2015-02-18",
tt0048473,10,2021-01-28,"Pather Panchali","Pather Panchali",https://www.imdb.com/title/tt0048473,Movie,8.2,125,1955,"History, Drama",42382,"1955-08-26","Satyajit Ray"
tt0443274,9,2021-01-28,"Vantage Point","Vantage Point",https://www.imdb.com/title/tt0443274,Movie,6.6,90,2008,"Drama, Thriller, Action",158678,"2008-02-22","Pete Travis"
tt13819632,10,2021-01-25,"Attack on Titan: The War Hammer Titan","Shingeki no kyojin: The War Hammer Titan",https://www.imdb.com/title/tt13819632,TV Episode,9.8,24,2021,"Animation, Fantasy, Horror, Adventure, Drama, Action",108120,"2021-01-17","Yūichirō Hayashi,Jun Shishido"
tt13857684,10,2021-01-25,"Attack on Titan: Assault","Shingeki no kyojin: Assault",https://www.imdb.com/title/tt13857684,TV Episode,9.8,24,2021,"Animation, Fantasy, Horror, Adventure, Drama, Action",134733,"2021-01-24","Yūichirō Hayashi,Jun Shishido"
tt11567004,10,2021-01-23,"Black Clover: Clash! The Battle of the Magic Knights Squad Captains","Black Clover: Clash! The Battle of the Magic Knights Squad Captains",https://www.imdb.com/title/tt11567004,TV Episode,9.1,23,2020,"Animation, Action, Comedy, Fantasy, Adventure, Drama, Sci-Fi, Thriller, Family",1605,"2020-11-10","Tatsuya Yoshihara"
tt5548032,9,2021-01-15,"Oppam","Oppam",https://www.imdb.com/title/tt5548032,Movie,7.3,143,2016,"Thriller, Action, Drama",5110,"2016-09-08","Priyadarshan"
tt11963736,9,2021-01-14,"Dracula Sir","Dracula Sir",https://www.imdb.com/title/tt11963736,Movie,7.4,127,2020,"Thriller, Crime, Horror",2208,"2020-10-21","Debaloy Bhattacharya"
tt5472374,9,2021-01-14,"Meri Pyaari Bindu","Meri Pyaari Bindu",https://www.imdb.com/title/tt5472374,Movie,6.1,117,2017,"Drama, Romance, Comedy",6864,"2017-05-12","Akshay Roy"
tt8242084,8,2021-01-13,"My Spy","My Spy",https://www.imdb.com/title/tt8242084,Movie,6.4,99,2020,"Action, Comedy",42787,"2020-06-26","Peter Segal"
tt13052856,10,2021-01-13,"The Mandalorian: Chapter 13: The Jedi","The Mandalorian: Chapter 13: The Jedi",https://www.imdb.com/title/tt13052856,TV Episode,9.3,45,2020,"Sci-Fi, Adventure, Fantasy, Action",37064,"2020-11-27","Dave Filoni"
tt13605714,10,2021-01-11,"Attack on Titan: Declaration of War","Shingeki no kyojin: Declaration of War",https://www.imdb.com/title/tt13605714,TV Episode,9.8,24,2021,"Animation, Fantasy, Horror, Adventure, Drama, Action",108108,"2021-01-10","Yūichirō Hayashi,Teruyuki Ômine,Jun Shishido"
tt9468400,9,2021-01-11,"Shah Jahan Regency","Shah Jahan Regency",https://www.imdb.com/title/tt9468400,Movie,6.6,156,2019,"Drama",1395,"2019-02-10","Srijit Mukherji"
tt7126948,8,2021-01-09,"Wonder Woman 1984","Wonder Woman 1984",https://www.imdb.com/title/tt7126948,Movie,5.3,151,2020,"Action, Adventure, Fantasy",315498,"2020-12-25","Patty Jenkins"
tt13356580,9,2021-01-02,"Mainkar Chipay","Mainkar Chipay",https://www.imdb.com/title/tt13356580,Movie,7.4,50,2020,"Thriller",1353,"2020-11-08","Abrar Athar"
tt12979652,10,2021-01-02,"Valobashi Tai Valobeshe Jai","Valobashi Tai Valobeshe Jai",https://www.imdb.com/title/tt12979652,Movie,8.0,87,2011,"Romance",95,"2011-09-03","Shihab Shaheen"
tt13582638,10,2021-01-02,"Taqdeer","Taqdeer",https://www.imdb.com/title/tt13582638,TV Series,8.6,20,2020,"Mystery, Thriller, Crime",8454,"2020-12-18",
tt2948372,9,2021-01-02,"Soul","Soul",https://www.imdb.com/title/tt2948372,Movie,8.0,100,2020,"Animation, Family, Adventure, Fantasy, Music, Comedy, Drama",458989,"2020-12-25","Pete Docter,Kemp Powers"
tt6723592,9,2020-12-31,"Tenet","Tenet",https://www.imdb.com/title/tt6723592,Movie,7.3,150,2020,"Action, Sci-Fi, Thriller",712376,"2020-09-03","Christopher Nolan"
tt0027977,10,2020-12-23,"Modern Times","Modern Times",https://www.imdb.com/title/tt0027977,Movie,8.5,87,1936,"Drama, Romance, Comedy",288249,"1936-02-25","Charles Chaplin"
tt7493974,10,2020-12-22,"Bodyguard","Bodyguard",https://www.imdb.com/title/tt7493974,TV Mini Series,8.0,60,2018,"Thriller, Crime, Drama, Mystery",173736,"2018-10-24",
tt0381838,10,2020-12-20,"...ing","...ing",https://www.imdb.com/title/tt0381838,Movie,7.2,104,2003,"Romance, Drama",2380,"2003-11-24","Lee Eon-hie"
tt3259968,10,2020-12-18,"The Wrath of Vajra","Jin Gang Wang: Si wang jiu shu",https://www.imdb.com/title/tt3259968,Movie,5.7,111,2013,"Action, Fantasy",1875,"2013-09-24","Wing-Cheong Law"
tt1946280,10,2020-12-17,"Noukadubi","Noukadubi",https://www.imdb.com/title/tt1946280,Movie,7.7,135,2011,"Drama, Romance",1191,"2011-05-20","Rituparno Ghosh"
tt12567088,9,2020-12-16,"Raat Akeli Hai","Raat Akeli Hai",https://www.imdb.com/title/tt12567088,Movie,7.2,149,2020,"Crime, Thriller, Drama, Mystery",23070,"2020-07-31","Honey Trehan"
tt10940978,9,2020-12-09,"Sanjhbati","Sanjhbati",https://www.imdb.com/title/tt10940978,Movie,7.5,,2019,"Drama",799,"2019-12-20","Saibal Banerjee,Leena Gangopadhyay"
tt6971752,10,2020-12-06,"Shubh Mangal Savdhan","Shubh Mangal Saavdhan",https://www.imdb.com/title/tt6971752,Movie,6.9,119,2017,"Comedy, Romance",12334,"2017-09-01","R.S. Prasanna"
tt2776344,9,2020-12-03,"Pee Mak","Pee Mak Phrakanong",https://www.imdb.com/title/tt2776344,Movie,7.2,115,2013,"Horror, Comedy, Romance, War, Fantasy",7470,"2013-03-28","Banjong Pisanthanakun"
tt1605717,8,2020-12-03,"Frank","Frank",https://www.imdb.com/title/tt1605717,Movie,6.9,95,2014,"Drama, Comedy, Music",84992,"2014-09-05","Lenny Abrahamson"
tt7392212,9,2020-12-01,"Rangasthalam","Rangasthalam",https://www.imdb.com/title/tt7392212,Movie,8.2,170,2018,"Action, Drama",31679,"2018-03-29","Sukumar"
tt8504014,9,2020-11-29,"Good Newwz","Good Newwz",https://www.imdb.com/title/tt8504014,Movie,6.8,134,2019,"Comedy, Drama",23929,"2019-12-27","Raj Mehta"
tt4469862,10,2020-11-29,"Death Parade: Suicide Tour","Death Parade: Suicide Tour",https://www.imdb.com/title/tt4469862,TV Episode,9.1,22,2015,"Animation, Drama, Mystery, Thriller",1003,"2015-03-28","Yuzuru Tachikawa"
tt4279012,10,2020-11-29,"Death Parade","Death Parade",https://www.imdb.com/title/tt4279012,TV Mini Series,7.8,,2015,"Animation, Drama, Mystery, Thriller",25857,"2015-01-10",
tt5839706,10,2020-11-29,"91 Days","91 Days",https://www.imdb.com/title/tt5839706,TV Mini Series,7.6,24,2016,"Animation, Drama, Crime, Thriller, History",7575,"2016-07-08",
tt5164214,9,2020-11-26,"Ocean's Eight","Ocean's Eight",https://www.imdb.com/title/tt5164214,Movie,6.3,110,2018,"Crime, Comedy, Thriller",265186,"2018-06-08","Gary Ross"
tt0991346,10,2020-11-26,"Bhoothnath","Bhoothnath",https://www.imdb.com/title/tt0991346,Movie,6.5,150,2008,"Comedy, Drama, Fantasy, Family, Horror",13531,"2008-05-09","Vivek Sharma"
tt0833553,10,2020-11-26,"Ta Ra Rum Pum","Ta Ra Rum Pum",https://www.imdb.com/title/tt0833553,Movie,5.9,153,2007,"Romance, Family, Sport, Drama, Comedy",10114,"2007-04-27","Siddharth Anand"
tt0120632,10,2020-11-25,"City of Angels","City of Angels",https://www.imdb.com/title/tt0120632,Movie,6.7,114,1998,"Drama, Romance, Fantasy",136186,"1998-04-10","Brad Silberling"
tt9252582,10,2020-11-24,"Mirzapur: Tandav","Mirzapur: Tandav",https://www.imdb.com/title/tt9252582,TV Episode,8.5,47,2018,"Crime, Thriller, Action, Drama",1486,"2018-11-16","Gurmmeet Singh"
tt9252588,10,2020-11-24,"Mirzapur: Yogya","Mirzapur: Yogya",https://www.imdb.com/title/tt9252588,TV Episode,9.0,46,2018,"Crime, Thriller, Action, Drama",2149,"2018-11-16","Gurmmeet Singh"
tt13188810,10,2020-11-24,"Mirzapur: King of Mirzapur","Mirzapur: King of Mirzapur",https://www.imdb.com/title/tt13188810,TV Episode,7.6,65,2020,"Crime, Thriller, Action, Drama",4300,"2020-10-23","Gurmmeet Singh"
tt6473300,10,2020-11-21,"Mirzapur","Mirzapur",https://www.imdb.com/title/tt6473300,TV Series,8.4,60,2018,"Crime, Thriller, Action, Drama",95427,"2018-11-15",
tt8983164,9,2020-11-20,"Chhalaang","Chhalaang",https://www.imdb.com/title/tt8983164,Movie,6.6,136,2020,"Comedy, Drama, Sport",20595,"2020-11-13","Hansal Mehta"
tt0360717,10,2020-11-16,"King Kong","King Kong",https://www.imdb.com/title/tt0360717,Movie,7.2,187,2005,"Adventure, Action, Romance",475290,"2005-12-14","Peter Jackson"
tt0253474,10,2020-11-16,"The Pianist","The Pianist",https://www.imdb.com/title/tt0253474,Movie,8.5,150,2002,"Biography, Music, Drama, War",1027093,"2003-03-28","Roman Polanski"
tt0222012,10,2020-11-15,"Hey Ram","Hey Ram",https://www.imdb.com/title/tt0222012,Movie,8.0,186,2000,"History, Crime, Drama",15338,"2000-02-18","Kamal Haasan"
tt2082197,10,2020-11-14,"Barfi!","Barfi!",https://www.imdb.com/title/tt2082197,Movie,8.1,151,2012,"Drama, Comedy, Romance",95078,"2012-09-14","Anurag Basu"
tt0495032,10,2020-11-14,"Gangster","Gangster",https://www.imdb.com/title/tt0495032,Movie,7.2,123,2006,"Crime, Drama, Romance, Thriller, Action",9183,"2006-04-28","Anurag Basu"
tt7212754,10,2020-11-14,"Ludo","Ludo",https://www.imdb.com/title/tt7212754,Movie,7.6,150,2020,"Comedy, Drama, Action",46585,"2020-11-12","Anurag Basu"
tt0042876,10,2020-11-14,"Rashomon","Rashômon",https://www.imdb.com/title/tt0042876,Movie,8.1,88,1950,"Crime, Mystery, Drama",199062,"1951-12-26","Akira Kurosawa"
tt6257970,8,2020-11-11,"The End of the F***ing World","The End of the F***ing World",https://www.imdb.com/title/tt6257970,TV Series,8.0,25,2017,"Comedy, Drama, Adventure, Romance, Crime, Thriller",250106,"2017-10-24",
tt2468774,10,2020-11-11,"Confession of Murder","Naega sarinbeomida",https://www.imdb.com/title/tt2468774,Movie,7.0,119,2012,"Action, Thriller, Crime, Mystery",13109,"2012-11-08","Jung Byung-gil"
tt0047478,10,2020-11-11,"Seven Samurai","Shichinin no samurai",https://www.imdb.com/title/tt0047478,Movie,8.6,207,1954,"Drama, Action",406483,"1956-11-19","Akira Kurosawa"
tt1436045,10,2020-11-09,"13 Assassins","Jûsannin no shikaku",https://www.imdb.com/title/tt1436045,Movie,7.5,141,2010,"Action, Adventure, Drama",72351,"2010-09-25","Takashi Miike"
tt0151150,10,2020-11-08,"Josh","Josh",https://www.imdb.com/title/tt0151150,Movie,6.1,162,2000,"Musical, Romance, Drama, Action",11944,"2000-06-09","Mansoor Khan"
tt0164550,10,2020-11-08,"Duplicate","Duplicate",https://www.imdb.com/title/tt0164550,Movie,5.6,164,1998,"Comedy, Thriller, Action, Crime, Romance",9454,"1998-05-08","Mahesh Bhatt"
tt0451850,10,2020-11-08,"Paheli","Paheli",https://www.imdb.com/title/tt0451850,Movie,6.4,140,2005,"Musical, Fantasy, Romance, Drama, Comedy",15351,"2005-06-24","Amol Palekar"
tt6148156,10,2020-11-08,"Vikram Vedha","Vikram Vedha",https://www.imdb.com/title/tt6148156,Movie,8.2,147,2017,"Thriller, Action, Crime, Drama, Mystery",56220,"2017-07-21","Gayatri,Pushkar"
tt10080924,10,2020-11-06,"Sweater","Sweater",https://www.imdb.com/title/tt10080924,Movie,7.2,118,2019,"Drama",1006,"2019-03-29","Shiladitya Moulik"
tt7349950,8,2020-11-03,"It: Chapter Two","It: Chapter Two",https://www.imdb.com/title/tt7349950,Movie,6.5,169,2019,"Horror, Drama, Fantasy",363746,"2019-09-06","Andy Muschietti"
tt1355644,8,2020-10-31,"Passengers","Passengers",https://www.imdb.com/title/tt1355644,Movie,7.0,116,2016,"Sci-Fi, Drama, Thriller, Romance",506374,"2016-12-21","Morten Tyldum"
tt2543164,9,2020-10-31,"Arrival","Arrival",https://www.imdb.com/title/tt2543164,Movie,7.9,116,2016,"Sci-Fi, Drama, Mystery",881810,"2016-11-11","Denis Villeneuve"
tt1798709,9,2020-10-31,"Her","Her",https://www.imdb.com/title/tt1798709,Movie,7.9,126,2013,"Romance, Sci-Fi, Drama",735148,"2014-01-10","Spike Jonze"
tt1800241,9,2020-10-31,"American Hustle","American Hustle",https://www.imdb.com/title/tt1800241,Movie,7.2,138,2013,"Drama, Crime",522283,"2013-12-20","David O. Russell"
tt1496729,10,2020-10-30,"Aaranya Kaandam","Aaranya Kaandam",https://www.imdb.com/title/tt1496729,Movie,8.4,126,2010,"Action, Crime, Thriller, Comedy",6173,"2011-06-10","Thiagarajan Kumararaja"
tt8590896,9,2020-10-29,"Geetha Govindam","Geetha Govindam",https://www.imdb.com/title/tt8590896,Movie,7.7,142,2018,"Romance, Drama, Comedy",18093,"2018-08-14","Parasuram"
tt3498820,10,2020-10-28,"Captain America: Civil War","Captain America: Civil War",https://www.imdb.com/title/tt3498820,Movie,7.8,147,2016,"Action, Sci-Fi",951737,"2016-05-06","Anthony Russo,Joe Russo"
tt1979320,10,2020-10-28,"Rush","Rush",https://www.imdb.com/title/tt1979320,Movie,8.1,123,2013,"Biography, Sport, Drama",567764,"2013-09-27","Ron Howard"
tt1033643,9,2020-10-22,"What Happens in Vegas","What Happens in Vegas",https://www.imdb.com/title/tt1033643,Movie,6.1,99,2008,"Comedy, Romance",198405,"2008-05-09","Tom Vaughan"
tt4916630,10,2020-10-21,"Just Mercy","Just Mercy",https://www.imdb.com/title/tt4916630,Movie,7.6,137,2019,"Drama, Biography, Crime",86062,"2020-01-10","Destin Daniel Cretton"
tt5371168,7,2020-10-19,"The Extraordinary Journey of the Fakir","The Extraordinary Journey of the Fakir",https://www.imdb.com/title/tt5371168,Movie,6.8,92,2018,"Drama, Comedy, Adventure",9296,"2019-06-20","Ken Scott"
tt0343135,8,2020-10-18,"Along Came Polly","Along Came Polly",https://www.imdb.com/title/tt0343135,Movie,6.0,90,2004,"Romance, Comedy",151353,"2004-01-16","John Hamburg"
tt6921496,8,2020-10-18,"A Bluebird in My Heart","A Bluebird in My Heart",https://www.imdb.com/title/tt6921496,Movie,6.4,85,2018,"Drama, Thriller",2184,"2020-06-10","Jérémie Guez"
tt12187284,10,2020-10-18,"The Boys: What I Know","The Boys: What I Know",https://www.imdb.com/title/tt12187284,TV Episode,9.4,67,2020,"Action, Sci-Fi, Crime, Comedy",37559,"2020-10-09","Alex Graves"
tt0498380,10,2020-10-10,"Letters from Iwo Jima","Letters from Iwo Jima",https://www.imdb.com/title/tt0498380,Movie,7.8,141,2006,"Drama, War, History, Action, Adventure",178384,"2007-02-02","Clint Eastwood"
tt5429776,10,2020-10-09,"Assassination Classroom: Past Time","Ansatsu kyôshitsu: Past Time",https://www.imdb.com/title/tt5429776,TV Episode,9.0,23,2016,"Animation, Action, Comedy, Sci-Fi, Fantasy",778,"2016-04-28",
tt5429774,10,2020-10-09,"Assassination Classroom: Confession Time","Ansatsu kyôshitsu: Confession Time",https://www.imdb.com/title/tt5429774,TV Episode,8.4,23,2016,"Animation, Action, Comedy, Sci-Fi, Fantasy",579,"2016-04-21",
tt5429772,10,2020-10-09,"Assassination Classroom: Secret Identity Time","Ansatsu kyôshitsu: Secret Identity Time",https://www.imdb.com/title/tt5429772,TV Episode,8.1,23,2016,"Animation, Action, Comedy, Sci-Fi, Fantasy",544,"2016-04-07",
tt1172570,9,2020-10-09,"Bronson","Bronson",https://www.imdb.com/title/tt1172570,Movie,7.0,92,2008,"Action, Drama, Crime",151718,"2009-03-13","Nicolas Winding Refn"
tt9170108,10,2020-10-07,"Raised by Wolves","Raised by Wolves",https://www.imdb.com/title/tt9170108,TV Series,7.4,55,2020,"Drama, Sci-Fi, Thriller, Fantasy",93774,"2020-09-03",
tt3322312,10,2020-10-06,"Daredevil","Daredevil",https://www.imdb.com/title/tt3322312,TV Series,8.6,60,2015,"Action, Crime, Drama, Thriller, Sci-Fi",543335,"2015-04-10",
tt0101279,10,2020-10-05,"The Stranger","Agantuk",https://www.imdb.com/title/tt0101279,Movie,8.0,97,1991,"Drama",4824,"1991-05-10","Satyajit Ray"
tt6967980,10,2020-10-01,"Seeking True Love","Bareilly Ki Barfi",https://www.imdb.com/title/tt6967980,Movie,7.5,116,2017,"Comedy, Romance",28956,"2017-08-18","Ashwiny Iyer Tiwari"
tt1937149,9,2020-09-29,"The Body","El cuerpo",https://www.imdb.com/title/tt1937149,Movie,7.6,112,2012,"Thriller, Mystery, Crime, Drama",80812,"2012-12-21","Oriol Paulo"
tt4469854,10,2020-09-26,"Death Parade: Death Counter","Death Parade: Death Counter",https://www.imdb.com/title/tt4469854,TV Episode,9.0,23,2015,"Animation, Drama, Mystery, Thriller",994,"2015-03-07","Migmi,Yuzuru Tachikawa"
tt4125428,10,2020-09-26,"Daredevil: Daredevil","Daredevil: Daredevil",https://www.imdb.com/title/tt4125428,TV Episode,9.3,56,2015,"Action, Crime, Drama, Thriller, Sci-Fi",18475,"2015-04-10","Steven S. DeKnight"
tt4947664,10,2020-09-26,"Daredevil: Penny and Dime","Daredevil: Penny and Dime",https://www.imdb.com/title/tt4947664,TV Episode,9.4,60,2016,"Action, Crime, Drama, Thriller, Sci-Fi",17384,"2016-03-18","Peter Hoar"
tt4950314,10,2020-09-26,"Daredevil: Seven Minutes in Heaven","Daredevil: Seven Minutes in Heaven",https://www.imdb.com/title/tt4950314,TV Episode,9.4,59,2016,"Action, Crime, Drama, Thriller, Sci-Fi",15707,"2016-03-18","Stephen Surjik"
tt4950320,9,2020-09-26,"Daredevil: The Dark at the End of the Tunnel","Daredevil: The Dark at the End of the Tunnel",https://www.imdb.com/title/tt4950320,TV Episode,8.8,52,2016,"Action, Crime, Drama, Thriller, Sci-Fi",12362,"2016-03-18","Euros Lyn"
tt4950324,9,2020-09-26,"Daredevil: A Cold Day in Hell's Kitchen","Daredevil: A Cold Day in Hell's Kitchen",https://www.imdb.com/title/tt4950324,TV Episode,9.1,58,2016,"Action, Crime, Drama, Thriller, Sci-Fi",14605,"2016-03-18","Peter Hoar"
tt0257044,10,2020-09-25,"Road to Perdition","Road to Perdition",https://www.imdb.com/title/tt0257044,Movie,7.6,117,2002,"Thriller, Crime, Drama",303333,"2002-07-12","Sam Mendes"
tt1228987,10,2020-09-18,"Let Me In","Let Me In",https://www.imdb.com/title/tt1228987,Movie,7.1,116,2010,"Drama, Mystery, Horror, Thriller, Fantasy",134212,"2010-10-01","Matt Reeves"
tt0970179,10,2020-09-18,"Hugo","Hugo",https://www.imdb.com/title/tt0970179,Movie,7.5,126,2011,"Adventure, Mystery, Drama, Fantasy, Family",351708,"2011-11-23","Martin Scorsese"
tt1014759,9,2020-09-18,"Alice in Wonderland","Alice in Wonderland",https://www.imdb.com/title/tt1014759,Movie,6.4,108,2010,"Fantasy, Family, Adventure, Mystery",473139,"2010-03-05","Tim Burton"
tt0121164,9,2020-09-18,"Corpse Bride","Corpse Bride",https://www.imdb.com/title/tt0121164,Movie,7.4,77,2005,"Animation, Musical, Fantasy, Romance, Family, Drama, Comedy",332935,"2005-09-23","Tim Burton,Mike Johnson"
tt0304141,10,2020-09-18,"Harry Potter and the Prisoner of Azkaban","Harry Potter and the Prisoner of Azkaban",https://www.imdb.com/title/tt0304141,Movie,7.9,142,2004,"Mystery, Family, Adventure, Fantasy",780465,"2004-06-04","Alfonso Cuarón"
tt0308644,10,2020-09-18,"Finding Neverland","Finding Neverland",https://www.imdb.com/title/tt0308644,Movie,7.6,106,2004,"Drama, Biography, Family",218280,"2004-12-17","Marc Forster"
tt3107288,7,2020-09-17,"The Flash","The Flash",https://www.imdb.com/title/tt3107288,TV Series,7.4,43,2014,"Action, Adventure, Drama, Sci-Fi",389153,"2014-10-07",
tt4125426,10,2020-09-17,"Daredevil: The Path of the Righteous","Daredevil: The Path of the Righteous",https://www.imdb.com/title/tt4125426,TV Episode,8.7,59,2015,"Action, Crime, Drama, Thriller, Sci-Fi",14843,"2015-04-10","Nick Gomez"
tt4061068,10,2020-09-17,"Daredevil: In the Blood","Daredevil: In the Blood",https://www.imdb.com/title/tt4061068,TV Episode,8.6,52,2015,"Action, Crime, Drama, Thriller, Sci-Fi",16344,"2015-04-10","Ken Girotti"
tt0343818,10,2020-09-15,"I, Robot","I, Robot",https://www.imdb.com/title/tt0343818,Movie,7.1,115,2004,"Action, Mystery, Sci-Fi, Thriller",622615,"2004-07-16","Alex Proyas"
tt9432978,9,2020-09-14,"Kota Factory","Kota Factory",https://www.imdb.com/title/tt9432978,TV Series,9.0,40,2019,"Drama, Comedy",93687,"2019-04-16",
tt7456310,10,2020-09-11,"Anna","Anna",https://www.imdb.com/title/tt7456310,Movie,6.7,118,2019,"Action, Thriller, Adventure",109839,"2019-06-21","Luc Besson"
tt1190634,10,2020-09-10,"The Boys","The Boys",https://www.imdb.com/title/tt1190634,TV Series,8.5,60,2019,"Action, Sci-Fi, Crime, Comedy",1029157,"2019-07-26",
tt0097443,10,2020-09-09,"The Gods Must Be Crazy II","The Gods Must Be Crazy II",https://www.imdb.com/title/tt0097443,Movie,6.8,98,1989,"Comedy",19275,"1990-04-13","Jamie Uys"
tt0080801,10,2020-09-09,"The Gods Must Be Crazy","The Gods Must Be Crazy",https://www.imdb.com/title/tt0080801,Movie,7.3,109,1980,"Adventure, Comedy",63734,"1984-10-26","Jamie Uys"
tt6574146,8,2020-09-09,"Blame!","Blame!",https://www.imdb.com/title/tt6574146,Movie,6.6,106,2017,"Animation, Sci-Fi, Action, Drama, Thriller, Horror",10231,"2017-05-20","Hiroyuki Seshita"
tt8788458,10,2020-09-08,"The Promised Neverland","Yakusoku no Neverland",https://www.imdb.com/title/tt8788458,TV Series,8.1,23,2019,"Animation, Mystery, Thriller, Sci-Fi, Adventure, Drama, Fantasy, Horror, Action",60363,"2019-04-14",
tt7222086,9,2020-09-07,"Made in Abyss","Made in Abyss",https://www.imdb.com/title/tt7222086,TV Series,8.3,,2017,"Animation, Adventure, Fantasy, Sci-Fi, Drama, Mystery, Action, Horror",22393,"2017-07-07",
tt0083987,10,2020-09-06,"Gandhi","Gandhi",https://www.imdb.com/title/tt0083987,Movie,8.0,191,1982,"Biography, History, Drama",247270,"1983-02-25","Richard Attenborough"
tt3281548,10,2020-09-04,"Little Women","Little Women",https://www.imdb.com/title/tt3281548,Movie,7.7,135,2019,"Drama, Romance",289328,"2019-12-25","Greta Gerwig"
tt0765010,10,2020-09-03,"Brothers","Brothers",https://www.imdb.com/title/tt0765010,Movie,7.1,105,2009,"Drama, War, Thriller",177674,"2009-12-04","Jim Sheridan"
tt0073486,10,2020-09-02,"One Flew Over the Cuckoo's Nest","One Flew Over the Cuckoo's Nest",https://www.imdb.com/title/tt0073486,Movie,8.6,133,1975,"Drama",1169138,"1975-11-21","Miloš Forman"
tt7057496,10,2020-09-02,"Forgotten","Gi-eok-ui bam",https://www.imdb.com/title/tt7057496,Movie,7.4,108,2017,"Mystery, Thriller, Crime",64689,"2018-02-21","Jang Hang-jun"
tt0084787,10,2020-09-01,"The Thing","The Thing",https://www.imdb.com/title/tt0084787,Movie,8.2,109,1982,"Mystery, Sci-Fi, Horror",537009,"1982-06-25","John Carpenter"
tt4857264,10,2020-08-31,"The Invisible Guest","Contratiempo",https://www.imdb.com/title/tt4857264,Movie,8.0,106,2016,"Thriller, Crime, Mystery, Drama",217789,"2017-01-06","Oriol Paulo"
tt0760329,10,2020-08-31,"The Water Horse","The Water Horse",https://www.imdb.com/title/tt0760329,Movie,6.4,112,2007,"Adventure, Family, Fantasy, War",45105,"2007-12-25","Jay Russell"
tt0097165,10,2020-08-29,"Dead Poets Society","Dead Poets Society",https://www.imdb.com/title/tt0097165,Movie,8.1,128,1989,"Comedy, Drama",671249,"1989-06-09","Peter Weir"
tt9010522,10,2020-08-27,"Ravening","Aamis",https://www.imdb.com/title/tt9010522,Movie,7.7,107,2019,"Drama, Horror, Fantasy, Romance",4862,"2019-11-22","Bhaskar Hazarika"
tt7019942,10,2020-08-22,"Super Deluxe","Super Deluxe",https://www.imdb.com/title/tt7019942,Movie,8.2,176,2019,"Drama, Thriller, Crime, Comedy",20395,"2019-03-28","Thiagarajan Kumararaja"
tt7060344,9,2020-08-16,"Ratsasan","Ratsasan",https://www.imdb.com/title/tt7060344,Movie,8.3,146,2018,"Thriller, Crime, Mystery, Drama",61265,"2018-10-05","Ram Kumar"
tt1051906,10,2020-08-06,"The Invisible Man","The Invisible Man",https://www.imdb.com/title/tt1051906,Movie,7.1,124,2020,"Sci-Fi, Thriller, Horror, Mystery, Drama",291449,"2020-02-28","Leigh Whannell"
tt3799232,9,2020-08-05,"The Kissing Booth","The Kissing Booth",https://www.imdb.com/title/tt3799232,Movie,5.9,105,2018,"Comedy, Romance",106253,"2018-05-11","Vince Marcello"
tt6472976,10,2020-08-03,"Five Feet Apart","Five Feet Apart",https://www.imdb.com/title/tt6472976,Movie,7.2,116,2019,"Drama, Romance",99300,"2019-03-15","Justin Baldoni"
tt1532957,10,2020-08-02,"Paa","Paa",https://www.imdb.com/title/tt1532957,Movie,7.1,133,2009,"Drama, Comedy",13173,"2009-12-04","R Balki"
tt1821480,10,2020-08-02,"Kahaani","Kahaani",https://www.imdb.com/title/tt1821480,Movie,8.1,122,2012,"Thriller, Mystery",70625,"2012-03-09","Sujoy Ghosh"
tt10964468,8,2020-08-02,"Shakuntala Devi","Shakuntala Devi",https://www.imdb.com/title/tt10964468,Movie,6.2,127,2020,"Drama, Biography",10170,"2020-07-31","Anu Menon"
tt1905041,10,2020-08-02,"Fast & Furious 6","Furious 6",https://www.imdb.com/title/tt1905041,Movie,7.0,130,2013,"Action, Thriller",445193,"2013-05-24","Justin Lin"
tt3513498,9,2020-08-02,"The Lego Movie 2: The Second Part","The LEGO Movie 2: The Second Part",https://www.imdb.com/title/tt3513498,Movie,6.5,107,2019,"Animation, Musical, Adventure, Comedy, Family, Fantasy, Sci-Fi",87173,"2019-02-08","Mike Mitchell"
tt3385516,8,2020-08-02,"X-Men: Apocalypse","X-Men: Apocalypse",https://www.imdb.com/title/tt3385516,Movie,6.8,144,2016,"Sci-Fi, Action, Adventure",500487,"2016-05-27","Bryan Singer"
tt10717738,10,2020-08-01,"Anjaam Pathiraa","Anjaam Pathiraa",https://www.imdb.com/title/tt10717738,Movie,7.9,144,2020,"Mystery, Thriller, Crime",12838,"2020-01-17","Midhun Manuel Thomas"
tt8725696,10,2020-07-31,"Yeh Meri Family: Posham Pa","Yeh Meri Family: Posham Pa",https://www.imdb.com/title/tt8725696,TV Episode,8.9,32,2018,"Musical, Family, Comedy, Drama, Romance",463,"2018-07-20","Sameer Saxena"
tt8725710,10,2020-07-31,"Yeh Meri Family: Chupan Chupai","Yeh Meri Family: Chupan Chupai",https://www.imdb.com/title/tt8725710,TV Episode,8.9,34,2018,"Musical, Family, Comedy, Drama, Romance",477,"2018-07-20","Sameer Saxena"
tt8725706,10,2020-07-31,"Yeh Meri Family: Kacchi Ghodi","Yeh Meri Family: Kacchi Ghodi",https://www.imdb.com/title/tt8725706,TV Episode,8.9,25,2018,"Musical, Family, Comedy, Drama, Romance",444,"2018-07-20","Sameer Saxena"
tt8725670,10,2020-07-31,"Yeh Meri Family: The 12th Man","Yeh Meri Family: The 12th Man",https://www.imdb.com/title/tt8725670,TV Episode,9.1,35,2018,"Musical, Family, Comedy, Drama, Romance",523,"2018-07-20","Sameer Saxena"
tt8695078,10,2020-07-31,"Yeh Meri Family: Vish Amrit","Yeh Meri Family: Vish Amrit",https://www.imdb.com/title/tt8695078,TV Episode,8.8,36,2018,"Musical, Family, Comedy, Drama, Romance",484,"2018-07-12","Sameer Saxena"
tt8694240,10,2020-07-31,"Yeh Meri Family: Pukam Pukai","Yeh Meri Family: Pukam Pukai",https://www.imdb.com/title/tt8694240,TV Episode,8.4,31,2018,"Musical, Family, Comedy, Drama, Romance",514,"2018-07-12","Sameer Saxena"
tt8595766,10,2020-07-31,"Yeh Meri Family","Yeh Meri Family",https://www.imdb.com/title/tt8595766,TV Series,8.9,30,2018,"Musical, Family, Comedy, Drama, Romance",27936,"2018-07-12",
tt0374887,10,2020-07-30,"Munna Bhai M.B.B.S.","Munna Bhai M.B.B.S.",https://www.imdb.com/title/tt0374887,Movie,8.2,156,2003,"Drama, Comedy",99855,"2003-12-19","Rajkumar Hirani"
tt6452574,9,2020-07-30,"Sanju","Sanju",https://www.imdb.com/title/tt6452574,Movie,7.6,155,2018,"Biography, Drama, Comedy",68345,"2018-06-29","Rajkumar Hirani"
tt7919680,10,2020-07-29,"Karwaan","Karwaan",https://www.imdb.com/title/tt7919680,Movie,7.6,114,2018,"Drama, Comedy, Adventure",20965,"2018-08-03","Akarsh Khurana"
tt11912196,9,2020-07-28,"Asur: Welcome to Your Dark Side","Asur: Welcome to Your Dark Side",https://www.imdb.com/title/tt11912196,TV Series,8.4,43,2020,"Thriller, Drama, Crime, Mystery",72197,"2020-03-02",
tt1392190,10,2020-07-25,"Mad Max: Fury Road","Mad Max: Fury Road",https://www.imdb.com/title/tt1392190,Movie,8.1,120,2015,"Action, Adventure, Sci-Fi",1223017,"2015-05-15","George Miller"
tt1263670,9,2020-07-25,"Crazy Heart","Crazy Heart",https://www.imdb.com/title/tt1263670,Movie,7.2,112,2009,"Drama, Music, Romance",99813,"2010-02-05","Scott Cooper"
tt4169250,10,2020-07-25,"M.S. Dhoni: The Untold Story","M.S. Dhoni: The Untold Story",https://www.imdb.com/title/tt4169250,Movie,8.0,184,2016,"Biography, Sport, Drama",77496,"2016-09-30","Neeraj Pandey"
tt8110330,8,2020-07-25,"Dil Bechara","Dil Bechara",https://www.imdb.com/title/tt8110330,Movie,8.3,101,2020,"Romance, Drama, Comedy",138775,"2020-07-24","Mukesh Chhabra"
tt7778680,9,2020-07-23,"Photograph","Photograph",https://www.imdb.com/title/tt7778680,Movie,6.8,110,2019,"Drama, Romance",6828,"2019-03-15","Ritesh Batra"
tt8179470,10,2020-07-20,"Looks That Kill","Looks That Kill",https://www.imdb.com/title/tt8179470,Movie,6.3,92,2020,"Drama, Comedy, Romance",6467,"2020-06-19","Kellen Moore"
tt12557704,10,2020-07-18,"Dark: Das Paradies","Dark: Das Paradies",https://www.imdb.com/title/tt12557704,TV Episode,9.6,73,2020,"Mystery, Crime, Drama, Thriller, Sci-Fi",32086,"2020-06-27","Baran bo Odar"
tt12557700,10,2020-07-18,"Dark: Zwischen der Zeit","Dark: Zwischen der Zeit",https://www.imdb.com/title/tt12557700,TV Episode,9.4,69,2020,"Mystery, Crime, Drama, Thriller, Sci-Fi",22846,"2020-06-27","Baran bo Odar"
tt5753856,10,2020-07-18,"Dark","Dark",https://www.imdb.com/title/tt5753856,TV Series,8.7,60,2017,"Mystery, Crime, Drama, Thriller, Sci-Fi",563936,"2017-12-01",
tt9544034,10,2020-07-17,"The Family Man","The Family Man",https://www.imdb.com/title/tt9544034,TV Series,8.6,45,2019,"Action, Comedy, Drama, Thriller, Crime",114409,"2019-09-19",
tt0383574,10,2020-07-15,"Pirates of the Caribbean: Dead Man's Chest","Pirates of the Caribbean: Dead Man's Chest",https://www.imdb.com/title/tt0383574,Movie,7.4,151,2006,"Adventure, Fantasy, Action",838137,"2006-07-07","Gore Verbinski"
tt2866360,10,2020-07-15,"Coherence","Coherence",https://www.imdb.com/title/tt2866360,Movie,7.1,89,2013,"Sci-Fi, Thriller, Mystery",179712,"2014-08-06","James Ward Byrkit"
tt1620933,10,2020-07-13,"Paan Singh Tomar","Paan Singh Tomar",https://www.imdb.com/title/tt1620933,Movie,8.2,135,2012,"Crime, Biography, Sport, Action, Thriller",40573,"2012-03-02","Tigmanshu Dhulia"
tt8892900,9,2020-07-12,"The Miracle 2: Love","Mucize 2: Ask",https://www.imdb.com/title/tt8892900,Movie,7.3,124,2019,"Drama, History",3652,"2019-12-06","Mahsun Kirmizigül"
tt3495030,10,2020-07-12,"Dum Laga Ke Haisha","Dum Laga Ke Haisha",https://www.imdb.com/title/tt3495030,Movie,7.4,109,2015,"Drama, Comedy, Romance",22768,"2015-02-27","Sharat Katariya"
tt0460745,9,2020-07-11,"Chaos Theory","Chaos Theory",https://www.imdb.com/title/tt0460745,Movie,6.5,87,2007,"Drama, Comedy, Romance",35288,"2007-10-26","Marcos Siega"
tt7725596,10,2020-07-10,"Badhaai Ho","Badhaai ho",https://www.imdb.com/title/tt7725596,Movie,7.9,124,2018,"Comedy, Drama",41266,"2018-10-19","Amit Ravindernath Sharma,Sirajuddin"
tt9248940,10,2020-07-09,"Dream Girl","Dream Girl",https://www.imdb.com/title/tt9248940,Movie,7.0,132,2019,"Romance, Comedy",18897,"2019-09-13","Raaj Shaandilyaa"
tt3153634,10,2020-07-05,"Hope","So-won",https://www.imdb.com/title/tt3153634,Movie,8.2,122,2013,"Drama",12588,"2017-04-04","Lee Joon-ik"
tt12393526,10,2020-07-04,"Bulbbul","Bulbbul",https://www.imdb.com/title/tt12393526,Movie,6.6,94,2020,"Horror, Drama, Mystery",16961,"2020-06-24","Anvita Dutt"
tt9253874,10,2020-07-03,"Our Planet: Coastal Seas","Our Planet: Coastal Seas",https://www.imdb.com/title/tt9253874,TV Episode,8.8,50,2019,"Documentary, Family",1885,"2019-04-05","Hugh Pearson"
tt9253872,10,2020-07-03,"Our Planet: Jungles","Our Planet: Jungles",https://www.imdb.com/title/tt9253872,TV Episode,9.1,51,2019,"Documentary, Family",2123,"2019-04-05","Huw Cordey"
tt9253870,10,2020-07-03,"Our Planet: Frozen Worlds","Our Planet: Frozen Worlds",https://www.imdb.com/title/tt9253870,TV Episode,9.2,54,2019,"Documentary, Family",2438,"2019-04-05","Sophie Lanfear"
tt9253868,10,2020-07-03,"Our Planet: One Planet","Our Planet: One Planet",https://www.imdb.com/title/tt9253868,TV Episode,9.0,50,2019,"Documentary, Family",2818,"2019-04-05","Adam Chapman"
tt6025022,9,2020-07-03,"Justice League Unlimited","Justice League Unlimited",https://www.imdb.com/title/tt6025022,TV Series,8.7,23,2004,"Animation, Action, Adventure, Fantasy, Sci-Fi, Family",26700,"2004-07-31",
tt7049682,10,2020-06-30,"Watchmen","Watchmen",https://www.imdb.com/title/tt7049682,TV Mini Series,8.2,60,2019,"Drama, Mystery, Sci-Fi, Crime",148663,"2019-10-20",
tt1343092,10,2020-06-27,"The Great Gatsby","The Great Gatsby",https://www.imdb.com/title/tt1343092,Movie,7.2,143,2013,"Drama, Romance",650694,"2013-05-10","Baz Luhrmann"
tt0758774,10,2020-06-27,"Body of Lies","Body of Lies",https://www.imdb.com/title/tt0758774,Movie,7.0,128,2008,"Drama, Thriller, Action",252599,"2008-10-10","Ridley Scott"
tt9759978,10,2020-06-26,"The Dude in Me","Naean-ui geunom",https://www.imdb.com/title/tt9759978,Movie,6.9,122,2019,"Comedy, Fantasy, Action, Crime, Romance",3701,"2019-01-09","Kang Hyo-jin"
tt10778840,7,2020-06-26,"Dwitiyo Purush","Dwitiyo Purush",https://www.imdb.com/title/tt10778840,Movie,6.2,129,2020,"Drama, Mystery, Thriller",3018,"2020-03-06","Srijit Mukherji"
tt0838221,8,2020-06-23,"The Darjeeling Limited","The Darjeeling Limited",https://www.imdb.com/title/tt0838221,Movie,7.2,91,2007,"Adventure, Drama, Comedy",238944,"2007-10-26","Wes Anderson"
tt0800308,9,2020-06-22,"Appaloosa","Appaloosa",https://www.imdb.com/title/tt0800308,Movie,6.7,115,2008,"Western, Crime, Drama, Romance",68513,"2008-10-03","Ed Harris"
tt11871636,10,2020-06-18,"Castlevania: Abandon All Hope","Castlevania: Abandon All Hope",https://www.imdb.com/title/tt11871636,TV Episode,9.2,28,2020,"Animation, Action, Adventure, Fantasy, Horror, Drama",2859,"2020-03-05","Sam Deats"
tt6517102,9,2020-06-18,"Castlevania","Castlevania",https://www.imdb.com/title/tt6517102,TV Series,8.3,23,2017,"Animation, Action, Adventure, Fantasy, Horror, Drama",96768,"2017-07-07",
tt8413338,10,2020-06-18,"Kumbalangi Nights","Kumbalangi Nights",https://www.imdb.com/title/tt8413338,Movie,8.5,135,2019,"Comedy, Drama, Romance",22305,"2019-02-21","Madhu C. Narayanan"
tt9150550,10,2020-06-17,"Castlevania: For Love","Castlevania: For Love",https://www.imdb.com/title/tt9150550,TV Episode,9.4,27,2018,"Animation, Action, Adventure, Fantasy, Horror, Drama",3969,"2018-10-26","Sam Deats"
tt9420648,10,2020-06-12,"Bala","Bala",https://www.imdb.com/title/tt9420648,Movie,7.3,133,2019,"Comedy",18399,"2019-11-07","Amar Kaushik"
tt5065822,8,2020-06-11,"Ronaldo","Ronaldo",https://www.imdb.com/title/tt5065822,Movie,6.3,92,2015,"Documentary, Sport, Biography",17991,"2015-11-09","Anthony Wonke"
tt0108160,10,2020-06-11,"Sleepless in Seattle","Sleepless in Seattle",https://www.imdb.com/title/tt0108160,Movie,6.8,105,1993,"Romance, Drama, Comedy",210445,"1993-06-25","Nora Ephron"
tt0104694,10,2020-06-11,"A League of Their Own","A League of Their Own",https://www.imdb.com/title/tt0104694,Movie,7.4,128,1992,"Sport, Drama, Comedy",132741,"1992-07-01","Penny Marshall"
tt0884328,10,2020-06-09,"The Mist","The Mist",https://www.imdb.com/title/tt0884328,Movie,7.1,126,2007,"Horror, Sci-Fi, Thriller",381137,"2007-11-21","Frank Darabont"
tt0107290,10,2020-06-09,"Jurassic Park","Jurassic Park",https://www.imdb.com/title/tt0107290,Movie,8.2,127,1993,"Sci-Fi, Adventure",1201459,"1993-06-11","Steven Spielberg"
tt0132477,10,2020-06-09,"October Sky","October Sky",https://www.imdb.com/title/tt0132477,Movie,7.8,108,1999,"Biography, Family, Drama",113319,"1999-02-19","Joe Johnston"
tt4618398,10,2020-06-08,"Boruto: Naruto the Movie","Boruto Naruto za Mûbî",https://www.imdb.com/title/tt4618398,Movie,7.7,95,2015,"Animation, Action, Adventure, Comedy, Fantasy",13954,"2017-03-28","Hiroyuki Yamashita,Toshiyuki Tsuru"
tt0988824,10,2020-06-08,"Naruto: Shippuden","Naruto: Shippûden",https://www.imdb.com/title/tt0988824,TV Series,8.7,24,2007,"Animation, Action, Adventure, Fantasy, Drama, Comedy",232238,"2009-10-28",
tt3717532,10,2020-06-08,"The Last: Naruto the Movie","Za Rasuto Naruto za Mûbî",https://www.imdb.com/title/tt3717532,Movie,7.6,112,2014,"Animation, Action, Adventure, Drama, Romance",21382,"2015-10-06","Tsuneo Kobayashi"
tt12422284,10,2020-06-06,"August 14","August 14",https://www.imdb.com/title/tt12422284,TV Mini Series,7.7,212,2020,"Crime, Thriller, Drama",1406,"2020-05-25",
tt0086250,9,2020-05-27,"Scarface","Scarface",https://www.imdb.com/title/tt0086250,Movie,8.3,170,1983,"Crime, Drama",1036988,"1983-12-09","Brian De Palma"
tt0104291,10,2020-05-26,"Forever Young","Forever Young",https://www.imdb.com/title/tt0104291,Movie,6.4,102,1992,"Drama, Sci-Fi, Romance",53231,"1992-12-16","Steve Miner"
tt1276104,10,2020-05-25,"Looper","Looper",https://www.imdb.com/title/tt1276104,Movie,7.4,119,2012,"Sci-Fi, Action, Thriller, Drama",633452,"2012-09-28","Rian Johnson"
tt2232731,10,2020-05-24,"Naruto: Shippuden: Arigatô","Naruto: Shippûden: Arigatô",https://www.imdb.com/title/tt2232731,TV Episode,9.7,22,2012,"Animation, Action, Adventure, Fantasy, Drama, Comedy",6240,"2012-02-09","Hayato Date,Chikara Sakurai"
tt2232733,10,2020-05-24,"Naruto: Shippuden: Yondaime no shitô!!","Naruto: Shippûden: Yondaime no shitô!!",https://www.imdb.com/title/tt2232733,TV Episode,9.7,21,2012,"Animation, Action, Adventure, Fantasy, Drama, Comedy",5631,"2012-02-09","Hayato Date,Masaaki Kumagai"
tt4382552,9,2020-05-23,"Hot Girls Wanted","Hot Girls Wanted",https://www.imdb.com/title/tt4382552,Movie,6.1,84,2015,"Documentary",19216,"2015-05-29","Jill Bauer,Ronna Gradus"
tt9288776,9,2020-05-23,"White Snake","Bai She: Yuan qi",https://www.imdb.com/title/tt9288776,Movie,7.0,99,2019,"Animation, Fantasy, Romance, Action, Adventure",6555,"2019-01-11","Amp Wong,Ji Zhao"
tt0093773,10,2020-05-22,"Predator","Predator",https://www.imdb.com/title/tt0093773,Movie,7.8,107,1987,"Horror, Adventure, Sci-Fi, Action",507326,"1987-06-12","John McTiernan"
tt0100502,10,2020-05-22,"RoboCop 2","RoboCop 2",https://www.imdb.com/title/tt0100502,Movie,5.9,117,1990,"Crime, Thriller, Sci-Fi, Action",101226,"1990-06-22","Irvin Kershner"
tt0093870,10,2020-05-22,"RoboCop","RoboCop",https://www.imdb.com/title/tt0093870,Movie,7.6,102,1987,"Action, Crime, Thriller, Sci-Fi",313104,"1987-07-17","Paul Verhoeven"
tt0120201,10,2020-05-22,"Starship Troopers","Starship Troopers",https://www.imdb.com/title/tt0120201,Movie,7.3,129,1997,"Action, Adventure, Thriller, Sci-Fi",350503,"1997-11-07","Paul Verhoeven"
tt0800080,10,2020-05-22,"The Incredible Hulk","The Incredible Hulk",https://www.imdb.com/title/tt0800080,Movie,6.6,112,2008,"Action, Sci-Fi",579001,"2008-06-13","Louis Leterrier"
tt0119116,10,2020-05-22,"The Fifth Element","Le cinquième élément",https://www.imdb.com/title/tt0119116,Movie,7.6,126,1997,"Adventure, Sci-Fi, Action",552670,"1997-05-09","Luc Besson"
tt3028362,10,2020-05-21,"Shabdo","Shabdo",https://www.imdb.com/title/tt3028362,Movie,8.1,104,2012,"Drama",1536,"2013-04-12","Kaushik Ganguly"
tt2402498,10,2020-05-20,"Naruto: Shippuden: Kokuhaku","Naruto: Shippûden: Kokuhaku",https://www.imdb.com/title/tt2402498,TV Episode,9.7,23,2010,"Animation, Action, Adventure, Fantasy, Drama, Comedy",5345,"2010-06-24","Hayato Date,Toshiyuki Tsuru"
tt1701223,8,2020-05-19,"Superman/Shazam!: The Return of Black Adam","Superman/Shazam!: The Return of Black Adam",https://www.imdb.com/title/tt1701223,Video,7.0,24,2010,"Animation, Short, Action, Adventure, Sci-Fi, Fantasy",10264,"2010-11-09","Joaquim Dos Santos"
tt3892172,10,2020-05-12,"Leave No Trace","Leave No Trace",https://www.imdb.com/title/tt3892172,Movie,7.1,109,2018,"Drama, Adventure",71057,"2018-06-29","Debra Granik"
tt1629443,9,2020-05-10,"Foster","Foster",https://www.imdb.com/title/tt1629443,Movie,6.8,90,2011,"Comedy, Family, Drama",3464,"2012-11-05","Jonathan Newman"
tt4624424,9,2020-05-10,"Storks","Storks",https://www.imdb.com/title/tt4624424,Movie,6.8,87,2016,"Animation, Comedy, Family, Fantasy, Adventure",73579,"2016-09-23","Nicholas Stoller,Doug Sweetland"
tt3411444,10,2020-05-10,"Ferdinand","Ferdinand",https://www.imdb.com/title/tt3411444,Movie,6.7,108,2017,"Animation, Family, Adventure, Comedy, Drama",72376,"2017-12-15","Carlos Saldanha"
tt5220122,8,2020-05-10,"Hotel Transylvania 3: Summer Vacation","Hotel Transylvania 3: Summer Vacation",https://www.imdb.com/title/tt5220122,Movie,6.3,97,2018,"Animation, Comedy, Fantasy, Family, Adventure, Romance",102718,"2018-07-13","Genndy Tartakovsky"
tt7133686,9,2020-05-10,"Next Gen","Next Gen",https://www.imdb.com/title/tt7133686,Movie,6.6,106,2018,"Animation, Action, Adventure, Sci-Fi, Comedy, Family, Drama",21396,"2018-09-07","Kevin R. Adams,Joe Ksander"
tt11079148,10,2020-05-09,"Justice League Dark: Apokolips War","Justice League Dark: Apokolips War",https://www.imdb.com/title/tt11079148,Video,7.7,90,2020,"Animation, Action, Sci-Fi, Adventure, Fantasy, Crime, Drama, Horror, Mystery, Thriller",30692,"2020-05-05","Matt Peters,Christina Sotta"
tt2584384,10,2020-05-08,"Jojo Rabbit","Jojo Rabbit",https://www.imdb.com/title/tt2584384,Movie,7.9,108,2019,"Comedy, War, Drama",495383,"2019-11-08","Taika Waititi"
tt0395140,10,2020-05-07,"My Little Bride","Eorin shinbu",https://www.imdb.com/title/tt0395140,Movie,7.0,115,2004,"Comedy, Romance, Drama",6300,"2004-04-02","Kim Ho-joon"
tt1038919,9,2020-05-07,"The Bounty Hunter","The Bounty Hunter",https://www.imdb.com/title/tt1038919,Movie,5.6,110,2010,"Action, Comedy, Romance",141583,"2010-03-19","Andy Tennant"
tt7937220,9,2020-05-05,"Game of Thrones Conquest & Rebellion: An Animated History of the Seven Kingdoms","Game of Thrones Conquest & Rebellion: An Animated History of the Seven Kingdoms",https://www.imdb.com/title/tt7937220,Video,7.6,45,2017,"Animation, Fantasy, War, Action",1964,"2017",
tt1986806,8,2020-05-04,"Catwoman","Catwoman",https://www.imdb.com/title/tt1986806,Short,6.8,15,2011,"Animation, Short, Action, Crime, Adventure",4114,"2011-10-18","Lauren Montgomery"
tt1045658,9,2020-05-03,"Silver Linings Playbook","Silver Linings Playbook",https://www.imdb.com/title/tt1045658,Movie,7.7,122,2012,"Drama, Romance",778824,"2012-12-25","David O. Russell"
tt1753383,10,2020-05-03,"A Dog's Purpose","A Dog's Purpose",https://www.imdb.com/title/tt1753383,Movie,7.3,100,2017,"Comedy, Drama, Family, Adventure, Fantasy",88149,"2017-01-27","Lasse Hallström"
tt0112384,8,2020-05-03,"Apollo 13","Apollo 13",https://www.imdb.com/title/tt0112384,Movie,7.7,140,1995,"Adventure, History, Drama",343459,"1995-06-30","Ron Howard"
tt7282468,10,2020-05-02,"Burning","Beoning",https://www.imdb.com/title/tt7282468,Movie,7.4,148,2018,"Drama, Mystery, Thriller, Crime",87667,"2018-05-17","Lee Chang-dong"
tt6587640,8,2020-05-01,"Trolls World Tour","Trolls World Tour",https://www.imdb.com/title/tt6587640,Movie,6.1,91,2020,"Animation, Musical, Adventure, Comedy, Family, Fantasy",33776,"2020-04-10","Walt Dohrn,David P. Smith"
tt0443536,10,2020-04-30,"Hoodwinked","Hoodwinked!",https://www.imdb.com/title/tt0443536,Movie,6.5,80,2005,"Animation, Musical, Family, Comedy, Mystery, Adventure, Crime",73249,"2006-01-13","Cory Edwards,Todd Edwards,Tony Leech"
tt1690953,10,2020-04-30,"Despicable Me 2","Despicable Me 2",https://www.imdb.com/title/tt1690953,Movie,7.3,98,2013,"Animation, Comedy, Family, Sci-Fi, Adventure, Crime",466186,"2013-07-03","Pierre Coffin,Chris Renaud"
tt1323594,10,2020-04-30,"Despicable Me","Despicable Me",https://www.imdb.com/title/tt1323594,Movie,7.6,95,2010,"Animation, Family, Comedy, Sci-Fi, Crime, Adventure",641700,"2010-07-09","Pierre Coffin,Chris Renaud"
tt0317219,10,2020-04-30,"Cars","Cars",https://www.imdb.com/title/tt0317219,Movie,7.3,116,2006,"Animation, Family, Sport, Comedy, Adventure",550900,"2006-06-09","John Lasseter,Joe Ranft"
tt2267968,10,2020-04-30,"Kung Fu Panda 3","Kung Fu Panda 3",https://www.imdb.com/title/tt2267968,Movie,7.1,95,2016,"Animation, Comedy, Action, Adventure, Family, Fantasy",224033,"2016-01-29","Alessandro Carloni,Jennifer Yuh Nelson"
tt1302011,10,2020-04-30,"Kung Fu Panda 2","Kung Fu Panda 2",https://www.imdb.com/title/tt1302011,Movie,7.3,90,2011,"Animation, Comedy, Action, Family, Adventure, Fantasy, Drama",364582,"2011-05-26","Jennifer Yuh Nelson"
tt0441773,10,2020-04-30,"Kung Fu Panda","Kung Fu Panda",https://www.imdb.com/title/tt0441773,Movie,7.6,92,2008,"Animation, Comedy, Action, Adventure, Family, Fantasy",591323,"2008-06-06","Mark Osborne,John Stevenson"
tt3416828,7,2020-04-30,"Ice Age: Collision Course","Ice Age: Collision Course",https://www.imdb.com/title/tt3416828,Movie,5.7,94,2016,"Animation, Comedy, Adventure, Family, Sci-Fi, Action",88186,"2016-07-22","Michael Thurmeier,Galen T. Chu"
tt1667889,8,2020-04-30,"Ice Age: Continental Drift","Ice Age: Continental Drift",https://www.imdb.com/title/tt1667889,Movie,6.5,88,2012,"Animation, Comedy, Adventure, Family",246856,"2012-07-13","Steve Martino,Michael Thurmeier"
tt1080016,10,2020-04-30,"Ice Age: Dawn of the Dinosaurs","Ice Age: Dawn of the Dinosaurs",https://www.imdb.com/title/tt1080016,Movie,6.9,94,2009,"Animation, Comedy, Adventure, Family",289981,"2009-07-01","Carlos Saldanha,Michael Thurmeier"
tt0438097,10,2020-04-30,"Ice Age: The Meltdown","Ice Age: The Meltdown",https://www.imdb.com/title/tt0438097,Movie,6.8,91,2006,"Animation, Comedy, Family, Adventure",322378,"2006-03-31","Carlos Saldanha"
tt0268380,10,2020-04-30,"Ice Age","Ice Age",https://www.imdb.com/title/tt0268380,Movie,7.5,81,2002,"Animation, Adventure, Comedy, Family",573081,"2002-03-15","Chris Wedge,Carlos Saldanha"
tt0413267,10,2020-04-30,"Shrek the Third","Shrek the Third",https://www.imdb.com/title/tt0413267,Movie,6.1,93,2007,"Animation, Comedy, Family, Fantasy, Adventure, Romance",365923,"2007-05-18","Chris Miller,Raman Hui"
tt0298148,10,2020-04-30,"Shrek 2","Shrek 2",https://www.imdb.com/title/tt0298148,Movie,7.4,93,2004,"Animation, Romance, Comedy, Family, Adventure, Fantasy",564710,"2004-05-19","Andrew Adamson,Kelly Asbury,Conrad Vernon"
tt0126029,10,2020-04-30,"Shrek","Shrek",https://www.imdb.com/title/tt0126029,Movie,7.9,90,2001,"Animation, Fantasy, Comedy, Family, Adventure, Romance",822956,"2001-05-18","Andrew Adamson,Vicky Jenson"
tt0265208,10,2020-04-30,"The Girl Next Door","The Girl Next Door",https://www.imdb.com/title/tt0265208,Movie,6.7,109,2004,"Drama, Romance, Comedy",267435,"2004-04-09","Luke Greenfield"
tt0114148,9,2020-04-30,"Pocahontas","Pocahontas",https://www.imdb.com/title/tt0114148,Movie,6.7,81,1995,"Animation, Musical, Drama, Adventure, Romance, Family",220409,"1995-06-23","Mike Gabriel,Eric Goldberg"
tt0120762,10,2020-04-30,"Mulan","Mulan",https://www.imdb.com/title/tt0120762,Movie,7.7,87,1998,"Animation, Musical, War, Fantasy, Comedy, Adventure, Family",351620,"1998-06-19","Tony Bancroft,Barry Cook"
tt0119282,10,2020-04-30,"Hercules","Hercules",https://www.imdb.com/title/tt0119282,Movie,7.3,93,1997,"Animation, Musical, Fantasy, Romance, Comedy, Action, Adventure, Family",284489,"1997-06-27","Ron Clements,John Musker"
tt0120855,10,2020-04-30,"Tarzan","Tarzan",https://www.imdb.com/title/tt0120855,Movie,7.3,88,1999,"Animation, Drama, Comedy, Adventure, Family",272645,"1999-06-18","Chris Buck,Kevin Lima"
tt0101414,10,2020-04-30,"Beauty and the Beast","Beauty and the Beast",https://www.imdb.com/title/tt0101414,Movie,8.0,84,1991,"Animation, Musical, Fantasy, Romance, Family",510144,"1991-11-22","Gary Trousdale,Kirk Wise"
tt0042332,10,2020-04-30,"Cinderella","Cinderella",https://www.imdb.com/title/tt0042332,Movie,7.3,74,1950,"Animation, Musical, Fantasy, Romance, Family",189670,"1950-03-04","Clyde Geronimi,Wilfred Jackson,Hamilton Luske"
tt0465940,8,2020-04-30,"Cinderella 3: A Twist in Time","Cinderella III: A Twist in Time",https://www.imdb.com/title/tt0465940,Video,6.1,73,2007,"Animation, Musical, Family, Fantasy, Romance, Adventure",15181,"2007-02-06","Frank Nissen"
tt0291082,8,2020-04-30,"Cinderella II: Dreams Come True","Cinderella II: Dreams Come True",https://www.imdb.com/title/tt0291082,Video,5.0,73,2002,"Animation, Musical, Fantasy, Romance, Family",16061,"2002-02-26","John Kafka"
tt0240684,9,2020-04-30,"The Little Mermaid 2: Return to the Sea","The Little Mermaid II: Return to the Sea",https://www.imdb.com/title/tt0240684,Video,5.5,75,2000,"Animation, Musical, Comedy, Adventure, Drama, Family, Fantasy",25107,"2000-09-19","Jim Kammerud,Brian Smith"
tt0969647,10,2020-04-30,"The Little Mermaid: Ariel's Beginning","The Little Mermaid: Ariel's Beginning",https://www.imdb.com/title/tt0969647,Video,6.1,77,2008,"Animation, Musical, Family, Fantasy, Comedy, Adventure, Drama",12914,"2008-08-25","Peggy Holmes"
tt0097757,10,2020-04-30,"The Little Mermaid","The Little Mermaid",https://www.imdb.com/title/tt0097757,Movie,7.6,83,1989,"Animation, Musical, Fantasy, Adventure, Romance, Family",315900,"1989-11-15","Ron Clements,John Musker"
tt0948470,9,2020-04-30,"The Amazing Spider-Man","The Amazing Spider-Man",https://www.imdb.com/title/tt0948470,Movie,7.0,136,2012,"Action, Sci-Fi",789693,"2012-07-03","Marc Webb"
tt1010048,10,2020-04-30,"Slumdog Millionaire","Slumdog Millionaire",https://www.imdb.com/title/tt1010048,Movie,8.0,120,2008,"Drama, Romance, Crime",916365,"2008-12-25","Danny Boyle,Loveleen Tandan"
tt0454876,10,2020-04-30,"Life of Pi","Life of Pi",https://www.imdb.com/title/tt0454876,Movie,7.9,127,2012,"Drama, Adventure, Fantasy",706711,"2012-11-21","Ang Lee"
tt2350496,10,2020-04-30,"The Lunchbox","The Lunchbox",https://www.imdb.com/title/tt2350496,Movie,7.8,104,2013,"Drama, Romance",70159,"2013-09-20","Ritesh Batra"
tt7975244,9,2020-04-30,"Jumanji: The Next Level","Jumanji: The Next Level",https://www.imdb.com/title/tt7975244,Movie,6.6,123,2019,"Action, Adventure, Comedy, Fantasy",325932,"2019-12-13","Jake Kasdan"
tt5848272,8,2020-04-30,"Ralph Breaks the Internet","Ralph Breaks the Internet",https://www.imdb.com/title/tt5848272,Movie,7.0,112,2018,"Animation, Comedy, Adventure, Family, Fantasy, Sci-Fi, Sport",209668,"2018-11-21","Phil Johnston,Rich Moore"
tt2527338,9,2020-04-30,"Star Wars: Episode IX - The Rise of Skywalker","Star Wars: Episode IX - The Rise of Skywalker",https://www.imdb.com/title/tt2527338,Movie,6.3,141,2019,"Sci-Fi, Action, Adventure, Fantasy",551927,"2019-12-20","J.J. Abrams"
tt4729430,10,2020-04-29,"Klaus","Klaus",https://www.imdb.com/title/tt4729430,Movie,8.2,96,2019,"Animation, Adventure, Comedy, Family, Fantasy",243187,"2019-11-15","Sergio Pablos,Carlos Martínez López"
tt1598778,10,2020-04-28,"Contagion","Contagion",https://www.imdb.com/title/tt1598778,Movie,6.8,106,2011,"Thriller, Drama",334556,"2011-09-09","Steven Soderbergh"
tt9177882,10,2020-04-28,"Constantine: City of Demons","Constantine: City of Demons",https://www.imdb.com/title/tt9177882,Movie,7.3,90,2018,"Animation, Action, Fantasy, Horror",11191,"2018-10-04","Doug Murphy"
tt3659388,10,2020-04-27,"The Martian","The Martian",https://www.imdb.com/title/tt3659388,Movie,8.0,144,2015,"Sci-Fi, Adventure, Drama",1032257,"2015-10-02","Ridley Scott"
tt6728390,10,2020-04-27,"Kuroko's Basketball: Last Game","Gekijouban Kuroko no basuke: Last Game",https://www.imdb.com/title/tt6728390,Movie,7.7,91,2017,"Animation, Drama, Sport",4752,"2017-03-18","Shunsuke Tada"
tt0255798,10,2020-04-27,"The Animal","The Animal",https://www.imdb.com/title/tt0255798,Movie,4.9,84,2001,"Sci-Fi, Comedy",68023,"2001-06-01","Luke Greenfield"
tt0461770,8,2020-04-27,"Enchanted","Enchanted",https://www.imdb.com/title/tt0461770,Movie,7.1,107,2007,"Animation, Musical, Fantasy, Romance, Adventure, Family, Comedy",227226,"2007-11-21","Kevin Lima"
tt0451079,10,2020-04-27,"Horton Hears a Who!","Horton Hears a Who!",https://www.imdb.com/title/tt0451079,Movie,6.8,86,2008,"Animation, Adventure, Family, Comedy, Fantasy, Drama, Music",160264,"2008-03-14","Jimmy Hayward,Steve Martino"
tt1698641,10,2020-04-27,"Alexander and the Terrible, Horrible, No Good, Very Bad Day","Alexander and the Terrible, Horrible, No Good, Very Bad Day",https://www.imdb.com/title/tt1698641,Movie,6.2,81,2014,"Family, Comedy, Drama, Fantasy",49380,"2014-10-10","Miguel Arteta"
tt1588173,10,2020-04-27,"Warm Bodies","Warm Bodies",https://www.imdb.com/title/tt1588173,Movie,6.8,98,2013,"Horror, Comedy, Romance, Action, Sci-Fi, Thriller, Adventure",257369,"2013-02-01","Jonathan Levine"
tt0960731,9,2020-04-27,"Bedtime Stories","Bedtime Stories",https://www.imdb.com/title/tt0960731,Movie,6.1,99,2008,"Comedy, Family, Fantasy, Romance, Adventure, Sci-Fi",107312,"2008-12-25","Adam Shankman"
tt6611916,10,2020-04-27,"Kingdom","Kingdom",https://www.imdb.com/title/tt6611916,TV Series,8.3,45,2019,"Action, Thriller, Drama, Horror",65301,"2019-01-25",
tt9256460,10,2020-04-27,"Kingdom: Episode #2.6","Kingdom: Episode #2.6",https://www.imdb.com/title/tt9256460,TV Episode,8.6,52,2020,"Action, Thriller, Drama, Horror",2305,"2020-03-13","Park In-je"
tt9256456,10,2020-04-27,"Kingdom: Episode #2.5","Kingdom: Episode #2.5",https://www.imdb.com/title/tt9256456,TV Episode,8.9,36,2020,"Action, Thriller, Drama, Horror",2261,"2020-03-13","Park In-je"
tt9256450,10,2020-04-26,"Kingdom: Episode #2.2","Kingdom: Episode #2.2",https://www.imdb.com/title/tt9256450,TV Episode,8.7,39,2020,"Action, Thriller, Drama, Horror",2123,"2020-03-13","Park In-je"
tt8936646,10,2020-04-25,"Extraction","Extraction",https://www.imdb.com/title/tt8936646,Movie,6.8,116,2020,"Action, Thriller, Crime",294631,"2020-04-24","Sam Hargrave"
tt9256442,10,2020-04-25,"Kingdom: Episode #1.4","Kingdom: Episode #1.4",https://www.imdb.com/title/tt9256442,TV Episode,8.2,46,2019,"Action, Thriller, Drama, Horror",2215,"2019-01-25","Kim Seong-hun"
tt9251726,10,2020-04-25,"Kingdom: Episode #1.1","Kingdom: Episode #1.1",https://www.imdb.com/title/tt9251726,TV Episode,7.7,56,2019,"Action, Thriller, Drama, Horror",2716,"2019-01-25","Kim Seong-hun"
tt9256446,10,2020-04-25,"Kingdom: Episode #1.6","Kingdom: Episode #1.6",https://www.imdb.com/title/tt9256446,TV Episode,8.5,43,2019,"Action, Thriller, Drama, Horror",2401,"2019-01-25","Kim Seong-hun"
tt0351283,10,2020-04-23,"Madagascar","Madagascar",https://www.imdb.com/title/tt0351283,Movie,7.0,86,2005,"Animation, Family, Comedy, Adventure",488395,"2005-05-27","Eric Darnell,Tom McGrath"
tt0366548,10,2020-04-23,"Happy Feet","Happy Feet",https://www.imdb.com/title/tt0366548,Movie,6.4,108,2006,"Animation, Musical, Family, Comedy, Music, Romance, Adventure",216209,"2006-11-17","George Miller,Warren Coleman,Judy Morris"
tt1618434,8,2020-04-23,"Murder Mystery","Murder Mystery",https://www.imdb.com/title/tt1618434,Movie,6.1,97,2019,"Mystery, Romance, Crime",193727,"2019-06-14","Kyle Newacheck"
tt0822832,9,2020-04-23,"Marley & Me","Marley & Me",https://www.imdb.com/title/tt0822832,Movie,7.0,115,2008,"Drama, Family",177065,"2008-12-25","David Frankel"
tt5994364,10,2020-04-22,"Guardian: The Lonely and Great God","Sseulsseulhago charanhasindoggaebi",https://www.imdb.com/title/tt5994364,TV Mini Series,8.5,120,2016,"Fantasy, Drama, Romance, Comedy",38737,"2016-12-02",
tt0120177,10,2020-04-21,"Spawn","Spawn",https://www.imdb.com/title/tt0120177,Movie,5.2,96,1997,"Horror, Drama, Crime, Fantasy, Action",77448,"1997-08-01","Mark A.Z. Dippé"
tt0113855,10,2020-04-21,"Mortal Kombat","Mortal Kombat",https://www.imdb.com/title/tt0113855,Movie,5.9,101,1995,"Action, Adventure, Fantasy, Thriller, Sci-Fi",136677,"1995-08-18","Paul W.S. Anderson"
tt9580138,9,2020-04-21,"Mortal Kombat Legends: Scorpion's Revenge","Mortal Kombat Legends: Scorpion's Revenge",https://www.imdb.com/title/tt9580138,Movie,7.4,80,2020,"Animation, Action, Adventure, Fantasy",21592,"2020-04-12","Ethan Spaulding"
tt0275137,10,2020-04-20,"Justice League","Justice League",https://www.imdb.com/title/tt0275137,TV Series,8.5,22,2001,"Animation, Adventure, Fantasy, Family, Mystery, Sci-Fi, Action",58221,"2001-11-17",
tt6468322,9,2020-04-19,"Money Heist","La casa de papel",https://www.imdb.com/title/tt6468322,TV Series,8.2,60,2017,"Thriller, Crime, Mystery, Action, Drama",620715,"2017-05-02",
tt6349510,10,2020-04-16,"Guardian: The Lonely and Great God: I See the Sword","Sseulsseulhago charanhasindoggaebi: I See the Sword",https://www.imdb.com/title/tt6349510,TV Episode,8.3,82,2016,"Fantasy, Drama, Romance, Comedy",467,"2016-12-09","Lee Eung-bok"
tt6349386,10,2020-04-16,"Guardian: The Lonely and Great God: I'll Become Your Bride in 200 Years","Sseulsseulhago charanhasindoggaebi: I'll Become Your Bride in 200 Years",https://www.imdb.com/title/tt6349386,TV Episode,8.2,77,2016,"Fantasy, Drama, Romance, Comedy",493,"2016-12-09","Lee Eung-bok"
tt6263432,10,2020-04-16,"Guardian: The Lonely and Great God: What Kind of a Guardian Are You?","Sseulsseulhago charanhasindoggaebi: What Kind of a Guardian Are You?",https://www.imdb.com/title/tt6263432,TV Episode,8.1,88,2016,"Fantasy, Drama, Romance, Comedy",627,"2016-12-02","Lee Eung-bok"
tt3794354,9,2020-04-16,"Sonic the Hedgehog","Sonic the Hedgehog",https://www.imdb.com/title/tt3794354,Movie,6.5,99,2020,"Action, Adventure, Sci-Fi, Comedy, Family, Fantasy",196989,"2020-02-14","Jeff Fowler"
tt7019842,9,2020-04-14,"96","96",https://www.imdb.com/title/tt7019842,Movie,8.4,158,2018,"Romance, Drama",46670,"2018-10-03","C. Prem Kumar"
tt8752498,7,2020-04-10,"Wonder Woman: Bloodlines","Wonder Woman: Bloodlines",https://www.imdb.com/title/tt8752498,Movie,5.9,83,2019,"Animation, Fantasy, Action",9714,"2019-10-05","Justin Copeland,Sam Liu"
tt10985510,9,2020-04-10,"Superman: Red Son","Superman: Red Son",https://www.imdb.com/title/tt10985510,Video,6.4,84,2020,"Animation, Action, Sci-Fi",19123,"2020-02-25","Sam Liu"
tt12006138,10,2020-04-05,"My Hero Academia: Japanese Hero Billboard Chart","Boku no Hîrô Akademia: Japanese Hero Billboard Chart",https://www.imdb.com/title/tt12006138,TV Episode,7.5,24,2020,"Animation, Action, Sci-Fi, Adventure",2622,"2020-06-21","Masahiro Mukai,Naomi Nakayama,Masashi Abe,Kenji Nagasaki"
tt12045824,10,2020-04-05,"My Hero Academia: His Start","Boku no Hîrô Akademia: His Start",https://www.imdb.com/title/tt12045824,TV Episode,9.7,23,2020,"Animation, Action, Sci-Fi, Adventure",10515,"2020-06-28","Masahiro Mukai,Naomi Nakayama,Setsumu Doukawa,Kenji Nagasaki"
tt8579674,10,2020-04-01,"1917","1917",https://www.imdb.com/title/tt8579674,Movie,8.2,119,2019,"War, Drama",787952,"2020-01-10","Sam Mendes"
tt3553976,10,2020-03-30,"Captain Fantastic","Captain Fantastic",https://www.imdb.com/title/tt3553976,Movie,7.8,118,2016,"Drama, Comedy, Adventure",253727,"2016-07-29","Matt Ross"
tt2660888,9,2020-03-30,"Star Trek Beyond","Star Trek Beyond",https://www.imdb.com/title/tt2660888,Movie,7.0,122,2016,"Sci-Fi, Action, Adventure, Thriller",272262,"2016-07-22","Justin Lin"
tt0815236,10,2020-03-29,"She's Out of My League","She's Out of My League",https://www.imdb.com/title/tt0815236,Movie,6.4,104,2010,"Comedy, Romance",154891,"2010-03-12","Jim Field Smith"
tt1408101,10,2020-03-29,"Star Trek Into Darkness","Star Trek Into Darkness",https://www.imdb.com/title/tt1408101,Movie,7.7,132,2013,"Action, Adventure, Sci-Fi",512925,"2013-05-16","J.J. Abrams"
tt0499549,10,2020-03-27,"Avatar","Avatar",https://www.imdb.com/title/tt0499549,Movie,7.9,162,2009,"Sci-Fi, Action, Adventure, Fantasy",1517673,"2009-12-18","James Cameron"
tt0419706,9,2020-03-27,"Doom","Doom",https://www.imdb.com/title/tt0419706,Movie,5.2,102,2005,"Action, Sci-Fi, Horror",125168,"2005-10-21","Andrzej Bartkowiak"
tt0796366,10,2020-03-27,"Star Trek","Star Trek",https://www.imdb.com/title/tt0796366,Movie,7.9,127,2009,"Sci-Fi, Action, Adventure",641741,"2009-05-08","J.J. Abrams"
tt0198781,10,2020-03-25,"Monsters, Inc.","Monsters, Inc.",https://www.imdb.com/title/tt0198781,Movie,8.1,92,2001,"Animation, Adventure, Comedy, Family, Fantasy",1093492,"2001-11-02","Pete Docter,David Silverman,Lee Unkrich"
tt1453405,10,2020-03-25,"Monsters University","Monsters University",https://www.imdb.com/title/tt1453405,Movie,7.2,104,2013,"Animation, Comedy, Adventure, Family, Fantasy",431860,"2013-06-21","Dan Scanlon"
tt7146812,10,2020-03-25,"Onward","Onward",https://www.imdb.com/title/tt7146812,Movie,7.3,102,2020,"Animation, Comedy, Family, Fantasy, Adventure, Drama",189641,"2020-03-06","Dan Scanlon"
tt0762073,9,2020-03-24,"Thirst","Bakjwi",https://www.imdb.com/title/tt0762073,Movie,7.1,134,2009,"Horror, Drama, Romance, Fantasy",55764,"2009-04-30","Park Chan-wook"
tt7713068,7,2020-03-21,"Birds of Prey and the Fantabulous Emancipation of One Harley Quinn","Birds of Prey (and the Fantabulous Emancipation of One Harley Quinn)",https://www.imdb.com/title/tt7713068,Movie,6.1,109,2020,"Action, Crime, Comedy",286103,"2020-02-07","Cathy Yan"
tt5814534,10,2020-03-21,"Spies in Disguise","Spies in Disguise",https://www.imdb.com/title/tt5814534,Movie,6.8,102,2019,"Animation, Comedy, Family, Adventure, Sci-Fi, Drama, Thriller, Action",63973,"2019-12-25","Nick Bruno,Troy Quane"
tt0382932,10,2020-03-20,"Ratatouille","Ratatouille",https://www.imdb.com/title/tt0382932,Movie,8.1,111,2007,"Animation, Comedy, Family, Fantasy, Adventure",968235,"2007-06-29","Brad Bird,Jan Pinkava"
tt8092252,10,2020-03-19,"Be with You","Jigeum mannareo gabmida",https://www.imdb.com/title/tt8092252,Movie,7.7,132,2018,"Fantasy, Romance, Drama",8622,"2018-04-06","Lee Jang-hoon"
tt2082221,10,2020-03-19,"Nameless Gangster: Rules of the Time","Bumchoiwaui junjaeng: Nabbeunnomdeul jeonsungshidae",https://www.imdb.com/title/tt2082221,Movie,7.0,134,2012,"Crime, Drama, Action",8056,"2012-02-02","Yoon Jong-bin"
tt0119174,10,2020-03-18,"The Game","The Game",https://www.imdb.com/title/tt0119174,Movie,7.7,129,1997,"Drama, Thriller, Mystery",478299,"1997-09-12","David Fincher"
tt0238380,8,2020-03-18,"Equilibrium","Equilibrium",https://www.imdb.com/title/tt0238380,Movie,7.3,107,2002,"Drama, Sci-Fi, Thriller, Action",365620,"2002-12-06","Kurt Wimmer"
tt0114746,10,2020-03-18,"12 Monkeys","Twelve Monkeys",https://www.imdb.com/title/tt0114746,Movie,8.0,129,1995,"Mystery, Sci-Fi, Thriller",685237,"1996-01-05","Terry Gilliam"
tt1190539,9,2020-03-17,"The Chaser","Chugyeokja",https://www.imdb.com/title/tt1190539,Movie,7.8,125,2008,"Thriller, Crime, Drama, Action",82829,"2008-02-14","Na Hong-jin"
tt0337563,9,2020-03-17,"13 Going on 30","13 Going on 30",https://www.imdb.com/title/tt0337563,Movie,6.4,98,2004,"Comedy, Fantasy, Romance",253817,"2004-04-23","Gary Winick"
tt1570551,8,2020-03-16,"Bandhobi","Ban-doo-bi",https://www.imdb.com/title/tt1570551,Movie,7.0,107,2009,"Drama",540,"2009-06-25","Sin Dong-Il,Dong-il Shin"
tt0417299,10,2020-03-14,"Avatar: The Last Airbender","Avatar: The Last Airbender",https://www.imdb.com/title/tt0417299,TV Series,9.3,23,2005,"Animation, Adventure, Family, Fantasy, Action, Mystery",457152,"2005-02-21",
tt0887307,10,2020-03-14,"Avatar: The Last Airbender: Lake Laogai","Avatar: The Last Airbender: Lake Laogai",https://www.imdb.com/title/tt0887307,TV Episode,9.1,25,2006,"Animation, Adventure, Family, Fantasy, Action, Mystery",8224,"2006-11-03","Lauren MacMullan"
tt0794679,10,2020-03-14,"Avatar: The Last Airbender: Appa's Lost Days","Avatar: The Last Airbender: Appa's Lost Days",https://www.imdb.com/title/tt0794679,TV Episode,8.9,25,2006,"Animation, Adventure, Family, Fantasy, Action, Mystery",8436,"2006-10-13","Giancarlo Volpe"
tt0775583,10,2020-03-14,"Avatar: The Last Airbender: The Tales of Ba Sing Se","Avatar: The Last Airbender: The Tales of Ba Sing Se",https://www.imdb.com/title/tt0775583,TV Episode,9.3,25,2006,"Animation, Adventure, Family, Fantasy, Action, Mystery",11575,"2006-09-29","Ethan Spaulding"
tt1117701,10,2020-03-14,"Avatar: The Last Airbender: The Avatar and the Fire Lord","Avatar: The Last Airbender: The Avatar and the Fire Lord",https://www.imdb.com/title/tt1117701,TV Episode,9.5,25,2007,"Animation, Adventure, Family, Fantasy, Action, Mystery",10254,"2007-10-26","Ethan Spaulding,Oh Seung-hyun"
tt0824795,10,2020-03-09,"Avatar: The Last Airbender: The Blue Spirit","Avatar: The Last Airbender: The Blue Spirit",https://www.imdb.com/title/tt0824795,TV Episode,9.1,25,2005,"Animation, Adventure, Family, Fantasy, Action, Mystery",9625,"2005-06-17","Dave Filoni"
tt0516780,10,2020-03-09,"Avatar: The Last Airbender: The Siege of the North, Part 1","Avatar: The Last Airbender: The Siege of the North, Part 1",https://www.imdb.com/title/tt0516780,TV Episode,9.3,25,2005,"Animation, Adventure, Family, Fantasy, Action, Mystery",9645,"2005-12-02","Lauren MacMullan"
tt10512638,10,2020-03-09,"Avatar: The Last Airbender: The Siege of the North, Part 2","Avatar: The Last Airbender: The Siege of the North, Part 2",https://www.imdb.com/title/tt10512638,TV Episode,9.6,24,2005,"Animation, Adventure, Family, Fantasy, Action, Mystery",9955,"2005-12-02","Dave Filoni"
tt1436562,10,2020-03-05,"Rio","Rio",https://www.imdb.com/title/tt1436562,Movie,6.9,96,2011,"Animation, Adventure, Comedy, Family, Music, Romance",278254,"2011-04-15","Carlos Saldanha"
tt0448694,10,2020-03-05,"Puss in Boots","Puss in Boots",https://www.imdb.com/title/tt0448694,Movie,6.6,90,2011,"Animation, Adventure, Comedy, Family, Fantasy, Action",215327,"2011-11-15","Chris Miller"
tt0397892,10,2020-03-05,"Bolt","Bolt",https://www.imdb.com/title/tt0397892,Movie,6.8,96,2008,"Animation, Family, Comedy, Adventure, Crime, Drama, Sci-Fi",251709,"2008-11-21","Byron Howard,Chris Williams"
tt0844471,10,2020-03-05,"Cloudy with a Chance of Meatballs","Cloudy with a Chance of Meatballs",https://www.imdb.com/title/tt0844471,Movie,6.9,90,2009,"Animation, Family, Comedy, Sci-Fi, Adventure, Fantasy",290653,"2009-09-18","Phil Lord,Christopher Miller"
tt0307453,10,2020-03-05,"Shark Tale","Shark Tale",https://www.imdb.com/title/tt0307453,Movie,6.0,90,2004,"Animation, Family, Adventure, Thriller, Comedy",216624,"2004-10-01","Bibo Bergeron,Vicky Jenson,Rob Letterman"
tt0358082,10,2020-03-05,"Robots","Robots",https://www.imdb.com/title/tt0358082,Movie,6.4,91,2005,"Animation, Family, Sci-Fi, Adventure, Romance, Comedy",177396,"2005-03-27","Chris Wedge,Carlos Saldanha"
tt0424095,10,2020-03-05,"Flushed Away","Flushed Away",https://www.imdb.com/title/tt0424095,Movie,6.6,85,2006,"Animation, Comedy, Family, Adventure, Romance, Action, Drama",151714,"2006-11-03","David Bowers,Sam Fell"
tt0327084,10,2020-03-05,"Over the Hedge","Over the Hedge",https://www.imdb.com/title/tt0327084,Movie,6.7,83,2006,"Animation, Family, Adventure, Comedy",205801,"2006-05-19","Tim Johnson,Karey Kirkpatrick"
tt0389790,10,2020-03-05,"Bee Movie","Bee Movie",https://www.imdb.com/title/tt0389790,Movie,6.1,91,2007,"Animation, Comedy, Family, Adventure, Drama, Romance",201128,"2007-11-02","Steve Hickner,Simon J. Smith"
tt0414853,10,2020-03-05,"Barnyard","Barnyard",https://www.imdb.com/title/tt0414853,Movie,5.7,90,2006,"Animation, Comedy, Family, Adventure, Drama",39458,"2006-08-04","Steve Oedekerk"
tt0344854,10,2020-03-05,"Arthur and the Invisibles","Arthur et les Minimoys",https://www.imdb.com/title/tt0344854,Movie,6.0,94,2006,"Animation, Adventure, Comedy, Family, Fantasy",45170,"2007-01-12","Luc Besson"
tt0367594,10,2020-03-05,"Charlie and the Chocolate Factory","Charlie and the Chocolate Factory",https://www.imdb.com/title/tt0367594,Movie,6.7,115,2005,"Musical, Adventure, Comedy, Family, Fantasy",579439,"2005-07-15","Tim Burton"
tt0486576,10,2020-03-05,"Fantastic Four: Rise of the Silver Surfer","4: Rise of the Silver Surfer",https://www.imdb.com/title/tt0486576,Movie,5.6,92,2007,"Fantasy, Adventure, Action, Sci-Fi",303531,"2007-06-15","Tim Story"
tt0120667,10,2020-03-05,"Fantastic Four","Fantastic Four",https://www.imdb.com/title/tt0120667,Movie,5.7,106,2005,"Adventure, Fantasy, Sci-Fi, Action",379726,"2005-07-08","Tim Story"
tt0385752,9,2020-03-05,"The Golden Compass","The Golden Compass",https://www.imdb.com/title/tt0385752,Movie,6.1,113,2007,"Fantasy, Adventure, Family",204917,"2007-12-07","Chris Weitz"
tt0449010,10,2020-03-05,"Eragon","Eragon",https://www.imdb.com/title/tt0449010,Movie,5.1,104,2006,"Fantasy, Action, Family, Adventure",135464,"2006-12-15","Stefen Fangmeier"
tt0938283,8,2020-03-05,"The Last Airbender","The Last Airbender",https://www.imdb.com/title/tt0938283,Movie,3.9,103,2010,"Adventure, Family, Fantasy, Action",182868,"2010-07-01","M. Night Shyamalan"
tt4273886,10,2020-03-04,"The Beauty Inside","Byuti insaideu",https://www.imdb.com/title/tt4273886,Movie,7.3,127,2015,"Romance, Drama, Fantasy",9190,"2015-09-11","Jong-Yeol Baek"
tt0757157,10,2020-03-01,"A Millionaire's First Love","Baekmanjangja-ui cheot-sarang",https://www.imdb.com/title/tt0757157,Movie,7.2,116,2006,"Romance, Drama",5587,"2006-02-09","Kim Tae-gyun"
tt5232308,10,2020-02-29,"Zulfiqar","Zulfiqar",https://www.imdb.com/title/tt5232308,Movie,5.8,139,2016,"Crime, Drama, Thriller",1648,"2016-10-07","Srijit Mukherji"
tt0060196,10,2020-02-29,"The Good, the Bad and the Ugly","Il buono, il brutto, il cattivo",https://www.imdb.com/title/tt0060196,Movie,8.8,178,1966,"Adventure, Drama, Western",902991,"1967-12-29","Sergio Leone"
tt2442560,9,2020-02-26,"Peaky Blinders","Peaky Blinders",https://www.imdb.com/title/tt2442560,TV Series,8.7,60,2013,"Drama, Crime",794989,"2014-09-30",
tt7441658,10,2020-02-26,"Black Clover","Black Clover",https://www.imdb.com/title/tt7441658,TV Series,8.2,24,2017,"Animation, Action, Comedy, Fantasy, Adventure, Drama, Sci-Fi, Thriller, Family",52435,"2017-10-03",
tt2076298,8,2020-02-16,"Ip Man 4: The Finale","Yip Man 4",https://www.imdb.com/title/tt2076298,Movie,7.0,107,2019,"Action, Biography, Drama, History",41712,"2025-10-05","Wilson Yip"
tt0298203,10,2020-02-15,"8 Mile","8 Mile",https://www.imdb.com/title/tt0298203,Movie,7.2,110,2002,"Music, Drama",355865,"2002-11-08","Curtis Hanson"
tt0901487,10,2020-02-13,"The Good, the Bad, the Weird","Joeun nom, napun nom, esanghan nom",https://www.imdb.com/title/tt0901487,Movie,7.2,130,2008,"Adventure, Action, Western, Comedy",40051,"2008-07-17","Kim Jee-woon"
tt1950186,10,2020-02-05,"Ford v Ferrari","Ford v Ferrari",https://www.imdb.com/title/tt1950186,Movie,8.1,152,2019,"Action, Drama, Biography, Sport",588480,"2019-11-15","James Mangold"
tt10217550,10,2020-01-30,"Vinci Da","Vinci Da",https://www.imdb.com/title/tt10217550,Movie,7.4,117,2019,"Crime, Mystery, Thriller",3168,"2019-04-12","Srijit Mukherji"
tt8946378,10,2020-01-30,"Knives Out","Knives Out",https://www.imdb.com/title/tt8946378,Movie,7.9,130,2019,"Crime, Mystery, Thriller, Drama, Comedy",892715,"2019-11-27","Rian Johnson"
tt0770703,10,2020-01-26,"What's Your Number?","What's Your Number?",https://www.imdb.com/title/tt0770703,Movie,6.1,106,2011,"Comedy, Romance",92841,"2011-09-30","Mark Mylod"
tt4777008,9,2020-01-26,"Maleficent: Mistress of Evil","Maleficent: Mistress of Evil",https://www.imdb.com/title/tt4777008,Movie,6.6,119,2019,"Fantasy, Family, Adventure, Romance, Drama",134501,"2019-10-18","Joachim Rønning"
tt11116702,10,2020-01-24,"Vinland Saga: Servant","Vinland Saga: Servant",https://www.imdb.com/title/tt11116702,TV Episode,9.4,24,2019,"Animation, Action, Adventure, History, Drama",8844,"2019-11-04","Daisuke Kurose,Shûhei Yabuta"
tt11116704,10,2020-01-24,"Vinland Saga: Out of the Cradle","Vinland Saga: Out of the Cradle",https://www.imdb.com/title/tt11116704,TV Episode,9.3,24,2019,"Animation, Action, Adventure, History, Drama",8892,"2019-11-18","Shûjirô Ami,Shûhei Yabuta"
tt11294350,10,2020-01-24,"Vinland Saga: United Front","Vinland Saga: United Front",https://www.imdb.com/title/tt11294350,TV Episode,9.5,24,2019,"Animation, Action, Adventure, History, Drama",10099,"2019-11-25","Yoji Sato,Shûhei Yabuta"
tt11294352,10,2020-01-24,"Vinland Saga: Crown","Vinland Saga: Crown",https://www.imdb.com/title/tt11294352,TV Episode,8.8,24,2019,"Animation, Action, Adventure, History, Drama",7352,"2019-12-02","Michiru Itabisashi,Shûhei Yabuta"
tt11294354,10,2020-01-24,"Vinland Saga: Reunion","Vinland Saga: Reunion",https://www.imdb.com/title/tt11294354,TV Episode,9.4,24,2019,"Animation, Action, Adventure, History, Drama",8934,"2019-12-09","Yûsuke Sunouchi,Shûhei Yabuta"
tt11294356,10,2020-01-24,"Vinland Saga: Lone Wolf","Vinland Saga: Lone Wolf",https://www.imdb.com/title/tt11294356,TV Episode,9.6,24,2019,"Animation, Action, Adventure, History, Drama",10700,"2019-12-16","Yasuo Ejima,Shûhei Yabuta"
tt11294358,10,2020-01-24,"Vinland Saga: Miscalculation","Vinland Saga: Miscalculation",https://www.imdb.com/title/tt11294358,TV Episode,8.7,24,2019,"Animation, Action, Adventure, History, Drama",7586,"2019-12-23","Shûhei Yabuta,Yôsuke Yamamoto"
tt11294360,10,2020-01-24,"Vinland Saga: End of the Prologue","Vinland Saga: End of the Prologue",https://www.imdb.com/title/tt11294360,TV Episode,9.9,24,2019,"Animation, Action, Adventure, History, Drama",45704,"2019-12-29","Tadahito Matsubayashi,Shûhei Yabuta"
tt10233448,10,2020-01-24,"Vinland Saga","Vinland Saga",https://www.imdb.com/title/tt10233448,TV Series,8.9,24,2019,"Animation, Action, Adventure, History, Drama",152394,"2019-07-06",
tt0456912,10,2020-01-22,"A Bittersweet Life","Dalkomhan insaeng",https://www.imdb.com/title/tt0456912,Movie,7.4,119,2005,"Action, Drama, Crime, Thriller",48087,"2005-04-01","Kim Jee-woon"
tt9679542,9,2020-01-21,"Dr. Stone","Dr.STONE",https://www.imdb.com/title/tt9679542,TV Series,8.1,24,2019,"Animation, Action, Adventure, Sci-Fi",46589,"2019-08-25",
tt10454726,9,2020-01-17,"Dark: Die Reisenden","Dark: Die Reisenden",https://www.imdb.com/title/tt10454726,TV Episode,9.4,60,2019,"Mystery, Crime, Drama, Thriller, Sci-Fi",18829,"2019-06-21","Baran bo Odar"
tt10454722,9,2020-01-17,"Dark: Gespenster","Dark: Gespenster",https://www.imdb.com/title/tt10454722,TV Episode,9.0,56,2019,"Mystery, Crime, Drama, Thriller, Sci-Fi",16976,"2019-06-21","Baran bo Odar"
tt10454716,10,2020-01-17,"Dark: Dunkle Materie","Dark: Dunkle Materie",https://www.imdb.com/title/tt10454716,TV Episode,8.8,54,2019,"Mystery, Crime, Drama, Thriller, Sci-Fi",16898,"2019-06-21","Baran bo Odar"
tt7787482,9,2020-01-17,"Dark: Anfänge und Enden","Dark: Anfänge und Enden",https://www.imdb.com/title/tt7787482,TV Episode,8.6,53,2019,"Mystery, Crime, Drama, Thriller, Sci-Fi",17978,"2019-06-21","Baran bo Odar"
tt4520988,10,2020-01-17,"Frozen II","Frozen II",https://www.imdb.com/title/tt4520988,Movie,6.8,103,2019,"Animation, Musical, Adventure, Comedy, Family, Fantasy, Drama",224119,"2019-11-22","Chris Buck,Jennifer Lee"
tt11488600,10,2020-01-15,"My Hero Academia: Infinite 100%","Boku no Hîrô Akademia: Infinite 100%",https://www.imdb.com/title/tt11488600,TV Episode,9.7,24,2020,"Animation, Action, Sci-Fi, Adventure",9512,"2020-02-15","Masahiro Mukai,Naomi Nakayama,Masashi Abe,Setsumu Doukawa,Kenji Nagasaki"
tt11474584,10,2020-01-15,"My Hero Academia: Unforeseen Hope","Boku no Hîrô Akademia: Unforeseen Hope",https://www.imdb.com/title/tt11474584,TV Episode,9.3,24,2020,"Animation, Action, Sci-Fi, Adventure",4517,"2020-02-08","Masahiro Mukai,Naomi Nakayama,Shôji Ikeno,Kenji Nagasaki"
tt11470614,10,2020-01-15,"My Hero Academia: Lemillion","Boku no Hîrô Akademia: Lemillion",https://www.imdb.com/title/tt11470614,TV Episode,9.6,24,2019,"Animation, Action, Sci-Fi, Adventure",6865,"2020-02-01","Masahiro Mukai,Naomi Nakayama,Setsumu Doukawa,Kenji Nagasaki"
tt11440196,10,2020-01-15,"My Hero Academia: Temp Squad","Boku no Hîrô Akademia: Temp Squad",https://www.imdb.com/title/tt11440196,TV Episode,7.9,24,2019,"Animation, Action, Sci-Fi, Adventure",2745,"2020-01-25","Masahiro Mukai,Naomi Nakayama,Kenji Nagasaki,Tomo Okubo"
tt7313320,10,2020-01-13,"Dark: Alles ist jetzt","Dark: Alles ist jetzt",https://www.imdb.com/title/tt7313320,TV Episode,8.6,55,2017,"Mystery, Crime, Drama, Thriller, Sci-Fi",16704,"2017-12-01","Baran bo Odar"
tt7313322,10,2020-01-13,"Dark: Alpha und Omega","Dark: Alpha und Omega",https://www.imdb.com/title/tt7313322,TV Episode,9.2,57,2017,"Mystery, Crime, Drama, Thriller, Sci-Fi",19054,"2017-12-01","Baran bo Odar"
tt7313316,10,2020-01-13,"Dark: Was man sät, das wird man ernten","Dark: Was man sät, das wird man ernten",https://www.imdb.com/title/tt7313316,TV Episode,9.1,50,2017,"Mystery, Crime, Drama, Thriller, Sci-Fi",18275,"2017-12-01","Baran bo Odar"
tt7305824,10,2020-01-13,"Dark: Kreuzwege","Dark: Kreuzwege",https://www.imdb.com/title/tt7305824,TV Episode,8.6,52,2017,"Mystery, Crime, Drama, Thriller, Sci-Fi",17037,"2017-12-01","Baran bo Odar"
tt7313312,10,2020-01-13,"Dark: Sic Mundus Creatus Est","Dark: Sic Mundus Creatus Est",https://www.imdb.com/title/tt7313312,TV Episode,9.0,51,2017,"Mystery, Crime, Drama, Thriller, Sci-Fi",18537,"2017-12-01","Baran bo Odar"
tt7313308,9,2020-01-13,"Dark: Wahrheiten","Dark: Wahrheiten",https://www.imdb.com/title/tt7313308,TV Episode,8.9,45,2017,"Mystery, Crime, Drama, Thriller, Sci-Fi",19027,"2017-12-01","Baran bo Odar"
tt7305820,8,2020-01-13,"Dark: Gestern und heute","Dark: Gestern und heute",https://www.imdb.com/title/tt7305820,TV Episode,8.5,45,2017,"Mystery, Crime, Drama, Thriller, Sci-Fi",18895,"2017-12-01","Baran bo Odar"
tt7305776,8,2020-01-13,"Dark: Lügen","Dark: Lügen",https://www.imdb.com/title/tt7305776,TV Episode,8.1,44,2017,"Mystery, Crime, Drama, Thriller, Sci-Fi",21672,"2017-12-01","Baran bo Odar"
tt6305578,9,2020-01-13,"Dark: Geheimnisse","Dark: Geheimnisse",https://www.imdb.com/title/tt6305578,TV Episode,8.2,51,2017,"Mystery, Crime, Drama, Thriller, Sci-Fi",22259,"2017-12-01","Baran bo Odar"
tt0452608,10,2020-01-12,"Death Race","Death Race",https://www.imdb.com/title/tt0452608,Movie,6.4,105,2008,"Action, Thriller, Sci-Fi",230130,"2008-08-22","Paul W.S. Anderson"
tt0119094,9,2020-01-12,"Face/Off","Face/Off",https://www.imdb.com/title/tt0119094,Movie,7.3,138,1997,"Crime, Thriller, Action, Sci-Fi",431878,"1997-06-27","John Woo"
tt2873282,10,2020-01-09,"Red Sparrow","Red Sparrow",https://www.imdb.com/title/tt2873282,Movie,6.6,140,2018,"Thriller, Drama, Mystery",220018,"2018-03-02","Francis Lawrence"
tt0405508,10,2020-01-09,"Rang De Basanti","Rang De Basanti",https://www.imdb.com/title/tt0405508,Movie,8.1,167,2006,"Drama, Comedy, Crime",127519,"2006-01-26","Rakeysh Omprakash Mehra"
tt7653254,8,2020-01-08,"Marriage Story","Marriage Story",https://www.imdb.com/title/tt7653254,Movie,7.9,137,2019,"Drama, Romance",375951,"2019-12-06","Noah Baumbach"
tt1302006,10,2020-01-08,"The Irishman","The Irishman",https://www.imdb.com/title/tt1302006,Movie,7.8,209,2019,"Crime, Drama, Biography, History, Thriller",480649,"2019-11-27","Martin Scorsese"
tt1210166,10,2020-01-06,"Moneyball","Moneyball",https://www.imdb.com/title/tt1210166,Movie,7.6,133,2011,"Drama, Sport, Biography",518099,"2011-09-23","Bennett Miller"
tt0108399,10,2020-01-05,"True Romance","True Romance",https://www.imdb.com/title/tt0108399,Movie,7.9,119,1993,"Thriller, Drama, Crime, Romance",264491,"1993-09-10","Tony Scott"
tt8239946,10,2020-01-04,"Tumbbad","Tumbbad",https://www.imdb.com/title/tt8239946,Movie,8.2,108,2018,"Thriller, Drama, Horror, Fantasy",77805,"2018-10-12","Rahi Anil Barve,Anand Gandhi,Adesh Prasad"
tt6027916,10,2020-01-03,"Game of Thrones: The Bells","Game of Thrones: The Bells",https://www.imdb.com/title/tt6027916,TV Episode,5.9,78,2019,"Fantasy, Drama",229205,"2019-05-12","Miguel Sapochnik"
tt6027920,5,2020-01-03,"Game of Thrones: The Iron Throne","Game of Thrones: The Iron Throne",https://www.imdb.com/title/tt6027920,TV Episode,4.0,80,2019,"Fantasy, Drama",308602,"2019-05-19","David Benioff,D.B. Weiss"
tt6027908,10,2020-01-03,"Game of Thrones: A Knight of the Seven Kingdoms","Game of Thrones: A Knight of the Seven Kingdoms",https://www.imdb.com/title/tt6027908,TV Episode,7.9,58,2019,"Fantasy, Drama",161851,"2019-04-21","David Nutter"
tt6027912,10,2020-01-03,"Game of Thrones: The Long Night","Game of Thrones: The Long Night",https://www.imdb.com/title/tt6027912,TV Episode,7.5,82,2019,"Fantasy, Drama",257939,"2019-04-28","Miguel Sapochnik"
tt4283028,10,2020-01-03,"Game of Thrones: The Door","Game of Thrones: The Door",https://www.imdb.com/title/tt4283028,TV Episode,9.7,57,2016,"Fantasy, Drama",111485,"2016-05-22","Jack Bender"
tt4283094,10,2020-01-03,"Game of Thrones: The Winds of Winter","Game of Thrones: The Winds of Winter",https://www.imdb.com/title/tt4283094,TV Episode,9.9,68,2016,"Fantasy, Drama",233347,"2016-06-26","Miguel Sapochnik"
tt4283088,10,2020-01-03,"Game of Thrones: Battle of the Bastards","Game of Thrones: Battle of the Bastards",https://www.imdb.com/title/tt4283088,TV Episode,9.9,60,2016,"Fantasy, Drama",315257,"2016-06-19","Miguel Sapochnik"
tt3866826,10,2020-01-03,"Game of Thrones: The Dance of Dragons","Game of Thrones: The Dance of Dragons",https://www.imdb.com/title/tt3866826,TV Episode,9.4,52,2015,"Fantasy, Drama",67946,"2015-06-07","David Nutter"
tt3060858,10,2020-01-03,"Game of Thrones: The Watchers on the Wall","Game of Thrones: The Watchers on the Wall",https://www.imdb.com/title/tt3060858,TV Episode,9.6,51,2014,"Fantasy, Drama",84158,"2014-06-08","Neil Marshall"
tt3060782,10,2020-01-03,"Game of Thrones: The Mountain and the Viper","Game of Thrones: The Mountain and the Viper",https://www.imdb.com/title/tt3060782,TV Episode,9.7,52,2014,"Fantasy, Drama",91624,"2014-06-01","Alex Graves"
tt3060860,10,2020-01-03,"Game of Thrones: The Children","Game of Thrones: The Children",https://www.imdb.com/title/tt3060860,TV Episode,9.7,65,2014,"Fantasy, Drama",82852,"2014-06-15","Alex Graves"
tt2178784,10,2020-01-03,"Game of Thrones: The Rains of Castamere","Game of Thrones: The Rains of Castamere",https://www.imdb.com/title/tt2178784,TV Episode,9.9,51,2013,"Fantasy, Drama",188180,"2013-06-02","David Nutter"
tt2178796,10,2020-01-03,"Game of Thrones: Mhysa","Game of Thrones: Mhysa",https://www.imdb.com/title/tt2178796,TV Episode,9.1,63,2013,"Fantasy, Drama",53550,"2013-06-09","David Nutter"
tt2178798,10,2020-01-03,"Game of Thrones: And Now His Watch Is Ended","Game of Thrones: And Now His Watch Is Ended",https://www.imdb.com/title/tt2178798,TV Episode,9.5,53,2013,"Fantasy, Drama",64037,"2013-04-21","Alex Graves"
tt2112510,10,2020-01-03,"Game of Thrones: Valar Morghulis","Game of Thrones: Valar Morghulis",https://www.imdb.com/title/tt2112510,TV Episode,9.3,64,2012,"Fantasy, Drama",57456,"2012-06-03","Alan Taylor"
tt1971833,10,2020-01-03,"Game of Thrones: The North Remembers","Game of Thrones: The North Remembers",https://www.imdb.com/title/tt1971833,TV Episode,8.6,53,2012,"Fantasy, Drama",51053,"2012-04-01","Alan Taylor"
tt2084342,10,2020-01-03,"Game of Thrones: Blackwater","Game of Thrones: Blackwater",https://www.imdb.com/title/tt2084342,TV Episode,9.7,55,2012,"Fantasy, Drama",88253,"2012-05-27","Neil Marshall"
tt1480055,10,2020-01-03,"Game of Thrones: Winter Is Coming","Game of Thrones: Winter Is Coming",https://www.imdb.com/title/tt1480055,TV Episode,8.9,62,2011,"Fantasy, Drama",82347,"2011-04-17","Timothy Van Patten"
tt1851397,10,2020-01-03,"Game of Thrones: Fire and Blood","Game of Thrones: Fire and Blood",https://www.imdb.com/title/tt1851397,TV Episode,9.4,53,2011,"Fantasy, Drama",68158,"2011-06-19","Alan Taylor"
tt8343778,10,2020-01-03,"The Witcher: Before a Fall","The Witcher: Before a Fall",https://www.imdb.com/title/tt8343778,TV Episode,8.3,47,2019,"Adventure, Fantasy, Mystery, Action, Drama",20474,"2019-12-20","Marc Jobst,Alik Sakharov"
tt5180504,9,2020-01-03,"The Witcher","The Witcher",https://www.imdb.com/title/tt5180504,TV Series,7.8,60,2019,"Adventure, Fantasy, Mystery, Action, Drama",625927,"2019-12-20",
tt0241527,10,2020-01-02,"Harry Potter and the Sorcerer's Stone","Harry Potter and the Sorcerer's Stone",https://www.imdb.com/title/tt0241527,Movie,7.7,152,2001,"Family, Adventure, Fantasy",969056,"2001-11-16","Chris Columbus"
tt0910865,9,2019-12-31,"Doctor Strange","Doctor Strange",https://www.imdb.com/title/tt0910865,Video,6.6,76,2007,"Animation, Fantasy, Action",9353,"2007-08-14","Frank Paur,Patrick Archibald,Jay Oliva,Dick Sebast"
tt1206885,7,2019-12-27,"Rambo: Last Blood","Rambo: Last Blood",https://www.imdb.com/title/tt1206885,Movie,6.1,89,2019,"Action, Thriller, Crime",121471,"2019-09-20","Adrian Grunberg"
tt1620981,9,2019-12-27,"The Addams Family","The Addams Family",https://www.imdb.com/title/tt1620981,Movie,5.9,86,2019,"Animation, Comedy, Fantasy, Family, Horror",50502,"2019-10-11","Greg Tiernan,Conrad Vernon"
tt0393162,10,2019-12-25,"Coach Carter","Coach Carter",https://www.imdb.com/title/tt0393162,Movie,7.4,136,2005,"Drama, Sport, Biography",195908,"2005-01-14","Thomas Carter"
tt9052870,10,2019-12-21,"Chhichhore","Chhichhore",https://www.imdb.com/title/tt9052870,Movie,8.3,143,2019,"Drama, Comedy, Romance",74657,"2019-09-06","Nitesh Tiwari"
tt8755684,7,2019-12-17,"See: Silk","See: Silk",https://www.imdb.com/title/tt8755684,TV Episode,7.6,54,2019,"Drama, Sci-Fi, Action",3534,"2019-11-22","Stephen Surjik"
tt11217812,10,2019-12-17,"My Hero Academia: Let's Go, Gutsy Red Riot","Boku no Hîrô Akademia: Let's Go, Gutsy Red Riot",https://www.imdb.com/title/tt11217812,TV Episode,8.5,24,2019,"Animation, Action, Sci-Fi, Adventure",3257,"2019-12-07","Masahiro Mukai,Naomi Nakayama,Setsumu Doukawa,Kenji Nagasaki"
tt11440192,10,2019-12-17,"My Hero Academia: Red Riot","Boku no Hîrô Akademia: Red Riot",https://www.imdb.com/title/tt11440192,TV Episode,9.0,24,2019,"Animation, Action, Sci-Fi, Adventure",4300,"2020-01-18","Masahiro Mukai,Naomi Nakayama,Shôji Ikeno,Kenji Nagasaki"
tt6324278,9,2019-12-15,"Abominable","Abominable",https://www.imdb.com/title/tt6324278,Movie,7.0,97,2019,"Animation, Adventure, Comedy, Family, Fantasy",47508,"2019-09-27","Jill Culton,Todd Wilderman"
tt5074352,10,2019-12-13,"Dangal","Dangal",https://www.imdb.com/title/tt5074352,Movie,8.3,161,2016,"Biography, Sport, Drama, Action",248795,"2016-12-21","Nitesh Tiwari"
tt8902990,10,2019-12-13,"The Sky Is Pink","The Sky Is Pink",https://www.imdb.com/title/tt8902990,Movie,7.6,143,2019,"Drama, Romance",10915,"2019-10-11","Shonali Bose"
tt1389137,10,2019-12-04,"We Bought a Zoo","We Bought a Zoo",https://www.imdb.com/title/tt1389137,Movie,7.0,124,2011,"Drama, Family, Comedy",162502,"2011-12-23","Cameron Crowe"
tt1527788,10,2019-12-04,"The Man from Nowhere","Ajeossi",https://www.imdb.com/title/tt1527788,Movie,7.7,119,2010,"Action, Drama, Thriller, Crime",81689,"2010-08-05","Lee Jeong-beom"
tt0420332,9,2019-12-01,"Veer Zaara","Veer-Zaara",https://www.imdb.com/title/tt0420332,Movie,7.8,192,2004,"Musical, Drama, Romance, Family",67460,"2025-11-01","Yash Chopra"
tt7131622,10,2019-12-01,"Once Upon a Time in... Hollywood","Once Upon a Time in... Hollywood",https://www.imdb.com/title/tt7131622,Movie,7.6,161,2019,"Drama, Comedy",980690,"2019-07-26","Quentin Tarantino"
tt0117500,10,2019-11-29,"The Rock","The Rock",https://www.imdb.com/title/tt0117500,Movie,7.4,136,1996,"Adventure, Thriller, Action",385014,"1996-06-07","Michael Bay"
tt0449999,10,2019-11-29,"Kabhi Alvida Naa Kehna","Kabhi Alvida Naa Kehna",https://www.imdb.com/title/tt0449999,Movie,6.1,193,2006,"Drama, Romance",25222,"2006-08-11","Karan Johar"
tt1025100,9,2019-11-28,"Gemini Man","Gemini Man",https://www.imdb.com/title/tt1025100,Movie,5.7,117,2019,"Action, Sci-Fi, Thriller",132779,"2019-10-11","Ang Lee"
tt7485048,10,2019-11-28,"Super 30","Super 30",https://www.imdb.com/title/tt7485048,Movie,7.9,154,2019,"Biography, Drama",43083,"2019-07-12","Vikas Bahl"
tt3541262,8,2019-11-22,"The Admiral: Roaring Currents","Myeong-ryang",https://www.imdb.com/title/tt3541262,Movie,7.1,128,2014,"War, Action, History, Drama",14277,"2014-07-30","Kim Han-min"
tt7700730,10,2019-11-13,"October","October",https://www.imdb.com/title/tt7700730,Movie,7.6,115,2018,"Drama, Romance",21475,"2018-04-13","Shoojit Sircar"
tt6751668,10,2019-11-10,"Parasite","Gisaengchung",https://www.imdb.com/title/tt6751668,Movie,8.5,132,2019,"Drama, Thriller",1199923,"2019-11-08","Bong Joon Ho"
tt9788518,10,2019-11-06,"Love, Death & Robots: The Secret War","Love, Death & Robots: The Secret War",https://www.imdb.com/title/tt9788518,TV Episode,8.1,16,2019,"Animation, Short, Comedy, Fantasy, Horror, Sci-Fi, Action, Adventure, Drama, Mystery, Thriller",21555,"2019-03-15","István Zorkóczy,Gabriele Pennacchioli"
tt9788516,8,2019-11-06,"Love, Death & Robots: Alternate Histories","Love, Death & Robots: Alternate Histories",https://www.imdb.com/title/tt9788516,TV Episode,6.3,8,2019,"Animation, Short, Comedy, Fantasy, Horror, Sci-Fi, Action, Adventure, Drama, Mystery, Thriller",18086,"2019-03-15","Víctor Maldonado,Alfredo Torres,Gabriele Pennacchioli"
tt9788514,8,2019-11-06,"Love, Death & Robots: Ice Age","Love, Death & Robots: Ice Age",https://www.imdb.com/title/tt9788514,TV Episode,7.0,11,2019,"Animation, Short, Comedy, Fantasy, Horror, Sci-Fi, Action, Adventure, Drama, Mystery, Thriller",20328,"2019-03-15","Tim Miller,Gabriele Pennacchioli"
tt9788512,8,2019-11-06,"Love, Death & Robots: Blindspot","Love, Death & Robots: Blindspot",https://www.imdb.com/title/tt9788512,TV Episode,6.3,9,2019,"Animation, Short, Comedy, Fantasy, Horror, Sci-Fi, Action, Adventure, Drama, Mystery, Thriller",16458,"2019-03-15","Vitaliy Shushko,Gabriele Pennacchioli"
tt9788510,10,2019-11-06,"Love, Death & Robots: Zima Blue","Love, Death & Robots: Zima Blue",https://www.imdb.com/title/tt9788510,TV Episode,8.3,10,2019,"Animation, Short, Comedy, Fantasy, Horror, Sci-Fi, Action, Adventure, Drama, Mystery, Thriller",24447,"2019-03-15","Robert Valley,Gabriele Pennacchioli"
tt9788508,9,2019-11-06,"Love, Death & Robots: Lucky 13","Love, Death & Robots: Lucky 13",https://www.imdb.com/title/tt9788508,TV Episode,7.4,15,2019,"Animation, Short, Comedy, Fantasy, Horror, Sci-Fi, Action, Adventure, Drama, Mystery, Thriller",18497,"2019-03-15","Jerome Chen,Gabriele Pennacchioli"
tt9788506,7,2019-11-06,"Love, Death & Robots: Fish Night","Love, Death & Robots: Fish Night",https://www.imdb.com/title/tt9788506,TV Episode,6.3,10,2019,"Animation, Short, Comedy, Fantasy, Horror, Sci-Fi, Action, Adventure, Drama, Mystery, Thriller",18408,"2019-03-15","Damian Nenow,Gabriele Pennacchioli"
tt9788504,10,2019-11-06,"Love, Death & Robots: Helping Hand","Love, Death & Robots: Helping Hand",https://www.imdb.com/title/tt9788504,TV Episode,7.3,10,2019,"Animation, Short, Comedy, Fantasy, Horror, Sci-Fi, Action, Adventure, Drama, Mystery, Thriller",18566,"2019-03-15","Jon Yeo,Gabriele Pennacchioli"
tt9788502,9,2019-11-06,"Love, Death & Robots: Shape-Shifters","Love, Death & Robots: Shape-Shifters",https://www.imdb.com/title/tt9788502,TV Episode,7.4,16,2019,"Animation, Short, Comedy, Fantasy, Horror, Sci-Fi, Action, Adventure, Drama, Mystery, Thriller",19846,"2019-03-15","Gabriele Pennacchioli"
tt9788500,9,2019-11-06,"Love, Death & Robots: The Dump","Love, Death & Robots: The Dump",https://www.imdb.com/title/tt9788500,TV Episode,6.3,11,2019,"Animation, Short, Comedy, Fantasy, Horror, Sci-Fi, Action, Adventure, Drama, Mystery, Thriller",18622,"2019-03-15","Javier Recio Gracia,Gabriele Pennacchioli"
tt9788498,10,2019-11-06,"Love, Death & Robots: Good Hunting","Love, Death & Robots: Good Hunting",https://www.imdb.com/title/tt9788498,TV Episode,8.0,17,2019,"Animation, Short, Comedy, Fantasy, Horror, Sci-Fi, Action, Adventure, Drama, Mystery, Thriller",21979,"2019-03-15","Oliver Thomas,Ki-Yong Bae,Dae Woo Lee,Gabriele Pennacchioli"
tt9788494,7,2019-11-06,"Love, Death & Robots: When the Yogurt Took Over","Love, Death & Robots: When the Yogurt Took Over",https://www.imdb.com/title/tt9788494,TV Episode,6.7,6,2019,"Animation, Short, Comedy, Fantasy, Horror, Sci-Fi, Action, Adventure, Drama, Mystery, Thriller",21724,"2019-03-15","Víctor Maldonado,Alfredo Torres,Gabriele Pennacchioli"
tt9788492,8,2019-11-06,"Love, Death & Robots: Sucker of Souls","Love, Death & Robots: Sucker of Souls",https://www.imdb.com/title/tt9788492,TV Episode,6.4,13,2019,"Animation, Short, Comedy, Fantasy, Horror, Sci-Fi, Action, Adventure, Drama, Mystery, Thriller",19906,"2019-03-15","Owen Sullivan,Gabriele Pennacchioli"
tt9788490,10,2019-11-06,"Love, Death & Robots: Suits","Love, Death & Robots: Suits",https://www.imdb.com/title/tt9788490,TV Episode,7.4,17,2019,"Animation, Short, Comedy, Fantasy, Horror, Sci-Fi, Action, Adventure, Drama, Mystery, Thriller",21464,"2019-03-15","Franck Balson,Gabriele Pennacchioli"
tt9788486,10,2019-11-06,"Love, Death & Robots: The Witness","Love, Death & Robots: The Witness",https://www.imdb.com/title/tt9788486,TV Episode,7.8,12,2019,"Animation, Short, Comedy, Fantasy, Horror, Sci-Fi, Action, Adventure, Drama, Mystery, Thriller",25664,"2019-03-15","Alberto Mielgo,Gabriele Pennacchioli"
tt9788484,10,2019-11-06,"Love, Death & Robots: Three Robots","Love, Death & Robots: Three Robots",https://www.imdb.com/title/tt9788484,TV Episode,7.9,12,2019,"Animation, Short, Comedy, Fantasy, Horror, Sci-Fi, Action, Adventure, Drama, Mystery, Thriller",26283,"2019-03-15","Víctor Maldonado,Alfredo Torres,Gabriele Pennacchioli"
tt9781722,10,2019-11-06,"Love, Death & Robots: Sonnie's Edge","Love, Death & Robots: Sonnie's Edge",https://www.imdb.com/title/tt9781722,TV Episode,8.2,17,2019,"Animation, Short, Comedy, Fantasy, Horror, Sci-Fi, Action, Adventure, Drama, Mystery, Thriller",28152,"2019-03-15","Dave Wilson,Gabriele Pennacchioli"
tt9788496,10,2019-11-06,"Love, Death & Robots: Beyond the Aquila Rift","Love, Death & Robots: Beyond the Aquila Rift",https://www.imdb.com/title/tt9788496,TV Episode,8.5,17,2019,"Animation, Short, Comedy, Fantasy, Horror, Sci-Fi, Action, Adventure, Drama, Mystery, Thriller",28015,"2019-03-15","Dominique Boidin,Léon Bérelle,Rémi Kozyra,Maxime Luère,Gabriele Pennacchioli"
tt9561862,10,2019-11-05,"Love, Death & Robots","Love, Death & Robots",https://www.imdb.com/title/tt9561862,TV Series,8.4,15,2019,"Animation, Short, Comedy, Fantasy, Horror, Sci-Fi, Action, Adventure, Drama, Mystery, Thriller",232995,"2019-03-15",
tt0117509,8,2019-11-05,"Romeo + Juliet","Romeo + Juliet",https://www.imdb.com/title/tt0117509,Movie,6.7,120,1996,"Romance, Drama",263979,"1996-11-01","Baz Luhrmann"
tt1312171,9,2019-11-03,"The Umbrella Academy","The Umbrella Academy",https://www.imdb.com/title/tt1312171,TV Series,7.8,60,2019,"Action, Fantasy, Adventure, Comedy, Drama, Sci-Fi",318591,"2019-02-15",
tt2331143,10,2019-10-29,"Like Father, Like Son","Soshite chichi ni naru",https://www.imdb.com/title/tt2331143,Movie,7.8,121,2013,"Drama",31416,"2013-09-28","Hirokazu Koreeda"
tt2348803,10,2019-10-28,"Kuroko's Basketball","Kuroko No Basket",https://www.imdb.com/title/tt2348803,TV Series,8.2,24,2012,"Animation, Sport, Comedy",16785,"2012-04-07",
tt0337741,9,2019-10-19,"Something's Gotta Give","Something's Gotta Give",https://www.imdb.com/title/tt0337741,Movie,6.8,128,2003,"Drama, Romance, Comedy",141322,"2003-12-12","Nancy Meyers"
tt6105098,10,2019-10-16,"The Lion King","The Lion King",https://www.imdb.com/title/tt6105098,Movie,6.8,118,2019,"Animation, Musical, Adventure, Drama, Family",296109,"2019-07-19","Jon Favreau"
tt2294629,10,2019-10-16,"Frozen","Frozen",https://www.imdb.com/title/tt2294629,Movie,7.4,102,2013,"Animation, Musical, Family, Fantasy, Adventure, Comedy",722482,"2013-11-27","Chris Buck,Jennifer Lee"
tt6095472,9,2019-10-16,"The Angry Birds Movie 2","The Angry Birds Movie 2",https://www.imdb.com/title/tt6095472,Movie,6.4,97,2019,"Animation, Comedy, Adventure, Family, Action",44529,"2019-08-14","Thurop Van Orman,John Rice"
tt7286456,10,2019-10-13,"Joker","Joker",https://www.imdb.com/title/tt7286456,Movie,8.3,122,2019,"Drama",1728927,"2019-10-04","Todd Phillips"
tt2194499,10,2019-10-09,"About Time","About Time",https://www.imdb.com/title/tt2194499,Movie,7.8,123,2013,"Drama, Fantasy, Romance, Comedy, Sci-Fi",443605,"2013-11-08","Richard Curtis"
tt6320628,8,2019-10-08,"Spider-Man: Far from Home","Spider-Man: Far from Home",https://www.imdb.com/title/tt6320628,Movie,7.3,129,2019,"Action, Adventure, Sci-Fi, Comedy, Fantasy",678232,"2019-07-02","Jon Watts"
tt0081505,10,2019-10-04,"The Shining","The Shining",https://www.imdb.com/title/tt0081505,Movie,8.4,146,1980,"Drama, Horror",1245812,"1980-06-13","Stanley Kubrick"
tt0119861,9,2019-10-03,"Pardes","Pardes",https://www.imdb.com/title/tt0119861,Movie,6.9,191,1997,"Musical, Drama, Romance",17372,"1997-12-08","Subhash Ghai"
tt0385700,10,2019-09-29,"Final Fantasy VII: Advent Children","Fainaru fantajî sebun adobento chirudoren",https://www.imdb.com/title/tt0385700,Movie,7.1,101,2005,"Animation, Action, Sci-Fi, Adventure, Fantasy",59986,"2024-02-21","Tetsuya Nomura,Takeshi Nozue"
tt6565702,8,2019-09-28,"X-Men: Dark Phoenix","X-Men: Dark Phoenix",https://www.imdb.com/title/tt6565702,Movie,5.7,113,2019,"Action, Adventure, Sci-Fi",234269,"2019-06-07","Simon Kinberg"
tt0249371,7,2019-09-28,"Asoka","Asoka",https://www.imdb.com/title/tt0249371,Movie,6.4,180,2001,"History, War, Biography, Romance, Drama, Action",16401,"2001-10-26","Santosh Sivan"
tt0169102,10,2019-09-28,"Lagaan: Once Upon a Time in India","Lagaan: Once Upon a Time in India",https://www.imdb.com/title/tt0169102,Movie,8.1,224,2001,"Musical, Sport, Drama",130713,"2001-06-15","Ashutosh Gowariker"
tt0109206,9,2019-09-28,"Bandit Queen","Bandit Queen",https://www.imdb.com/title/tt0109206,Movie,7.5,119,1994,"Biography, Crime, History, Drama",5952,"1995-06-30","Shekhar Kapur"
tt1666801,10,2019-09-25,"The DUFF","The DUFF",https://www.imdb.com/title/tt1666801,Movie,6.4,101,2015,"Comedy, Romance",108173,"2015-02-20","Ari Sandel"
tt1707386,10,2019-09-23,"Les Misérables","Les Misérables",https://www.imdb.com/title/tt1707386,Movie,7.5,158,2012,"Musical, Drama, Romance",365320,"2012-12-25","Tom Hooper"
tt8983202,1,2019-09-22,"Kabir Singh","Kabir Singh",https://www.imdb.com/title/tt8983202,Movie,7.0,173,2019,"Drama, Romance",46435,"2019-06-20","Sandeep Reddy Vanga"
tt9335498,10,2019-09-19,"Demon Slayer: Kimetsu no Yaiba","Kimetsu no Yaiba",https://www.imdb.com/title/tt9335498,TV Series,8.5,24,2019,"Animation, Action, Fantasy, Thriller, Adventure",238373,"2021-01-22",
tt1979376,10,2019-09-18,"Toy Story 4","Toy Story 4",https://www.imdb.com/title/tt1979376,Movie,7.6,100,2019,"Animation, Comedy, Fantasy, Family, Adventure",331072,"2019-06-21","Josh Cooley"
tt0103639,10,2019-09-13,"Aladdin","Aladdin",https://www.imdb.com/title/tt0103639,Movie,8.0,90,1992,"Animation, Musical, Romance, Adventure, Comedy, Family, Fantasy",506362,"1992-11-25","Ron Clements,John Musker"
tt6139732,9,2019-09-13,"Aladdin","Aladdin",https://www.imdb.com/title/tt6139732,Movie,6.9,128,2019,"Musical, Adventure, Fantasy, Romance, Family, Comedy",320006,"2019-05-24","Guy Ritchie"
tt1345836,10,2019-09-12,"The Dark Knight Rises","The Dark Knight Rises",https://www.imdb.com/title/tt1345836,Movie,8.4,164,2012,"Thriller, Crime",2031025,"2012-07-20","Christopher Nolan"
tt3640424,10,2019-09-12,"Allied","Allied",https://www.imdb.com/title/tt3640424,Movie,7.1,124,2016,"Drama, Romance, Thriller, War, Action",181861,"2016-11-23","Robert Zemeckis"
tt5376232,10,2019-09-11,"Jacob's Kingdom of Heaven","Jacobinte Swargarajyam",https://www.imdb.com/title/tt5376232,Movie,7.6,145,2016,"Drama, Family, Biography",3330,"2016-04-22","Vineeth Sreenivasan,G. Prajith"
tt0118884,8,2019-09-09,"Contact","Contact",https://www.imdb.com/title/tt0118884,Movie,7.5,150,1997,"Mystery, Thriller, Sci-Fi, Drama",317639,"1997-07-11","Robert Zemeckis"
tt3128900,7,2019-09-09,"Miss Meadows","Miss Meadows",https://www.imdb.com/title/tt3128900,Movie,5.8,88,2014,"Drama, Thriller, Comedy, Crime, Romance",12331,"2014-11-14","Karen Leigh Hopkins"
tt3741700,9,2019-09-08,"Godzilla: King of the Monsters","Godzilla: King of the Monsters",https://www.imdb.com/title/tt3741700,Movie,6.0,132,2019,"Action, Adventure, Sci-Fi, Fantasy",232812,"2019-05-31","Michael Dougherty"
tt4574334,10,2019-09-08,"Stranger Things","Stranger Things",https://www.imdb.com/title/tt4574334,TV Series,8.6,60,2016,"Drama, Horror, Thriller, Sci-Fi, Mystery, Fantasy",1743321,"2016-07-15",
tt8108198,9,2019-09-07,"Andhadhun","Andhadhun",https://www.imdb.com/title/tt8108198,Movie,8.2,139,2018,"Thriller, Crime, Mystery, Comedy",118511,"2018-10-05","Sriram Raghavan"
tt0338751,9,2019-09-07,"The Aviator","The Aviator",https://www.imdb.com/title/tt0338751,Movie,7.5,170,2004,"Biography, Drama",413653,"2004-12-25","Martin Scorsese"
tt0347304,10,2019-09-06,"Kal Ho Naa Ho","Kal Ho Naa Ho",https://www.imdb.com/title/tt0347304,Movie,7.9,186,2003,"Musical, Drama, Romance, Comedy",82735,"2003-11-28","Nikkhil Advani"
tt7366338,10,2019-09-06,"Chernobyl","Chernobyl",https://www.imdb.com/title/tt7366338,TV Mini Series,9.3,60,2019,"Drama, History, Thriller",1068468,"2019-05-06",
tt0367110,10,2019-09-04,"Swades","Swades: We, the People",https://www.imdb.com/title/tt0367110,Movie,8.2,189,2004,"Musical, Drama",107459,"2004-12-17","Ashutosh Gowariker"
tt6077448,10,2019-09-03,"Sacred Games","Sacred Games",https://www.imdb.com/title/tt6077448,TV Series,8.5,,2018,"Drama, Crime, Action, Thriller, Mystery",99156,"2018-07-06",
tt5113040,9,2019-09-01,"The Secret Life of Pets 2","The Secret Life of Pets 2",https://www.imdb.com/title/tt5113040,Movie,6.4,86,2019,"Animation, Comedy, Family, Adventure",80200,"2019-06-07","Chris Renaud,Jonathan del Val"
tt9828724,9,2019-09-01,"Wise Man's Grandchild","Kenja no Mago",https://www.imdb.com/title/tt9828724,TV Series,6.8,24,2019,"Animation, Action, Comedy, Fantasy, Adventure, Romance",4931,"2019-04-10",
tt7263328,10,2019-08-29,"Classroom of the Elite","Yôkoso jitsuryoku shijô shugi no kyôshitsu e",https://www.imdb.com/title/tt7263328,TV Series,7.7,24,2017,"Animation, Drama, Thriller",27661,"2017-07-12",
tt5857720,10,2019-08-27,"ReLIFE","ReLIFE",https://www.imdb.com/title/tt5857720,TV Series,7.8,24,2016,"Animation, Drama, Romance, Comedy",9636,"2016-07-01",
tt2379308,10,2019-08-21,"Psycho-Pass","Psycho-Pass",https://www.imdb.com/title/tt2379308,TV Series,8.1,25,2012,"Animation, Action, Sci-Fi, Crime, Thriller, Mystery, Drama",26409,"2016-09-15",
tt2230051,9,2019-08-21,"High School DxD","High School DxD",https://www.imdb.com/title/tt2230051,TV Series,7.5,23,2012,"Animation, Action, Comedy, Fantasy, Romance",17943,"2012-01-06",
tt1355642,10,2019-08-21,"Fullmetal Alchemist: Brotherhood","Hagane no renkinjutsushi",https://www.imdb.com/title/tt1355642,TV Series,9.1,24,2009,"Animation, Action, Adventure, Drama, Sci-Fi, Comedy, Fantasy",259222,"2009-04-09",
tt3114390,10,2019-08-21,"Kill La Kill","Kiru ra kiru: KILL la KILL",https://www.imdb.com/title/tt3114390,TV Series,7.8,25,2013,"Animation, Action, Comedy, Drama, Sci-Fi, Fantasy",19972,"2015-02-08",
tt0203082,10,2019-08-21,"Rurouni Kenshin: Trust & Betrayal","Rurôni Kenshin: Meiji kenkaku romantan - Tsuioku-hen",https://www.imdb.com/title/tt0203082,TV Mini Series,8.6,30,1999,"Animation, Adventure, History, Romance, Drama, Action",18299,"2000-08-22",
tt0877057,10,2019-08-21,"Death Note","Death Note: Desu nôto",https://www.imdb.com/title/tt0877057,TV Series,8.9,24,2006,"Animation, Mystery, Crime, Thriller, Fantasy, Drama",501749,"2007-10-20",
tt4574736,10,2019-08-21,"Charlotte","Charlotte",https://www.imdb.com/title/tt4574736,TV Mini Series,7.5,24,2015,"Animation, Drama, Fantasy, Comedy",12404,"2015-07-05",
tt1462758,10,2019-08-15,"Buried","Buried",https://www.imdb.com/title/tt1462758,Movie,6.9,95,2010,"Mystery, Thriller, Drama",177659,"2010-10-15","Rodrigo Cortés"
tt0144084,10,2019-08-15,"American Psycho","American Psycho",https://www.imdb.com/title/tt0144084,Movie,7.6,102,2000,"Crime, Horror, Drama",858825,"2000-04-14","Mary Harron"
tt0840361,10,2019-08-15,"The Town","The Town",https://www.imdb.com/title/tt0840361,Movie,7.5,125,2010,"Drama, Thriller, Crime",454941,"2010-09-17","Ben Affleck"
tt0780504,10,2019-08-14,"Drive","Drive",https://www.imdb.com/title/tt0780504,Movie,7.8,100,2011,"Drama, Action",775576,"2011-09-16","Nicolas Winding Refn"
tt0453467,9,2019-08-13,"Deja Vu","Deja Vu",https://www.imdb.com/title/tt0453467,Movie,7.1,126,2006,"Action, Thriller, Sci-Fi, Crime",348604,"2006-11-22","Tony Scott"
tt0107818,10,2019-08-11,"Philadelphia","Philadelphia",https://www.imdb.com/title/tt0107818,Movie,7.7,125,1993,"Drama",277194,"1994-01-14","Jonathan Demme"
tt1931533,10,2019-08-10,"Seven Psychopaths","Seven Psychopaths",https://www.imdb.com/title/tt1931533,Movie,7.1,110,2012,"Comedy, Crime, Drama, Thriller",291025,"2012-10-12","Martin McDonagh"
tt0120689,10,2019-08-10,"The Green Mile","The Green Mile",https://www.imdb.com/title/tt0120689,Movie,8.6,189,1999,"Crime, Fantasy, Mystery, Drama",1588933,"1999-12-10","Frank Darabont"
tt0099088,10,2019-08-07,"Back to the Future Part III","Back to the Future Part III",https://www.imdb.com/title/tt0099088,Movie,7.5,118,1990,"Adventure, Sci-Fi, Comedy, Western",527263,"1990-05-25","Robert Zemeckis"
tt0173840,10,2019-08-02,"Final Fantasy: The Spirits Within","Final Fantasy: The Spirits Within",https://www.imdb.com/title/tt0173840,Movie,6.4,106,2001,"Animation, Romance, Sci-Fi, Adventure, Action, Fantasy",86841,"2001-07-13","Hironobu Sakaguchi,Motonori Sakakibara"
tt0139654,10,2019-07-31,"Training Day","Training Day",https://www.imdb.com/title/tt0139654,Movie,7.8,122,2001,"Crime, Drama, Thriller",526741,"2001-10-05","Antoine Fuqua"
tt0206634,9,2019-07-28,"Children of Men","Children of Men",https://www.imdb.com/title/tt0206634,Movie,7.9,109,2006,"Thriller, Drama, Sci-Fi",572868,"2007-01-05","Alfonso Cuarón"
tt0096874,10,2019-07-27,"Back to the Future Part II","Back to the Future Part II",https://www.imdb.com/title/tt0096874,Movie,7.8,108,1989,"Adventure, Sci-Fi, Comedy",630544,"1989-11-22","Robert Zemeckis"
tt3799694,9,2019-07-27,"The Nice Guys","The Nice Guys",https://www.imdb.com/title/tt3799694,Movie,7.4,116,2016,"Thriller, Crime, Comedy, Action, Mystery",425811,"2016-05-20","Shane Black"
tt6966692,10,2019-07-25,"Green Book","Green Book",https://www.imdb.com/title/tt6966692,Movie,8.2,130,2018,"Drama, Biography, Comedy, Music",706223,"2018-11-16","Peter Farrelly"
tt0167261,10,2019-07-25,"The Lord of the Rings: The Two Towers","The Lord of the Rings: The Two Towers",https://www.imdb.com/title/tt0167261,Movie,8.8,179,2002,"Drama, Adventure, Fantasy",1987838,"2002-12-18","Peter Jackson"
tt1569923,10,2019-07-25,"Batman: Under the Red Hood","Batman: Under the Red Hood",https://www.imdb.com/title/tt1569923,Video,8.0,75,2010,"Animation, Action, Crime, Thriller, Sci-Fi, Drama, Mystery",75620,"2010-07-27","Brandon Vietti"
tt5001718,8,2019-07-25,"Everything, Everything","Everything, Everything",https://www.imdb.com/title/tt5001718,Movie,6.3,96,2017,"Drama, Romance",45283,"2017-05-19","Stella Meghie"
tt0480255,9,2019-07-25,"The Losers","The Losers",https://www.imdb.com/title/tt0480255,Movie,6.2,97,2010,"Action, Crime, Mystery, Thriller, Adventure, Comedy",112865,"2010-04-23","Sylvain White"
tt2070649,10,2019-07-22,"Silenced","Do-ga-ni",https://www.imdb.com/title/tt2070649,Movie,8.0,125,2011,"Drama, Thriller, Crime",28481,"2016-11-30","Hwang Dong-hyuk"
tt3861390,8,2019-07-21,"Dumbo","Dumbo",https://www.imdb.com/title/tt3861390,Movie,6.2,112,2019,"Family, Fantasy, Adventure",89425,"2019-03-29","Tim Burton"
tt0428870,10,2019-07-21,"A Moment to Remember","Nae meorisokui jiwoogae",https://www.imdb.com/title/tt0428870,Movie,8.1,117,2004,"Drama, Romance",27591,"2004-11-05","Park Kyung-Jin,John H. Lee,Kim Tae-won"
tt6146586,9,2019-07-21,"John Wick: Chapter 3 - Parabellum","John Wick: Chapter 3 - Parabellum",https://www.imdb.com/title/tt6146586,Movie,7.4,130,2019,"Action, Thriller, Crime",489218,"2019-05-17","Chad Stahelski"
tt0472219,10,2019-07-20,"The Batman vs. Dracula","The Batman vs. Dracula",https://www.imdb.com/title/tt0472219,Video,6.6,83,2005,"Animation, Action, Horror, Thriller",12789,"2005-10-18","Tae Ho Han,Sam Liu,Sang Il Sim,Michael Goguen"
tt0233298,9,2019-07-20,"Batman Beyond: Return of the Joker","Batman Beyond: Return of the Joker",https://www.imdb.com/title/tt0233298,Video,7.7,76,2000,"Animation, Thriller, Crime, Sci-Fi, Action",32832,"2000-12-12","Curt Geda"
tt0346578,10,2019-07-20,"Batman: Mystery of the Batwoman","Batman: Mystery of the Batwoman",https://www.imdb.com/title/tt0346578,Video,6.6,75,2003,"Animation, Crime, Thriller, Drama, Romance, Mystery, Action",15867,"2003-10-21","Jennifer Graves,Tim Maltby,Curt Geda"
tt0106364,9,2019-07-17,"Batman: Mask of the Phantasm","Batman: Mask of the Phantasm",https://www.imdb.com/title/tt0106364,Movie,7.8,76,1993,"Animation, Adventure, Sci-Fi, Mystery, Crime, Family, Action",65191,"1993-12-25","Kevin Altieri,Boyd Kirkland,Frank Paur,Dan Riba,Eric Radomski,Bruce Timm"
tt0143127,9,2019-07-17,"Batman & Mr. Freeze: SubZero","Batman & Mr. Freeze: SubZero",https://www.imdb.com/title/tt0143127,Video,7.1,70,1998,"Animation, Crime, Drama, Sci-Fi, Thriller, Action",20431,"1998-03-17","Boyd Kirkland"
tt3431758,9,2019-07-11,"No Game, No Life","No Game, No Life",https://www.imdb.com/title/tt3431758,TV Series,7.5,,2014,"Animation, Adventure, Fantasy, Comedy",22767,"2014-04-09",
tt5607616,8,2019-07-11,"Re: Zero - Starting Life in Another World","Re:Zero kara Hajimeru Isekai Seikatsu",https://www.imdb.com/title/tt5607616,TV Series,8.3,24,2016,"Animation, Fantasy, Adventure, Drama, Mystery, Romance, Thriller, Horror",98139,"2016-04-03",
tt2274648,8,2019-07-11,"Hellboy","Hellboy",https://www.imdb.com/title/tt2274648,Movie,5.3,120,2019,"Action, Adventure, Fantasy, Sci-Fi, Horror, Thriller",108581,"2019-04-12","Neil Marshall"
tt3766354,9,2019-07-07,"The Equalizer 2","The Equalizer 2",https://www.imdb.com/title/tt3766354,Movie,6.7,121,2018,"Action, Crime, Thriller, Mystery",233956,"2018-07-20","Antoine Fuqua"
tt0472033,10,2019-07-07,"9","9",https://www.imdb.com/title/tt0472033,Movie,7.0,79,2009,"Animation, Adventure, Sci-Fi, Action, Drama, Thriller, Fantasy",158841,"2009-09-09","Shane Acker"
tt0088763,10,2019-07-07,"Back to the Future","Back to the Future",https://www.imdb.com/title/tt0088763,Movie,8.5,116,1985,"Comedy, Sci-Fi, Adventure",1479329,"1985-07-03","Robert Zemeckis"
tt9529546,9,2019-07-02,"The Rising of the Shield Hero","Tate no Yuusha no Nariagari",https://www.imdb.com/title/tt9529546,TV Series,7.6,24,2019,"Animation, Action, Adventure, Fantasy, Comedy, Drama, Romance",24729,"2019-01-09",
tt0289181,10,2019-06-27,"Failan","Failan",https://www.imdb.com/title/tt0289181,Movie,7.5,115,2001,"Romance, Drama",6624,"2001-04-28","Song Hae-sung"
tt0164912,10,2019-06-26,"Stuart Little","Stuart Little",https://www.imdb.com/title/tt0164912,Movie,6.0,84,1999,"Family, Comedy, Adventure, Fantasy",162501,"1999-12-17","Rob Minkoff"
tt0421073,8,2019-06-26,"Street Kings","Street Kings",https://www.imdb.com/title/tt0421073,Movie,6.8,109,2008,"Thriller, Crime, Action",130871,"2008-04-11","David Ayer"
tt2527336,10,2019-06-22,"Star Wars: Episode VIII - The Last Jedi","Star Wars: Episode VIII - The Last Jedi",https://www.imdb.com/title/tt2527336,Movie,6.8,152,2017,"Sci-Fi, Action, Adventure, Fantasy",728076,"2017-12-15","Rian Johnson"
tt10081972,10,2019-06-21,"Dororo: The story of Nui","Dororo: The story of Nui",https://www.imdb.com/title/tt10081972,TV Episode,8.7,25,2019,"Animation, Action, Adventure, Fantasy, Horror",820,"2019-06-10","Kazuhiro Furuhashi,Teruyuki Ômine"
tt0455944,10,2019-06-20,"The Equalizer","The Equalizer",https://www.imdb.com/title/tt0455944,Movie,7.3,132,2014,"Thriller, Action, Crime",473222,"2014-09-26","Antoine Fuqua"
tt2488496,9,2019-06-15,"Star Wars: Episode VII - The Force Awakens","Star Wars: Episode VII - The Force Awakens",https://www.imdb.com/title/tt2488496,Movie,7.7,138,2015,"Sci-Fi, Action, Adventure",1036524,"2015-12-18","J.J. Abrams"
tt7401588,10,2019-06-13,"Instant Family","Instant Family",https://www.imdb.com/title/tt7401588,Movie,7.3,118,2018,"Comedy, Drama",137812,"2018-11-16","Sean Anders"
tt0080684,10,2019-06-11,"Star Wars: Episode V - The Empire Strikes Back","Star Wars: Episode V - The Empire Strikes Back",https://www.imdb.com/title/tt0080684,Movie,8.7,124,1980,"Fantasy, Sci-Fi, Adventure",1526673,"1980-06-18","Irvin Kershner"
tt0121766,10,2019-06-10,"Star Wars: Episode III - Revenge of the Sith","Star Wars: Episode III - Revenge of the Sith",https://www.imdb.com/title/tt0121766,Movie,7.7,140,2005,"Fantasy, Adventure, Sci-Fi, Action",935431,"2005-05-19","George Lucas"
tt0076759,10,2019-06-10,"Star Wars: Episode IV - A New Hope","Star Wars",https://www.imdb.com/title/tt0076759,Movie,8.6,121,1977,"Action, Sci-Fi, Adventure, Fantasy",1591615,"1977-05-25","George Lucas"
tt10449388,5,2019-06-09,"Abar boshonto","Abar boshonto",https://www.imdb.com/title/tt10449388,Movie,7.7,165,2019,"Family",21,"2019-06-05","Anonno Mamun"
tt0489099,9,2019-06-09,"Jumper","Jumper",https://www.imdb.com/title/tt0489099,Movie,6.1,88,2008,"Adventure, Sci-Fi, Thriller, Action",340153,"2008-02-14","Doug Liman"
tt0121765,9,2019-06-09,"Star Wars: Episode II - Attack of the Clones","Star Wars: Episode II - Attack of the Clones",https://www.imdb.com/title/tt0121765,Movie,6.6,142,2002,"Fantasy, Sci-Fi, Adventure, Action",832697,"2002-05-16","George Lucas"
tt0120915,10,2019-06-08,"Star Wars: Episode I - The Phantom Menace","Star Wars: Episode I - The Phantom Menace",https://www.imdb.com/title/tt0120915,Movie,6.5,136,1999,"Fantasy, Sci-Fi, Adventure, Action",940287,"1999-05-19","George Lucas"
tt0405159,10,2019-06-07,"Million Dollar Baby","Million Dollar Baby",https://www.imdb.com/title/tt0405159,Movie,8.1,132,2004,"Drama, Sport",774668,"2005-01-28","Clint Eastwood"
tt0115956,10,2019-06-06,"Courage Under Fire","Courage Under Fire",https://www.imdb.com/title/tt0115956,Movie,6.6,116,1996,"Drama, Thriller, Action, War, Mystery",64342,"1996-07-12","Edward Zwick"
tt0110322,8,2019-06-04,"Legends of the Fall","Legends of the Fall",https://www.imdb.com/title/tt0110322,Movie,7.5,133,1994,"War, Romance, Drama, Western",202453,"1995-01-13","Edward Zwick"
tt0345591,10,2019-06-02,"Love Comes Softly","Love Comes Softly",https://www.imdb.com/title/tt0345591,TV Movie,7.3,88,2003,"Drama, Family, Romance, Western",7898,"2003-04-13","Michael Landon Jr."
tt2140479,10,2019-06-02,"The Accountant","The Accountant",https://www.imdb.com/title/tt2140479,Movie,7.3,128,2016,"Thriller, Action, Crime, Drama",403838,"2016-10-14","Gavin O'Connor"
tt6513120,9,2019-05-31,"Fighting with My Family","Fighting with My Family",https://www.imdb.com/title/tt6513120,Movie,7.0,108,2019,"Comedy, Biography, Drama, Sport",94392,"2019-02-22","Stephen Merchant"
tt0244244,10,2019-05-31,"Swordfish","Swordfish",https://www.imdb.com/title/tt0244244,Movie,6.5,99,2001,"Crime, Thriller, Action",204776,"2001-06-08","Dominic Sena"
tt0395169,10,2019-05-30,"Hotel Rwanda","Hotel Rwanda",https://www.imdb.com/title/tt0395169,Movie,8.1,121,2004,"Drama, War, History, Biography",395262,"2005-02-04","Terry George"
tt0311429,10,2019-05-18,"The League of Extraordinary Gentlemen","The League of Extraordinary Gentlemen",https://www.imdb.com/title/tt0311429,Movie,5.8,110,2003,"Fantasy, Adventure, Sci-Fi, Action",193500,"2003-07-11","Stephen Norrington"
tt1631867,10,2019-05-11,"Edge of Tomorrow","Edge of Tomorrow",https://www.imdb.com/title/tt1631867,Movie,7.9,113,2014,"Action, Sci-Fi, Adventure",817432,"2014-06-06","Doug Liman"
tt6644200,10,2019-05-11,"A Quiet Place","A Quiet Place",https://www.imdb.com/title/tt6644200,Movie,7.5,90,2018,"Drama, Horror, Sci-Fi",670604,"2018-04-06","John Krasinski"
tt0448115,9,2019-05-10,"Shazam!","Shazam!",https://www.imdb.com/title/tt0448115,Movie,7.0,132,2019,"Fantasy, Action, Adventure, Comedy",419116,"2019-04-05","David F. Sandberg"
tt0327554,10,2019-05-09,"Catwoman","Catwoman",https://www.imdb.com/title/tt0327554,Movie,3.5,104,2004,"Crime, Fantasy, Action",133757,"2004-07-23","Pitof"
tt0285742,9,2019-05-09,"Monster's Ball","Monster's Ball",https://www.imdb.com/title/tt0285742,Movie,7.0,111,2001,"Romance, Drama",98023,"2002-03-01","Marc Forster"
tt0955308,9,2019-05-08,"Robin Hood","Robin Hood",https://www.imdb.com/title/tt0955308,Movie,6.6,140,2010,"Drama, Action, History, Adventure",299187,"2010-05-14","Ridley Scott"
tt0169547,9,2019-05-07,"American Beauty","American Beauty",https://www.imdb.com/title/tt0169547,Movie,8.3,122,1999,"Drama",1289679,"1999-10-01","Sam Mendes"
tt0910970,10,2019-05-07,"WALL·E","WALL·E",https://www.imdb.com/title/tt0910970,Movie,8.4,98,2008,"Animation, Sci-Fi, Adventure, Family",1344291,"2008-06-27","Andrew Stanton"
tt0082971,10,2019-05-07,"Raiders of the Lost Ark","Raiders of the Lost Ark",https://www.imdb.com/title/tt0082971,Movie,8.4,115,1981,"Adventure",1122416,"1981-06-12","Steven Spielberg"
tt0245429,10,2019-05-07,"Spirited Away","Sen to Chihiro no kamikakushi",https://www.imdb.com/title/tt0245429,Movie,8.6,124,2001,"Animation, Family, Adventure, Fantasy",987338,"2003-03-28","Hayao Miyazaki"
tt0114369,10,2019-05-07,"Seven","Se7en",https://www.imdb.com/title/tt0114369,Movie,8.6,127,1995,"Mystery, Drama, Crime, Thriller",2064685,"1995-09-22","David Fincher"
tt0120737,10,2019-05-07,"The Lord of the Rings: The Fellowship of the Ring","The Lord of the Rings: The Fellowship of the Ring",https://www.imdb.com/title/tt0120737,Movie,8.9,178,2001,"Drama, Adventure, Fantasy",2241557,"2001-12-19","Peter Jackson"
tt0071562,10,2019-05-07,"The Godfather Part II","The Godfather Part II",https://www.imdb.com/title/tt0071562,Movie,9.0,202,1974,"Crime, Drama",1516563,"1974-12-18","Francis Ford Coppola"
tt2737304,10,2019-05-06,"Bird Box","Bird Box",https://www.imdb.com/title/tt2737304,Movie,6.6,124,2018,"Horror, Mystery, Sci-Fi",428210,"2018-12-21","Susanne Bier"
tt0098635,10,2019-05-01,"When Harry Met Sally...","When Harry Met Sally...",https://www.imdb.com/title/tt0098635,Movie,7.7,95,1989,"Drama, Romance, Comedy",275853,"1989-07-21","Rob Reiner"
tt0112461,9,2019-05-01,"The Basketball Diaries","The Basketball Diaries",https://www.imdb.com/title/tt0112461,Movie,7.3,102,1995,"Biography, Crime, Sport, Drama",134701,"1995-04-21","Scott Kalvert"
tt0365376,9,2019-05-01,"A Tale of Two Sisters","Janghwa, Hongryeon",https://www.imdb.com/title/tt0365376,Movie,7.1,114,2003,"Horror, Drama, Thriller, Mystery",75390,"2003-06-13","Kim Jee-woon"
tt1028532,10,2019-05-01,"Hachi: A Dog's Tale","Hachi: A Dog's Tale",https://www.imdb.com/title/tt1028532,Movie,8.1,93,2009,"Drama, Family, Biography",349073,"2010-03-12","Lasse Hallström"
tt5052448,10,2019-05-01,"Get Out","Get Out",https://www.imdb.com/title/tt5052448,Movie,7.8,104,2017,"Horror, Mystery, Thriller",839955,"2017-02-24","Jordan Peele"
tt1213641,8,2019-04-26,"First Man","First Man",https://www.imdb.com/title/tt1213641,Movie,7.3,141,2018,"Drama, Biography, History",219945,"2018-10-12","Damien Chazelle"
tt1300854,9,2019-04-26,"Iron Man 3","Iron Man Three",https://www.imdb.com/title/tt1300854,Movie,7.1,130,2013,"Action, Adventure",986205,"2013-05-03","Shane Black"
tt0371746,10,2019-04-26,"Iron Man","Iron Man",https://www.imdb.com/title/tt0371746,Movie,7.9,126,2008,"Action, Sci-Fi, Adventure",1252855,"2008-05-02","Jon Favreau"
tt4154796,10,2019-04-26,"Avengers: Endgame","Avengers: Endgame",https://www.imdb.com/title/tt4154796,Movie,8.4,181,2019,"Action, Adventure, Sci-Fi",1494794,"2019-04-26","Anthony Russo,Joe Russo"
tt0469494,10,2019-04-09,"There Will Be Blood","There Will Be Blood",https://www.imdb.com/title/tt0469494,Movie,8.2,158,2007,"Drama",720661,"2008-01-25","Paul Thomas Anderson"
tt1130884,10,2019-03-28,"Shutter Island","Shutter Island",https://www.imdb.com/title/tt1130884,Movie,8.2,138,2010,"Thriller, Mystery",1688292,"2010-02-19","Martin Scorsese"
tt0468704,10,2019-03-25,"Daisy","Deiji",https://www.imdb.com/title/tt0468704,Movie,7.4,110,2006,"Romance, Drama, Action, Adventure",7019,"2006-03-09","Wai Keung Lau"
tt9458304,10,2019-03-23,"Dororo","Dororo",https://www.imdb.com/title/tt9458304,TV Series,8.2,30,2019,"Animation, Action, Adventure, Fantasy, Horror",31146,"2019-01-06",
tt0437086,10,2019-03-19,"Alita: Battle Angel","Alita: Battle Angel",https://www.imdb.com/title/tt0437086,Movie,7.3,122,2019,"Sci-Fi, Action, Thriller, Adventure",327763,"2019-02-14","Robert Rodriguez"
tt1621830,10,2019-03-19,"Monpura","Monpura",https://www.imdb.com/title/tt1621830,Movie,8.7,136,2009,"Musical, Romance, Crime, Drama",10067,"2009-12-21","Md. Hafizur Rahman,Giasuddin Selim"
tt0145487,10,2019-03-19,"Spider-Man","Spider-Man",https://www.imdb.com/title/tt0145487,Movie,7.4,121,2002,"Adventure, Sci-Fi, Action",999525,"2002-05-03","Sam Raimi"
tt0316654,10,2019-03-19,"Spider-Man 2","Spider-Man 2",https://www.imdb.com/title/tt0316654,Movie,7.5,127,2004,"Sci-Fi, Adventure, Action",810405,"2004-06-30","Sam Raimi"
tt0490086,9,2019-03-19,"Big Stan","Big Stan",https://www.imdb.com/title/tt0490086,Movie,6.2,105,2007,"Comedy, Action",53586,"2008-06-06","Rob Schneider"
tt1727824,10,2019-03-16,"Bohemian Rhapsody","Bohemian Rhapsody",https://www.imdb.com/title/tt1727824,Movie,7.9,134,2018,"Biography, Drama, Music",655470,"2018-11-02","Bryan Singer"
tt4859168,10,2019-03-16,"Then Came You","Then Came You",https://www.imdb.com/title/tt4859168,Movie,6.9,97,2018,"Drama, Comedy, Romance",15019,"2019-02-01","Peter Hutchings"
tt1675434,9,2019-03-16,"The Intouchables","Intouchables",https://www.imdb.com/title/tt1675434,Movie,8.5,112,2011,"Comedy, Drama",1044266,"2011-11-02","Olivier Nakache,Éric Toledano"
tt7838252,10,2019-03-15,"K.G.F: Chapter 1","K.G.F: Chapter 1",https://www.imdb.com/title/tt7838252,Movie,8.1,154,2018,"Action, Drama, Crime, Thriller",114263,"2018-12-20","Prashanth Neel"
tt2597126,10,2019-03-13,"Bojhena Shey Bojhena","Bojhena Shey Bojhena",https://www.imdb.com/title/tt2597126,Movie,7.8,145,2012,"Drama, Romance, Comedy",3199,"2012-12-28","Raj Chakraborty"
tt0286788,10,2019-03-11,"What a Girl Wants","What a Girl Wants",https://www.imdb.com/title/tt0286788,Movie,5.8,105,2003,"Drama, Family, Romance, Comedy",72002,"2003-04-04","Dennie Gordon"
tt1125849,10,2019-03-01,"The Wrestler","The Wrestler",https://www.imdb.com/title/tt1125849,Movie,7.9,109,2008,"Drama, Sport",332961,"2009-01-30","Darren Aronofsky"
tt1490017,10,2019-03-01,"The Lego Movie","The LEGO Movie",https://www.imdb.com/title/tt1490017,Movie,7.7,100,2014,"Animation, Comedy, Family, Adventure, Fantasy, Sci-Fi, Action",421917,"2014-02-07","Phil Lord,Christopher Miller"
tt1591095,10,2019-03-01,"Insidious","Insidious",https://www.imdb.com/title/tt1591095,Movie,6.8,103,2010,"Horror, Mystery, Thriller",374307,"2011-04-01","James Wan"
tt1457767,10,2019-03-01,"The Conjuring","The Conjuring",https://www.imdb.com/title/tt1457767,Movie,7.5,112,2013,"Horror, Mystery, Thriller",634170,"2013-07-19","James Wan"
tt2820852,8,2019-03-01,"Furious 7","Fast & Furious 7",https://www.imdb.com/title/tt2820852,Movie,7.1,137,2015,"Action, Thriller, Adventure",445530,"2015-04-03","James Wan"
tt3065204,10,2019-03-01,"The Conjuring 2","The Conjuring 2",https://www.imdb.com/title/tt3065204,Movie,7.3,134,2016,"Horror, Mystery, Thriller",350000,"2016-06-10","James Wan"
tt0328107,10,2019-02-27,"Man on Fire","Man on Fire",https://www.imdb.com/title/tt0328107,Movie,7.7,146,2004,"Thriller, Drama, Crime, Action",426998,"2004-04-23","Tony Scott"
tt4633694,10,2019-02-27,"Spider-Man: Into the Spider-Verse","Spider-Man: Into the Spider-Verse",https://www.imdb.com/title/tt4633694,Movie,8.4,117,2018,"Animation, Action, Sci-Fi, Adventure, Family, Fantasy",819068,"2018-12-14","Bob Persichetti,Peter Ramsey,Rodney Rothman"
tt3358020,10,2019-02-27,"Parasyte: The Maxim","Kiseijû: Sei no kakuritsu",https://www.imdb.com/title/tt3358020,TV Series,8.2,22,2014,"Animation, Horror, Sci-Fi, Action, Thriller, Drama",65547,"2016-12-31",
tt2709692,9,2019-02-20,"The Grinch","The Grinch",https://www.imdb.com/title/tt2709692,Movie,6.4,86,2018,"Animation, Family, Fantasy, Comedy",115758,"2018-11-09","Yarrow Cheney,Scott Mosier"
tt0825232,10,2019-02-20,"The Bucket List","The Bucket List",https://www.imdb.com/title/tt0825232,Movie,7.3,97,2007,"Comedy, Drama, Adventure",275470,"2008-01-11","Rob Reiner"
tt3909224,10,2019-02-13,"The Seven Deadly Sins","Nanatsu no taizai",https://www.imdb.com/title/tt3909224,TV Series,7.6,24,2014,"Animation, Action, Adventure, Fantasy, Comedy, Romance",47992,"2015-11-01",
tt0097239,9,2019-02-07,"Driving Miss Daisy","Driving Miss Daisy",https://www.imdb.com/title/tt0097239,Movie,7.3,99,1989,"Comedy, Drama",124825,"1990-01-26","Bruce Beresford"
tt0108358,10,2019-01-31,"Tombstone","Tombstone",https://www.imdb.com/title/tt0108358,Movie,7.8,130,1993,"History, Biography, Drama, Western",195772,"1993-12-25","George P. Cosmatos"
tt0450259,10,2019-01-30,"Blood Diamond","Blood Diamond",https://www.imdb.com/title/tt0450259,Movie,8.0,143,2006,"Drama, Adventure, Thriller",632210,"2006-12-08","Edward Zwick"
tt0172495,10,2019-01-30,"Gladiator","Gladiator",https://www.imdb.com/title/tt0172495,Movie,8.5,155,2000,"Action, Adventure, Drama",1885870,"2000-05-05","Ridley Scott"
tt3464902,9,2019-01-26,"The Lobster","The Lobster",https://www.imdb.com/title/tt3464902,Movie,7.1,119,2015,"Romance, Sci-Fi, Drama, Thriller",338659,"2015-10-16","Yorgos Lanthimos"
tt0319061,10,2019-01-24,"Big Fish","Big Fish",https://www.imdb.com/title/tt0319061,Movie,7.9,125,2003,"Fantasy, Adventure, Romance, Drama",480517,"2004-01-09","Tim Burton"
tt0167404,10,2019-01-23,"The Sixth Sense","The Sixth Sense",https://www.imdb.com/title/tt0167404,Movie,8.2,107,1999,"Mystery, Drama, Thriller",1166999,"1999-08-06","M. Night Shyamalan"
tt7190460,8,2019-01-17,"Thupparivaalan","Thupparivaalan",https://www.imdb.com/title/tt7190460,Movie,7.6,151,2017,"Thriller, Action, Crime",6287,"2017-09-13","Mysskin"
tt0208092,10,2019-01-16,"Snatch","Snatch",https://www.imdb.com/title/tt0208092,Movie,8.2,102,2000,"Comedy, Crime",987213,"2001-01-19","Guy Ritchie"
tt0814314,10,2019-01-12,"Seven Pounds","Seven Pounds",https://www.imdb.com/title/tt0814314,Movie,7.6,123,2008,"Drama, Mystery, Thriller",328397,"2008-12-19","Gabriele Muccino"
tt3460252,10,2019-01-10,"The Hateful Eight","The Hateful Eight",https://www.imdb.com/title/tt3460252,Movie,7.8,168,2015,"Western, Drama, Thriller, Mystery, Crime",732307,"2015-12-30","Quentin Tarantino"
tt0339291,10,2019-01-09,"A Series of Unfortunate Events","A Series of Unfortunate Events",https://www.imdb.com/title/tt0339291,Movie,6.8,108,2004,"Fantasy, Family, Comedy, Adventure",233222,"2004-12-17","Brad Silberling"
tt0116282,8,2019-01-07,"Fargo","Fargo",https://www.imdb.com/title/tt0116282,Movie,8.1,98,1996,"Drama, Thriller, Crime",798998,"1996-04-05","Joel Coen,Ethan Coen"
tt0435623,8,2019-01-06,"Conversations with Other Women","Conversations with Other Women",https://www.imdb.com/title/tt0435623,Movie,6.9,84,2005,"Comedy, Drama, Romance",13628,"2007-05-18","Hans Canosa"
tt0327056,10,2019-01-06,"Mystic River","Mystic River",https://www.imdb.com/title/tt0327056,Movie,7.9,138,2003,"Crime, Mystery, Thriller, Drama",532929,"2003-10-15","Clint Eastwood"
tt0910936,9,2019-01-05,"Pineapple Express","Pineapple Express",https://www.imdb.com/title/tt0910936,Movie,6.9,112,2008,"Comedy, Crime, Action",375793,"2008-08-06","David Gordon Green"
tt1403865,10,2019-01-03,"True Grit","True Grit",https://www.imdb.com/title/tt1403865,Movie,7.6,110,2010,"Drama, Western",379688,"2010-12-22","Ethan Coen,Joel Coen"
tt0391304,10,2019-01-03,"A Lot Like Love","A Lot Like Love",https://www.imdb.com/title/tt0391304,Movie,6.6,107,2005,"Comedy, Drama, Romance",73943,"2005-04-22","Nigel Cole"
tt2267998,10,2019-01-01,"Gone Girl","Gone Girl",https://www.imdb.com/title/tt2267998,Movie,8.1,149,2014,"Thriller, Drama, Mystery",1190284,"2014-10-03","David Fincher"
tt0829482,9,2019-01-01,"Superbad","Superbad",https://www.imdb.com/title/tt0829482,Movie,7.6,113,2007,"Comedy",705137,"2007-08-17","Greg Mottola"
tt0107808,10,2019-01-01,"A Perfect World","A Perfect World",https://www.imdb.com/title/tt0107808,Movie,7.5,138,1993,"Crime, Thriller, Drama",94921,"1993-11-24","Clint Eastwood"
tt0105236,10,2018-12-24,"Reservoir Dogs","Reservoir Dogs",https://www.imdb.com/title/tt0105236,Movie,8.2,99,1992,"Crime, Thriller",1183491,"1992-09-02","Quentin Tarantino"
tt2024544,10,2018-12-24,"12 Years a Slave","12 Years a Slave",https://www.imdb.com/title/tt2024544,Movie,8.1,134,2013,"Drama, History, Biography",795833,"2013-11-08","Steve McQueen"
tt1491044,10,2018-12-13,"The Iceman","The Iceman",https://www.imdb.com/title/tt1491044,Movie,6.8,106,2012,"Drama, Crime, Biography, Thriller, Mystery",84490,"2013-05-02","Ariel Vromen"
tt2390361,8,2018-11-20,"Enough Said","Enough Said",https://www.imdb.com/title/tt2390361,Movie,7.0,93,2013,"Comedy, Drama, Romance",70782,"2013-10-11","Nicole Holofcener"
tt0491703,7,2018-11-11,"Ultimate Avengers: The Movie","Ultimate Avengers",https://www.imdb.com/title/tt0491703,Video,6.6,72,2006,"Animation, Adventure, Action, Sci-Fi",13746,"2006-02-21","Bob Richardson,Curt Geda,Steven E. Gordon"
tt5626028,10,2018-11-09,"My Hero Academia","Boku no Hîrô Akademia",https://www.imdb.com/title/tt5626028,TV Series,8.2,24,2016,"Animation, Action, Sci-Fi, Adventure",127818,"2018-05-05",
tt0117666,10,2018-11-02,"Sling Blade","Sling Blade",https://www.imdb.com/title/tt0117666,Movie,8.0,135,1996,"Drama",104928,"1997-03-14","Billy Bob Thornton"
tt0105695,10,2018-10-28,"Unforgiven","Unforgiven",https://www.imdb.com/title/tt0105695,Movie,8.2,130,1992,"Drama, Western",473450,"1992-08-07","Clint Eastwood"
tt0277027,10,2018-10-27,"I Am Sam","I Am Sam",https://www.imdb.com/title/tt0277027,Movie,7.6,132,2001,"Drama",163766,"2002-01-25","Jessie Nelson"
tt7523010,9,2018-10-20,"Koode","Koode",https://www.imdb.com/title/tt7523010,Movie,7.6,155,2018,"Drama, Fantasy",3210,"2018-07-14","Anjali Menon"
tt0120382,10,2018-10-18,"The Truman Show","The Truman Show",https://www.imdb.com/title/tt0120382,Movie,8.2,103,1998,"Comedy, Drama",1410263,"1998-06-05","Peter Weir"
tt0251127,10,2018-10-18,"How to Lose a Guy in 10 Days","How to Lose a Guy in 10 Days",https://www.imdb.com/title/tt0251127,Movie,6.6,116,2003,"Romance, Comedy",331779,"2003-02-07","Donald Petrie"
tt1270797,9,2018-10-17,"Venom","Venom",https://www.imdb.com/title/tt1270797,Movie,6.6,112,2018,"Action, Sci-Fi, Adventure",618469,"2018-10-05","Ruben Fleischer"
tt0436339,8,2018-10-17,"G-Force","G-Force",https://www.imdb.com/title/tt0436339,Movie,5.1,88,2009,"Animation, Action, Adventure, Fantasy, Family, Comedy, Sci-Fi",54137,"2009-07-24","Hoyt Yeatman"
tt0489237,9,2018-10-06,"The Nanny Diaries","The Nanny Diaries",https://www.imdb.com/title/tt0489237,Movie,6.2,105,2007,"Comedy, Drama, Romance",68336,"2007-08-24","Shari Springer Berman,Robert Pulcini"
tt7167658,10,2018-09-22,"The Death of Superman","The Death of Superman",https://www.imdb.com/title/tt7167658,Video,7.3,81,2018,"Animation, Action, Sci-Fi, Fantasy",22772,"2018-07-24","Jake Castorena,Sam Liu"
tt0289879,10,2018-09-21,"The Butterfly Effect","The Butterfly Effect",https://www.imdb.com/title/tt0289879,Movie,7.6,113,2004,"Sci-Fi, Drama, Thriller",561480,"2004-01-23","Eric Bress,J. Mackye Gruber"
tt2166834,10,2018-09-21,"Batman: The Dark Knight Returns, Part 2","Batman: The Dark Knight Returns, Part 2",https://www.imdb.com/title/tt2166834,Video,8.3,76,2013,"Animation, Action, Crime, Thriller, Sci-Fi, Drama, Mystery",62542,"2013-01-29","Jay Oliva"
tt2313197,10,2018-09-21,"Batman: The Dark Knight Returns, Part 1","Batman: The Dark Knight Returns, Part 1",https://www.imdb.com/title/tt2313197,Video,7.9,76,2012,"Animation, Action, Crime, Drama, Thriller, Sci-Fi, Mystery",68757,"2012-09-25","Jay Oliva"
tt6987770,7,2018-09-21,"Destination Wedding","Destination Wedding",https://www.imdb.com/title/tt6987770,Movie,6.0,87,2018,"Comedy, Drama, Romance",37040,"2018-09-07","Victor Levin"
tt2397535,10,2018-09-18,"Predestination","Predestination",https://www.imdb.com/title/tt2397535,Movie,7.4,97,2014,"Sci-Fi, Thriller, Drama, Action",341349,"2015-01-09","Michael Spierig,Peter Spierig"
tt5580036,10,2018-09-15,"I, Tonya","I, Tonya",https://www.imdb.com/title/tt5580036,Movie,7.5,119,2017,"Biography, Drama, Sport, Comedy",264193,"2018-01-19","Craig Gillespie"
tt5996836,10,2018-09-14,"The Great Father","The Great Father",https://www.imdb.com/title/tt5996836,Movie,6.8,151,2017,"Thriller, Crime, Mystery, Action, Drama",8244,"2017-03-30","Haneef Adeni"
tt6499752,9,2018-09-13,"Upgrade","Upgrade",https://www.imdb.com/title/tt6499752,Movie,7.5,100,2018,"Sci-Fi, Thriller, Action",238893,"2018-06-01","Leigh Whannell"
tt1563742,8,2018-09-13,"Overboard","Overboard",https://www.imdb.com/title/tt1563742,Movie,6.0,112,2018,"Comedy, Romance",45651,"2018-05-04","Rob Greenberg"
tt0353969,10,2018-09-11,"Memories of Murder","Salinui chueok",https://www.imdb.com/title/tt0353969,Movie,8.1,131,2003,"Mystery, Crime, Drama, Thriller",276273,"2003-05-02","Bong Joon Ho"
tt0475711,10,2018-09-10,"Sad Movie","Saedeu mubi",https://www.imdb.com/title/tt0475711,Movie,7.2,108,2005,"Romance, Drama, Comedy",3590,"2005-10-21","Kwon Jong-kwan"
tt4555426,9,2018-09-07,"Darkest Hour","Darkest Hour",https://www.imdb.com/title/tt4555426,Movie,7.4,125,2017,"Drama, War, Biography, History",246241,"2017-12-22","Joe Wright"
tt4103724,9,2018-09-06,"Forever My Girl","Forever My Girl",https://www.imdb.com/title/tt4103724,Movie,6.6,108,2018,"Romance, Drama, Music, Comedy",26029,"2018-01-19","Bethany Ashton Wolf"
tt4779682,9,2018-09-06,"The Meg","The Meg",https://www.imdb.com/title/tt4779682,Movie,5.7,113,2018,"Sci-Fi, Action, Thriller, Horror, Adventure",232659,"2018-08-10","Jon Turteltaub"
tt6791096,10,2018-09-05,"I Feel Pretty","I Feel Pretty",https://www.imdb.com/title/tt6791096,Movie,5.7,110,2018,"Comedy, Romance",61264,"2018-04-20","Abby Kohn,Marc Silverstein"
tt1174732,10,2018-08-28,"An Education","An Education",https://www.imdb.com/title/tt1174732,Movie,7.2,100,2009,"Drama",141575,"2010-02-05","Lone Scherfig"
tt1504320,10,2018-08-26,"The King's Speech","The King's Speech",https://www.imdb.com/title/tt1504320,Movie,8.0,118,2010,"Drama, Biography, History",737462,"2010-12-25","Tom Hooper"
tt0362227,10,2018-08-25,"The Terminal","The Terminal",https://www.imdb.com/title/tt0362227,Movie,7.4,128,2004,"Drama, Comedy, Romance",542926,"2004-06-18","Steven Spielberg"
tt0129167,10,2018-08-25,"The Iron Giant","The Iron Giant",https://www.imdb.com/title/tt0129167,Movie,8.1,86,1999,"Animation, Adventure, Action, Sci-Fi, Family",266220,"1999-08-06","Brad Bird"
tt1187064,10,2018-08-24,"Triangle","Triangle",https://www.imdb.com/title/tt1187064,Movie,6.9,99,2009,"Thriller, Mystery, Sci-Fi, Fantasy",152752,"2009-10-16","Christopher Smith"
tt3152624,9,2018-08-23,"Trainwreck","Trainwreck",https://www.imdb.com/title/tt3152624,Movie,6.2,125,2015,"Comedy, Romance, Drama",147901,"2015-07-17","Judd Apatow"
tt0376541,10,2018-08-22,"Closer","Closer",https://www.imdb.com/title/tt0376541,Movie,7.1,104,2004,"Drama, Romance",252846,"2004-12-03","Mike Nichols"
tt1201167,8,2018-08-22,"Funny People","Funny People",https://www.imdb.com/title/tt1201167,Movie,6.3,146,2009,"Comedy, Drama",127951,"2009-07-31","Judd Apatow"
tt0425123,9,2018-08-22,"Just Like Heaven","Just Like Heaven",https://www.imdb.com/title/tt0425123,Movie,6.7,95,2005,"Comedy, Romance, Fantasy, Drama",128778,"2005-09-16","Mark Waters"
tt2452386,10,2018-08-21,"The Fundamentals of Caring","The Fundamentals of Caring",https://www.imdb.com/title/tt2452386,Movie,7.3,97,2016,"Drama, Comedy",88414,"2016-06-24","Rob Burnett"
tt4191054,9,2018-08-20,"Strange Magic","Strange Magic",https://www.imdb.com/title/tt4191054,Movie,5.8,99,2015,"Animation, Musical, Family, Fantasy, Adventure, Comedy, Romance",13976,"2015-01-23","Gary Rydstrom"
tt3606756,10,2018-08-20,"Incredibles 2","Incredibles 2",https://www.imdb.com/title/tt3606756,Movie,7.5,118,2018,"Animation, Action, Adventure, Family, Sci-Fi, Comedy, Thriller",378514,"2018-06-15","Brad Bird"
tt2406566,7,2018-08-19,"Atomic Blonde","Atomic Blonde",https://www.imdb.com/title/tt2406566,Movie,6.7,115,2017,"Thriller, Action, Adventure",222518,"2017-07-28","David Leitch"
tt0804497,9,2018-08-18,"It's Kind of a Funny Story","It's Kind of a Funny Story",https://www.imdb.com/title/tt0804497,Movie,7.1,101,2010,"Drama, Comedy, Romance",152430,"2010-10-08","Anna Boden,Ryan Fleck"
tt1333125,9,2018-08-16,"Movie 43","Movie 43",https://www.imdb.com/title/tt1333125,Movie,4.4,94,2013,"Comedy",121715,"2013-01-25","Elizabeth Banks,Steven Brill,Steve Carr,Rusty Cundieff,James Duffy,Griffin Dunne,Peter Farrelly,Patrik Forsberg,Will Graham,James Gunn,Brett Ratner,Jonathan van Tulleken,Bob Odenkirk"
tt1758830,9,2018-08-16,"This Is 40","This Is 40",https://www.imdb.com/title/tt1758830,Movie,6.2,134,2012,"Comedy, Romance, Drama",161057,"2012-12-21","Judd Apatow"
tt1677720,10,2018-08-15,"Ready Player One","Ready Player One",https://www.imdb.com/title/tt1677720,Movie,7.4,140,2018,"Sci-Fi, Action, Adventure",552399,"2018-03-29","Steven Spielberg"
tt1638002,8,2018-08-14,"Love, Rosie","Love, Rosie",https://www.imdb.com/title/tt1638002,Movie,7.1,102,2014,"Comedy, Romance",170885,"2014-10-17","Christian Ditter"
tt0477348,10,2018-08-14,"No Country for Old Men","No Country for Old Men",https://www.imdb.com/title/tt0477348,Movie,8.2,122,2007,"Thriller, Crime, Drama",1216304,"2007-11-21","Ethan Coen,Joel Coen"
tt5104604,10,2018-08-14,"Isle of Dogs","Isle of Dogs",https://www.imdb.com/title/tt5104604,Movie,7.8,101,2018,"Animation, Comedy, Adventure, Drama, Sci-Fi, Fantasy",214994,"2018-04-13","Wes Anderson"
tt1588170,10,2018-08-12,"I Saw the Devil","Angmareul boatda",https://www.imdb.com/title/tt1588170,Movie,7.8,144,2010,"Thriller, Action",169204,"2010-08-12","Kim Jee-woon"
tt2205697,10,2018-08-12,"Stuck in Love.","Stuck in Love",https://www.imdb.com/title/tt2205697,Movie,7.2,97,2012,"Drama, Comedy, Romance",96253,"2013-05-02","Josh Boone"
tt1340800,9,2018-08-11,"Tinker Tailor Soldier Spy","Tinker Tailor Soldier Spy",https://www.imdb.com/title/tt1340800,Movie,7.0,127,2011,"Thriller, Drama, Mystery",228454,"2012-01-06","Tomas Alfredson"
tt5095030,9,2018-08-10,"Ant-Man and the Wasp","Ant-Man and the Wasp",https://www.imdb.com/title/tt5095030,Movie,7.0,118,2018,"Action, Adventure, Sci-Fi, Comedy",508061,"2018-07-06","Peyton Reed"
tt2494376,10,2018-08-09,"Justice League Dark","Justice League Dark",https://www.imdb.com/title/tt2494376,Video,7.0,75,2017,"Animation, Fantasy, Action, Sci-Fi, Horror, Adventure, Comedy, Crime, Drama, Mystery, Thriller",32320,"2017-02-07","Jay Oliva"
tt0256380,10,2018-08-06,"Shallow Hal","Shallow Hal",https://www.imdb.com/title/tt0256380,Movie,6.0,114,2001,"Fantasy, Romance, Drama, Comedy",155954,"2001-11-09","Bobby Farrelly,Peter Farrelly"
tt4881806,8,2018-08-06,"Jurassic World: Fallen Kingdom","Jurassic World: Fallen Kingdom",https://www.imdb.com/title/tt4881806,Movie,6.2,128,2018,"Action, Adventure, Sci-Fi",388370,"2018-06-22","J.A. Bayona"
tt0964517,10,2018-07-25,"The Fighter","The Fighter",https://www.imdb.com/title/tt0964517,Movie,7.8,116,2010,"Drama, Sport, Biography, Action",411702,"2010-12-17","David O. Russell"
tt0878804,10,2018-07-17,"The Blind Side","The Blind Side",https://www.imdb.com/title/tt0878804,Movie,7.6,129,2009,"Drama, Sport, Biography",392957,"2009-11-20","John Lee Hancock"
tt2231461,8,2018-07-03,"Rampage","Rampage",https://www.imdb.com/title/tt2231461,Movie,6.1,107,2018,"Action, Adventure, Sci-Fi",204928,"2018-04-13","Brad Peyton"
tt3060952,9,2018-06-29,"Justice League: War","Justice League: War",https://www.imdb.com/title/tt3060952,Video,7.2,79,2014,"Animation, Adventure, Fantasy, Sci-Fi, Action, Drama",41406,"2014-02-04","Jay Oliva"
tt4870838,9,2018-06-29,"Batman: Bad Blood","Batman: Bad Blood",https://www.imdb.com/title/tt4870838,Video,6.7,72,2016,"Animation, Action, Adventure, Sci-Fi, Crime",29149,"2016-01-19","Jay Oliva"
tt5091548,9,2018-06-17,"Justice League vs. Teen Titans","Justice League vs. Teen Titans",https://www.imdb.com/title/tt5091548,Video,6.9,78,2016,"Animation, Action, Fantasy, Sci-Fi, Comedy, Adventure, Drama, Crime, Horror, Mystery, Romance, Thriller",26661,"2016-03-29","Sam Liu"
tt2820466,10,2018-06-15,"Justice League: The Flashpoint Paradox","Justice League: The Flashpoint Paradox",https://www.imdb.com/title/tt2820466,Video,8.1,75,2013,"Animation, Action, Adventure, Fantasy, Sci-Fi",66774,"2013-07-30","Jay Oliva"
tt3878542,9,2018-06-12,"Justice League: Throne of Atlantis","Justice League: Throne of Atlantis",https://www.imdb.com/title/tt3878542,Video,6.6,72,2015,"Animation, Action, Adventure, Sci-Fi, Fantasy",27720,"2015-01-13","Ethan Spaulding"
tt4938416,9,2018-06-11,"Lego DC Super Heroes: Justice League - Attack of the Legion of Doom!","Lego DC Comics Super Heroes: Justice League - Attack of the Legion of Doom!",https://www.imdb.com/title/tt4938416,Video,6.2,77,2015,"Animation, Action, Adventure, Comedy, Family, Sci-Fi",2150,"2015-08-25","Rick Morales"
tt2312718,8,2018-06-11,"Homefront","Homefront",https://www.imdb.com/title/tt2312718,Movie,6.5,100,2013,"Action, Thriller, Crime",145203,"2013-11-27","Gary Fleder"
tt4324302,9,2018-06-11,"Justice League: Gods and Monsters","Justice League: Gods and Monsters",https://www.imdb.com/title/tt4324302,Video,7.0,76,2015,"Animation, Action, Fantasy, Sci-Fi, Adventure",18247,"2015-07-28","Sam Liu"
tt0095327,10,2018-06-09,"Grave of the Fireflies","Hotaru no haka",https://www.imdb.com/title/tt0095327,Movie,8.5,88,1988,"Animation, Drama, War",397897,"1989-07-26","Isao Takahata"
tt0379786,8,2018-06-04,"Serenity","Serenity",https://www.imdb.com/title/tt0379786,Movie,7.8,119,2005,"Action, Adventure, Sci-Fi, Thriller",317446,"2005-09-30","Joss Whedon"
tt5463162,9,2018-05-27,"Deadpool 2","Deadpool 2",https://www.imdb.com/title/tt5463162,Movie,7.6,119,2018,"Action, Adventure, Comedy, Sci-Fi",759509,"2018-05-18","David Leitch"
tt1078588,10,2018-05-21,"My Sister's Keeper","My Sister's Keeper",https://www.imdb.com/title/tt1078588,Movie,7.3,109,2009,"Drama, Family",103603,"2009-06-26","Nick Cassavetes"
tt2452042,10,2018-05-21,"The Peanuts Movie","The Peanuts Movie",https://www.imdb.com/title/tt2452042,Movie,7.0,88,2015,"Animation, Comedy, Family, Adventure, Drama",54160,"2015-11-06","Steve Martino"
tt3576728,7,2018-05-17,"Bilal: A New Breed of Hero","Bilal: A New Breed of Hero",https://www.imdb.com/title/tt3576728,Movie,7.5,105,2015,"Animation, Action, Adventure, Fantasy",19394,"2018-02-02","Khurram H. Alavi,Ayman Jamal"
tt5478478,10,2018-05-07,"Hostiles","Hostiles",https://www.imdb.com/title/tt5478478,Movie,7.2,134,2017,"Drama, Western",109244,"2018-01-26","Scott Cooper"
tt0425112,9,2018-05-05,"Hot Fuzz","Hot Fuzz",https://www.imdb.com/title/tt0425112,Movie,7.8,121,2007,"Comedy, Action, Mystery, Thriller",573555,"2007-04-20","Edgar Wright"
tt1825683,8,2018-05-04,"Black Panther","Black Panther",https://www.imdb.com/title/tt1825683,Movie,7.3,134,2018,"Action, Adventure, Sci-Fi",928432,"2018-02-16","Ryan Coogler"
tt0083658,9,2018-05-03,"Blade Runner","Blade Runner",https://www.imdb.com/title/tt0083658,Movie,8.1,117,1982,"Thriller, Action, Drama, Sci-Fi",892816,"1982-06-25","Ridley Scott"
tt4154756,10,2018-04-29,"Avengers: Infinity War","Avengers: Infinity War",https://www.imdb.com/title/tt4154756,Movie,8.4,149,2018,"Action, Sci-Fi, Adventure",1414573,"2018-04-27","Anthony Russo,Joe Russo"
tt0413300,10,2018-04-27,"Spider-Man 3","Spider-Man 3",https://www.imdb.com/title/tt0413300,Movie,6.3,139,2007,"Action, Sci-Fi, Adventure",721352,"2007-05-04","Sam Raimi"
tt2872718,10,2018-04-26,"Nightcrawler","Nightcrawler",https://www.imdb.com/title/tt2872718,Movie,7.8,117,2014,"Crime, Thriller, Drama",683388,"2014-10-31","Dan Gilroy"
tt2209764,9,2018-04-23,"Transcendence","Transcendence",https://www.imdb.com/title/tt2209764,Movie,6.2,119,2014,"Drama, Sci-Fi, Thriller",248881,"2014-04-18","Wally Pfister"
tt0758766,10,2018-04-21,"Music and Lyrics","Music and Lyrics",https://www.imdb.com/title/tt0758766,Movie,6.5,104,2007,"Comedy, Romance, Music",112186,"2007-02-14","Marc Lawrence"
tt1672723,9,2018-04-16,"Batman: Year One","Batman: Year One",https://www.imdb.com/title/tt1672723,Video,7.3,64,2011,"Animation, Action, Crime, Thriller, Drama",41440,"2011-10-18","Sam Liu,Lauren Montgomery"
tt0163187,8,2018-04-15,"Runaway Bride","Runaway Bride",https://www.imdb.com/title/tt0163187,Movie,5.6,116,1999,"Romance, Comedy",111967,"1999-07-30","Garry Marshall"
tt5027774,10,2018-04-11,"Three Billboards Outside Ebbing, Missouri","Three Billboards Outside Ebbing, Missouri",https://www.imdb.com/title/tt5027774,Movie,8.1,115,2017,"Crime, Drama, Comedy",617176,"2017-12-01","Martin McDonagh"
tt0293715,10,2018-04-11,"My Sassy Girl","Yeopgijeogin geunyeo",https://www.imdb.com/title/tt0293715,Movie,7.9,123,2001,"Drama, Romance, Comedy",53498,"2001-07-27","Kwak Jae-young"
tt4846340,10,2018-04-09,"Hidden Figures","Hidden Figures",https://www.imdb.com/title/tt4846340,Movie,7.8,127,2016,"Drama, History, Biography",294658,"2017-01-06","Theodore Melfi"
tt3315342,10,2018-04-09,"Logan","Logan",https://www.imdb.com/title/tt3315342,Movie,8.1,137,2017,"Action, Sci-Fi, Drama, Thriller",942532,"2017-03-03","James Mangold"
tt2798920,9,2018-04-07,"Annihilation","Annihilation",https://www.imdb.com/title/tt2798920,Movie,6.8,115,2018,"Sci-Fi, Thriller, Drama, Mystery, Adventure, Horror",399102,"2018-02-23","Alex Garland"
tt3316948,8,2018-04-06,"American Ultra","American Ultra",https://www.imdb.com/title/tt3316948,Movie,6.1,96,2015,"Action, Comedy, Sci-Fi, Thriller",101301,"2015-08-21","Nima Nourizadeh"
tt4383594,10,2018-04-04,"Nine Lives","Nine Lives",https://www.imdb.com/title/tt4383594,Movie,5.3,87,2016,"Comedy, Family, Fantasy, Drama",26109,"2016-08-05","Barry Sonnenfeld"
tt5776858,7,2018-04-02,"Phantom Thread","Phantom Thread",https://www.imdb.com/title/tt5776858,Movie,7.4,130,2017,"Drama, Romance",164476,"2018-01-19","Paul Thomas Anderson"
tt7167602,8,2018-04-01,"Suicide Squad: Hell to Pay","Suicide Squad: Hell to Pay",https://www.imdb.com/title/tt7167602,Video,7.0,86,2018,"Animation, Action, Fantasy, Sci-Fi",19515,"2018-03-27","Sam Liu"
tt1582248,8,2018-03-30,"Puncture","Puncture",https://www.imdb.com/title/tt1582248,Movie,6.8,100,2011,"Drama, Biography, Mystery, Thriller",25766,"2012-03-15","Adam Kassen,Mark Kassen"
tt0120783,10,2018-03-30,"The Parent Trap","The Parent Trap",https://www.imdb.com/title/tt0120783,Movie,6.7,128,1998,"Adventure, Drama, Romance, Family, Comedy",177146,"1998-07-29","Nancy Meyers"
tt1723811,9,2018-03-27,"Shame","Shame",https://www.imdb.com/title/tt1723811,Movie,7.2,101,2011,"Drama",219029,"2011","Steve McQueen"
tt0462322,7,2018-03-27,"Grindhouse","Grindhouse",https://www.imdb.com/title/tt0462322,Movie,7.5,191,2007,"Horror, Thriller",197925,"2007-04-06","Robert Rodriguez,Eli Roth,Quentin Tarantino,Edgar Wright,Rob Zombie"
tt0452594,8,2018-03-26,"The Break-Up","The Break-Up",https://www.imdb.com/title/tt0452594,Movie,5.8,106,2006,"Comedy, Romance, Drama",148493,"2006-06-02","Peyton Reed"
tt1663202,8,2018-03-26,"The Revenant","The Revenant",https://www.imdb.com/title/tt1663202,Movie,8.0,156,2015,"Action, Drama, Western",963765,"2016-01-08","Alejandro G. Iñárritu"
tt0829150,8,2018-03-23,"Dracula Untold","Dracula Untold",https://www.imdb.com/title/tt0829150,Movie,6.3,92,2014,"Action, Drama, Fantasy, Horror",224904,"2014-10-10","Gary Shore"
tt3495026,10,2018-03-23,"Fan","Fan",https://www.imdb.com/title/tt3495026,Movie,6.8,142,2016,"Action, Thriller, Drama",54151,"2016-04-15","Maneesh Sharma"
tt0114814,10,2018-03-22,"The Usual Suspects","The Usual Suspects",https://www.imdb.com/title/tt0114814,Movie,8.5,106,1995,"Drama, Crime, Mystery, Thriller",1256622,"1995-08-16","Bryan Singer"
tt3138782,10,2018-03-18,"The Miracle","Mucize",https://www.imdb.com/title/tt3138782,Movie,7.6,131,2015,"Drama, Comedy, History",15957,"2015-01-01","Mahsun Kirmizigül"
tt1485796,10,2018-03-15,"The Greatest Showman","The Greatest Showman",https://www.imdb.com/title/tt1485796,Movie,7.5,105,2017,"Musical, Drama, Biography, Romance",354223,"2017-12-20","Michael Gracey"
tt5519340,8,2018-03-13,"Bright","Bright",https://www.imdb.com/title/tt5519340,Movie,6.3,117,2017,"Fantasy, Action, Thriller",211253,"2017-12-22","David Ayer"
tt5580390,10,2018-03-12,"The Shape of Water","The Shape of Water",https://www.imdb.com/title/tt5580390,Movie,7.3,123,2017,"Romance, Drama, Fantasy, Sci-Fi",480948,"2017-12-22","Guillermo del Toro"
tt0114924,9,2018-03-11,"While You Were Sleeping","While You Were Sleeping",https://www.imdb.com/title/tt0114924,Movie,6.8,103,1995,"Drama, Romance, Comedy",128924,"1995-04-21","Jon Turteltaub"
tt1179056,6,2018-02-28,"A Nightmare on Elm Street","A Nightmare on Elm Street",https://www.imdb.com/title/tt1179056,Movie,5.2,95,2010,"Horror, Mystery, Crime, Drama",116207,"2010-04-30","Samuel Bayer"
tt1120985,10,2018-02-27,"Blue Valentine","Blue Valentine",https://www.imdb.com/title/tt1120985,Movie,7.3,112,2010,"Romance, Drama",228752,"2011-01-28","Derek Cianfrance"
tt3741834,8,2018-02-26,"Lion","Lion",https://www.imdb.com/title/tt3741834,Movie,8.0,118,2016,"Drama, Biography",269426,"2017-01-06","Garth Davis"
tt3329526,8,2018-02-24,"Astonishing Lamp","Ashchorjyo Prodeep",https://www.imdb.com/title/tt3329526,Movie,7.1,120,2013,"Drama",1004,"2013-11-15","Anik Datta"
tt0102685,10,2018-02-22,"Point Break","Point Break",https://www.imdb.com/title/tt0102685,Movie,7.3,122,1991,"Thriller, Crime, Action",230223,"1991-07-12","Kathryn Bigelow"
tt0246578,10,2018-02-20,"Donnie Darko","Donnie Darko",https://www.imdb.com/title/tt0246578,Movie,8.0,113,2001,"Sci-Fi, Thriller, Mystery, Drama",921622,"2001-01-19","Richard Kelly"
tt4016934,8,2018-02-20,"The Handmaiden","Ah-ga-ssi",https://www.imdb.com/title/tt4016934,Movie,8.1,145,2016,"Drama, Romance, Thriller",208980,"2017-09-02","Park Chan-wook"
tt2543472,10,2018-02-17,"Wonder","Wonder",https://www.imdb.com/title/tt2543472,Movie,7.9,113,2017,"Drama, Family",199734,"2017-11-17","Stephen Chbosky"
tt0790636,10,2018-02-15,"Dallas Buyers Club","Dallas Buyers Club",https://www.imdb.com/title/tt0790636,Movie,7.9,117,2013,"Drama, Biography",553220,"2013-11-22","Jean-Marc Vallée"
tt2239822,9,2018-02-11,"Valerian and the City of a Thousand Planets","Valerian and the City of a Thousand Planets",https://www.imdb.com/title/tt2239822,Movie,6.4,136,2017,"Sci-Fi, Action, Adventure, Fantasy",211754,"2017-07-21","Luc Besson"
tt5013056,9,2018-02-10,"Dunkirk","Dunkirk",https://www.imdb.com/title/tt5013056,Movie,7.8,106,2017,"War, Drama, Action, History, Thriller",828970,"2017-07-21","Christopher Nolan"
tt0485947,10,2018-02-08,"Mr. Nobody","Mr. Nobody",https://www.imdb.com/title/tt0485947,Movie,7.7,141,2009,"Drama, Sci-Fi, Fantasy, Romance",259570,"2013-09-26","Jaco Van Dormael"
tt1291584,10,2018-02-05,"Warrior","Warrior",https://www.imdb.com/title/tt1291584,Movie,8.1,140,2011,"Drama, Sport, Action",534282,"2011-09-09","Gavin O'Connor"
tt0364569,9,2018-02-04,"Oldboy","Oldeuboi",https://www.imdb.com/title/tt0364569,Movie,8.3,120,2003,"Mystery, Thriller, Action, Drama",734341,"2003-11-21","Park Chan-wook"
tt2692904,9,2018-02-03,"Locke","Locke",https://www.imdb.com/title/tt2692904,Movie,7.1,85,2013,"Drama",170982,"2014-04-18","Steven Knight"
tt1032755,9,2018-01-31,"RocknRolla","RocknRolla",https://www.imdb.com/title/tt1032755,Movie,7.2,114,2008,"Action, Crime, Thriller",277234,"2008-10-31","Guy Ritchie"
tt1662557,10,2018-01-28,"No Mercy","Yongseoneun eupda",https://www.imdb.com/title/tt1662557,Movie,7.4,123,2010,"Thriller, Crime, Action",11162,"2010-01-07","Kim Hyeong-joon"
tt0098258,10,2018-01-27,"Say Anything","Say Anything...",https://www.imdb.com/title/tt0098258,Movie,7.3,100,1989,"Comedy, Romance, Drama",104261,"1989-04-14","Cameron Crowe"
tt3421036,4,2018-01-26,"Thirumannam Ennum Nikkah","Thirumannam Ennum Nikkah",https://www.imdb.com/title/tt3421036,Movie,5.3,133,2014,"Romance",426,"2014-07-24","Anis"
tt1211837,9,2018-01-26,"Doctor Strange","Doctor Strange",https://www.imdb.com/title/tt1211837,Movie,7.5,115,2016,"Fantasy, Adventure, Action, Sci-Fi",899665,"2016-11-04","Scott Derrickson"
tt1258197,10,2018-01-25,"Exam","Exam",https://www.imdb.com/title/tt1258197,Movie,6.7,101,2009,"Thriller, Mystery, Crime",136404,"2010-06-17","Stuart Hazeldine"
tt2283362,10,2018-01-24,"Jumanji: Welcome to the Jungle","Jumanji: Welcome to the Jungle",https://www.imdb.com/title/tt2283362,Movie,6.9,119,2017,"Adventure, Fantasy, Action, Comedy",513135,"2017-12-20","Jake Kasdan"
tt0311113,10,2018-01-22,"Master and Commander: The Far Side of the World","Master and Commander: The Far Side of the World",https://www.imdb.com/title/tt0311113,Movie,7.5,138,2003,"War, Drama, Adventure, Action",259993,"2003-11-14","Peter Weir"
tt5925772,8,2018-01-19,"CIA: Comrade in America","CIA: Comrade in America",https://www.imdb.com/title/tt5925772,Movie,6.4,134,2017,"Action, Adventure, Romance",3841,"2017-05-19","Amal Neerad"
tt5513920,7,2018-01-18,"Doob - No Bed of Roses","No Bed of Roses",https://www.imdb.com/title/tt5513920,Movie,6.1,85,2017,"Drama",2201,"2017-11-07","Mostofa Sarwar Farooki"
tt0867145,7,2018-01-16,"Classmates","Classmates",https://www.imdb.com/title/tt0867145,Movie,8.1,175,2006,"Thriller, Drama, Mystery, Romance",4707,"2006-08","Lal Jose"
tt1014763,10,2018-01-15,"Child 44","Child 44",https://www.imdb.com/title/tt1014763,Movie,6.4,137,2015,"Crime, Thriller, Drama, History, Mystery",80372,"2015-04-17","Daniel Espinosa"
tt5666304,6,2018-01-15,"The Little Hours","The Little Hours",https://www.imdb.com/title/tt5666304,Movie,5.8,89,2017,"Comedy, Romance",29078,"2017-06-30","Jeff Baena"
tt0118971,10,2018-01-14,"The Devil's Advocate","The Devil's Advocate",https://www.imdb.com/title/tt0118971,Movie,7.5,144,1997,"Thriller, Mystery, Fantasy, Drama",453158,"1997-10-17","Taylor Hackford"
tt0424880,7,2018-01-12,"Candy","Candy",https://www.imdb.com/title/tt0424880,Movie,7.2,108,2006,"Drama, Romance",50180,"2006-05-25","Neil Armfield"
tt0180093,10,2018-01-10,"Requiem for a Dream","Requiem for a Dream",https://www.imdb.com/title/tt0180093,Movie,8.3,102,2000,"Drama",986516,"2000-12-15","Darren Aronofsky"
tt0113277,10,2018-01-09,"Heat","Heat",https://www.imdb.com/title/tt0113277,Movie,8.3,170,1995,"Drama, Action, Crime",820192,"1995-12-15","Michael Mann"
tt0140352,10,2018-01-09,"The Insider","The Insider",https://www.imdb.com/title/tt0140352,Movie,7.8,157,1999,"Biography, History, Drama, Thriller",193640,"1999-11-05","Michael Mann"
tt3569230,10,2018-01-07,"Legend","Legend",https://www.imdb.com/title/tt3569230,Movie,6.9,132,2015,"Thriller, Biography, Crime, Drama",227307,"2015-11-20","Brian Helgeland"
tt1798684,10,2018-01-06,"Southpaw","Southpaw",https://www.imdb.com/title/tt1798684,Movie,7.3,124,2015,"Drama, Sport, Action",282872,"2015-07-24","Antoine Fuqua"
tt0117665,10,2018-01-05,"Sleepers","Sleepers",https://www.imdb.com/title/tt0117665,Movie,7.5,147,1996,"Thriller, Crime, Drama",258749,"1996-10-18","Barry Levinson"
tt1596363,7,2018-01-04,"The Big Short","The Big Short",https://www.imdb.com/title/tt1596363,Movie,7.8,130,2015,"Drama, Biography, Comedy, History",548957,"2015-12-23","Adam McKay"
tt1212450,10,2018-01-03,"Lawless","Lawless",https://www.imdb.com/title/tt1212450,Movie,7.2,116,2012,"Drama, Crime, Biography, Thriller",264448,"2012-08-29","John Hillcoat"
tt1205489,10,2018-01-02,"Gran Torino","Gran Torino",https://www.imdb.com/title/tt1205489,Movie,8.1,116,2008,"Drama",871384,"2009-01-09","Clint Eastwood"
tt0348333,7,2018-01-02,"Waiting...","Waiting...",https://www.imdb.com/title/tt0348333,Movie,6.7,94,2005,"Comedy",114272,"2005-10-07","Rob McKittrick"
tt0482571,10,2018-01-01,"The Prestige","The Prestige",https://www.imdb.com/title/tt0482571,Movie,8.5,130,2006,"Drama, Thriller, Mystery, Sci-Fi",1630693,"2006-10-20","Christopher Nolan"
tt0472043,10,2017-12-30,"Apocalypto","Apocalypto",https://www.imdb.com/title/tt0472043,Movie,7.9,139,2006,"Adventure, Drama, Thriller, Action",365049,"2006-12-08","Mel Gibson"
tt2139555,8,2017-12-30,"Playing It Cool","Playing It Cool",https://www.imdb.com/title/tt2139555,Movie,5.9,94,2014,"Comedy, Romance",32166,"2015-05-08","Justin Reardon"
tt6789386,10,2017-12-28,"Posto","Posto",https://www.imdb.com/title/tt6789386,Movie,7.5,150,2017,"Drama, Family",1124,"2017-05-12","Shiboprosad Mukherjee,Nandita Roy"
tt1488555,10,2017-12-28,"The Change-Up","The Change-Up",https://www.imdb.com/title/tt1488555,Movie,6.3,112,2011,"Comedy, Fantasy",207659,"2011-08-05","David Dobkin"
tt1706620,8,2017-12-27,"Snowpiercer","Snowpiercer",https://www.imdb.com/title/tt1706620,Movie,7.1,126,2013,"Sci-Fi, Thriller, Action, Drama",426212,"2014-07-11","Bong Joon Ho"
tt0443465,8,2017-12-27,"Before We Go","Before We Go",https://www.imdb.com/title/tt0443465,Movie,6.8,95,2014,"Drama, Comedy, Romance",69694,"2015-07-21","Chris Evans"
tt0448134,10,2017-12-26,"Sunshine","Sunshine",https://www.imdb.com/title/tt0448134,Movie,7.2,107,2007,"Sci-Fi, Thriller",290995,"2007-07-27","Danny Boyle"
tt5784350,10,2017-12-25,"Praktan","Praktan",https://www.imdb.com/title/tt5784350,Movie,7.7,142,2016,"Comedy, Drama",2730,"2016-05-27","Shiboprosad Mukherjee,Nandita Roy"
tt0101316,10,2017-12-23,"The Lover","L'amant",https://www.imdb.com/title/tt0101316,Movie,6.8,115,1992,"Biography, Romance, Drama",25635,"1992-10-30","Jean-Jacques Annaud"
tt1714206,10,2017-12-22,"The Spectacular Now","The Spectacular Now",https://www.imdb.com/title/tt1714206,Movie,7.0,95,2013,"Drama, Romance",169744,"2013-09-13","James Ponsoldt"
tt0775552,9,2017-12-21,"Aliens in the Attic","Aliens in the Attic",https://www.imdb.com/title/tt0775552,Movie,5.5,86,2009,"Adventure, Family, Sci-Fi, Comedy, Fantasy",26520,"2009-07-31","John Schultz"
tt2140373,9,2017-12-21,"Saving Mr. Banks","Saving Mr. Banks",https://www.imdb.com/title/tt2140373,Movie,7.5,125,2013,"Drama, Biography, Comedy",176808,"2013-12-20","John Lee Hancock"
tt0381849,10,2017-12-21,"3:10 to Yuma","3:10 to Yuma",https://www.imdb.com/title/tt0381849,Movie,7.6,122,2007,"Western, Drama, Crime, Action",354235,"2007-09-07","James Mangold"
tt0470752,9,2017-12-20,"Ex Machina","Ex Machina",https://www.imdb.com/title/tt0470752,Movie,7.7,108,2014,"Drama, Sci-Fi, Thriller",646735,"2015-04-24","Alex Garland"
tt1655441,10,2017-12-19,"The Age of Adaline","The Age of Adaline",https://www.imdb.com/title/tt1655441,Movie,7.2,112,2015,"Romance, Drama, Fantasy",232516,"2015-04-24","Lee Toland Krieger"
tt2380307,10,2017-12-18,"Coco","Coco",https://www.imdb.com/title/tt2380307,Movie,8.4,105,2017,"Animation, Family, Adventure, Fantasy, Mystery, Music, Drama",729147,"2017-11-22","Lee Unkrich,Adrian Molina"
tt0985699,9,2017-12-18,"Valkyrie","Valkyrie",https://www.imdb.com/title/tt0985699,Movie,7.1,121,2008,"Thriller, War, Drama, History",277534,"2008-12-25","Bryan Singer"
tt0974015,9,2017-12-16,"Justice League","Justice League",https://www.imdb.com/title/tt0974015,Movie,6.0,120,2017,"Sci-Fi",510563,"2017-11-17","Zack Snyder"
tt4334266,9,2017-12-16,"The Bad Batch","The Bad Batch",https://www.imdb.com/title/tt4334266,Movie,5.2,118,2016,"Romance, Sci-Fi, Action, Horror, Mystery",38291,"2017-06-23","Ana Lily Amirpour"
tt3417422,10,2017-12-16,"Drishyam","Drishyam",https://www.imdb.com/title/tt3417422,Movie,8.4,160,2013,"Drama, Thriller, Crime, Mystery",49851,"2013-12-19","Jeethu Joseph"
tt2361746,8,2017-12-15,"Haraamkhor","Haraamkhor",https://www.imdb.com/title/tt2361746,Movie,6.3,90,2015,"Drama, Romance",4811,"2017-01-13","Shlok Sharma,Jatinkumar Jagdishbhai Patel"
tt0118749,9,2017-12-15,"Boogie Nights","Boogie Nights",https://www.imdb.com/title/tt0118749,Movie,7.9,155,1997,"Drama",310316,"1997-10-31","Paul Thomas Anderson"
tt0110005,7,2017-12-15,"Heavenly Creatures","Heavenly Creatures",https://www.imdb.com/title/tt0110005,Movie,7.2,99,1994,"Crime, Biography, Thriller, Drama",70368,"1994-10-14","Peter Jackson"
tt4758646,8,2017-12-14,"War Machine","War Machine",https://www.imdb.com/title/tt4758646,Movie,6.0,122,2017,"Comedy, Drama, War",53715,"2017-05-26","David Michôd"
tt2316204,9,2017-12-14,"Alien: Covenant","Alien: Covenant",https://www.imdb.com/title/tt2316204,Movie,6.4,122,2017,"Sci-Fi, Thriller, Horror",349712,"2017-05-19","Ridley Scott"
tt1954470,9,2017-12-14,"Gangs of Wasseypur","Gangs of Wasseypur",https://www.imdb.com/title/tt1954470,Movie,8.2,321,2012,"Action, Crime, Drama, Thriller, Comedy",115833,"2012-06-22","Anurag Kashyap"
tt0104257,10,2017-12-14,"A Few Good Men","A Few Good Men",https://www.imdb.com/title/tt0104257,Movie,7.8,138,1992,"Thriller, Drama",322431,"1992-12-11","Rob Reiner"
tt4649466,8,2017-12-14,"Kingsman: The Golden Circle","Kingsman: The Golden Circle",https://www.imdb.com/title/tt4649466,Movie,6.7,141,2017,"Action, Adventure, Comedy, Crime, Thriller",406639,"2017-09-22","Matthew Vaughn"
tt0274812,8,2017-12-14,"Secretary","Secretary",https://www.imdb.com/title/tt0274812,Movie,6.8,107,2002,"Romance, Drama, Comedy",110324,"2002-10-11","Steven Shainberg"
tt0120794,8,2017-12-10,"The Prince of Egypt","The Prince of Egypt",https://www.imdb.com/title/tt0120794,Movie,7.3,99,1998,"Animation, Musical, Adventure, Fantasy, Drama, Family",164984,"1998-12-18","Brenda Chapman,Steve Hickner,Simon Wells"
tt0876563,9,2017-12-10,"Ponyo","Gake no ue no Ponyo",https://www.imdb.com/title/tt0876563,Movie,7.6,101,2008,"Animation, Family, Fantasy, Adventure, Comedy",189510,"2009-08-14","Hayao Miyazaki"
tt0280590,8,2017-12-06,"Mr. Deeds","Mr. Deeds",https://www.imdb.com/title/tt0280590,Movie,5.8,96,2002,"Romance, Comedy",165692,"2002-06-28","Steven Brill"
tt1935859,9,2017-12-05,"Miss Peregrine's Home for Peculiar Children","Miss Peregrine's Home for Peculiar Children",https://www.imdb.com/title/tt1935859,Movie,6.7,127,2016,"Fantasy, Adventure, Drama, Thriller, Family",211400,"2016-09-30","Tim Burton"
tt1673430,9,2017-12-05,"Superman/Batman: Apocalypse","Superman/Batman: Apocalypse",https://www.imdb.com/title/tt1673430,Video,7.0,78,2010,"Animation, Action, Adventure, Sci-Fi",30883,"2010-09-28","Lauren Montgomery"
tt2659414,10,2017-12-04,"Miracle in Cell No. 7","7-beon-bang-ui seon-mul",https://www.imdb.com/title/tt2659414,Movie,8.1,127,2013,"Comedy, Drama",26516,"2013-03-08","Lee Hwan-kyung"
tt4550098,10,2017-12-04,"Nocturnal Animals","Nocturnal Animals",https://www.imdb.com/title/tt4550098,Movie,7.4,116,2016,"Drama, Thriller",344756,"2016-12-09","Tom Ford"
tt6315800,9,2017-12-03,"Teen Titans: The Judas Contract","Teen Titans: The Judas Contract",https://www.imdb.com/title/tt6315800,Video,7.0,84,2017,"Animation, Action, Adventure, Fantasy, Sci-Fi, Drama, Crime",19593,"2017-04-04","Sam Liu"
tt2112281,8,2017-12-03,"Tangled Ever After","Tangled Ever After",https://www.imdb.com/title/tt2112281,Short,7.5,6,2012,"Animation, Short, Adventure, Comedy, Family",20748,"2012-01-13","Nathan Greno,Byron Howard"
tt5533228,8,2017-12-03,"Tangled: Before Ever After","Tangled: Before Ever After",https://www.imdb.com/title/tt5533228,TV Movie,6.5,55,2017,"Animation, Musical, Comedy, Family, Fantasy, Adventure, Action",3813,"2017-03-10","Tom Caulfield,Stephen Sandoval"
tt1024648,9,2017-11-29,"Argo","Argo",https://www.imdb.com/title/tt1024648,Movie,7.7,120,2012,"Thriller, Drama, Biography, History",673852,"2012-10-12","Ben Affleck"
tt0348568,10,2017-11-28,"The Classic","Keulraesik",https://www.imdb.com/title/tt0348568,Movie,7.7,127,2003,"Drama, Romance",11080,"2003-01-30","Kwak Jae-young"
tt1905042,10,2017-11-28,"Standing Up","Standing Up",https://www.imdb.com/title/tt1905042,Movie,6.8,93,2013,"Drama",3510,"2013-08-16","D.J. Caruso"
tt0382625,8,2017-11-27,"The Da Vinci Code","The Da Vinci Code",https://www.imdb.com/title/tt0382625,Movie,6.7,149,2006,"Thriller, Mystery",490837,"2006-05-19","Ron Howard"
tt4425200,8,2017-11-26,"John Wick: Chapter 2","John Wick: Chapter 2",https://www.imdb.com/title/tt4425200,Movie,7.4,122,2017,"Action, Thriller, Crime",579880,"2017-02-10","Chad Stahelski"
tt6977240,8,2017-11-25,"Starship Troopers: Traitor of Mars","Starship Troopers: Traitor of Mars",https://www.imdb.com/title/tt6977240,Movie,5.5,88,2017,"Animation, Action, Sci-Fi, Fantasy",7092,"2017-08-21","Shinji Aramaki,Masaru Matsumoto"
tt0108037,10,2017-11-24,"The Sandlot","The Sandlot",https://www.imdb.com/title/tt0108037,Movie,7.8,101,1993,"Drama, Sport, Comedy, Family",117831,"1993-04-07","David Mickey Evans"
tt5425264,7,2017-11-22,"Throne of Elves","Long Zhi Gu: Jingling Wangzuo",https://www.imdb.com/title/tt5425264,Movie,6.0,99,2016,"Animation, Adventure, Fantasy",1752,"2017-08-19","Yi Ge,Yuefeng Song"
tt2822672,7,2017-11-21,"Rock Dog","Rock Dog",https://www.imdb.com/title/tt2822672,Movie,6.0,90,2016,"Animation, Comedy, Family, Adventure, Music",6662,"2017-02-24","Ash Brannon"
tt3486626,7,2017-11-21,"The Nut Job 2: Nutty by Nature","The Nut Job 2: Nutty by Nature",https://www.imdb.com/title/tt3486626,Movie,5.5,91,2017,"Animation, Adventure, Comedy, Family, Crime",8251,"2017-08-11","Cal Brunker"
tt1596350,10,2017-11-13,"This Means War","This Means War",https://www.imdb.com/title/tt1596350,Movie,6.3,103,2012,"Action, Comedy, Romance",201819,"2012-02-17","McG"
tt0314063,7,2017-11-12,"Immortal","Immortel (ad vitam)",https://www.imdb.com/title/tt0314063,Movie,5.9,103,2004,"Drama, Sci-Fi, Thriller",22512,"2004-03-24","Enki Bilal"
tt1065073,9,2017-11-12,"Boyhood","Boyhood",https://www.imdb.com/title/tt1065073,Movie,7.9,165,2014,"Drama, Comedy",384101,"2014-08-15","Richard Linklater"
tt2005363,7,2017-11-12,"Tekken: Blood Vengeance","Tekken: Buraddo benjensu",https://www.imdb.com/title/tt2005363,Movie,5.8,92,2011,"Animation, Action, Sci-Fi, Fantasy",6083,"2011-07-26","Yoichi Mouri"
tt3501632,9,2017-11-12,"Thor: Ragnarok","Thor: Ragnarok",https://www.imdb.com/title/tt3501632,Movie,7.9,130,2017,"Action, Sci-Fi, Adventure, Comedy, Fantasy",915377,"2017-11-03","Taika Waititi"
tt1396484,10,2017-11-08,"It","It",https://www.imdb.com/title/tt1396484,Movie,7.3,135,2017,"Horror",711325,"2017-09-08","Andy Muschietti"
tt0352248,10,2017-11-08,"Cinderella Man","Cinderella Man",https://www.imdb.com/title/tt0352248,Movie,8.0,144,2005,"Sport, Biography, Romance, Drama",211357,"2005-06-03","Ron Howard"
tt0159365,8,2017-11-06,"Cold Mountain","Cold Mountain",https://www.imdb.com/title/tt0159365,Movie,7.2,154,2003,"Adventure, Romance, Drama, War",165493,"2003-12-25","Anthony Minghella"
tt0110413,10,2017-11-02,"Léon: The Professional","Léon",https://www.imdb.com/title/tt0110413,Movie,8.5,110,1994,"Action, Drama, Crime, Thriller",1368093,"1994-11-18","Luc Besson"
tt0458339,10,2017-11-02,"Captain America: The First Avenger","Captain America: The First Avenger",https://www.imdb.com/title/tt0458339,Movie,6.9,124,2011,"Action, Adventure, Sci-Fi",989628,"2011-07-22","Joe Johnston"
tt2911666,10,2017-11-02,"John Wick","John Wick",https://www.imdb.com/title/tt2911666,Movie,7.5,101,2014,"Action, Thriller, Crime",842274,"2014-10-24","Chad Stahelski"
tt0309987,6,2017-11-01,"The Dreamers","The Dreamers",https://www.imdb.com/title/tt0309987,Movie,7.1,115,2003,"Romance, Drama",142496,"2004-02-20","Bernardo Bertolucci"
tt0434409,10,2017-10-31,"V for Vendetta","V for Vendetta",https://www.imdb.com/title/tt0434409,Movie,8.1,132,2005,"Thriller, Action, Drama, Sci-Fi",1257656,"2006-03-17","James McTeigue"
tt0497465,5,2017-10-31,"Vicky Cristina Barcelona","Vicky Cristina Barcelona",https://www.imdb.com/title/tt0497465,Movie,7.1,96,2008,"Drama, Romance, Comedy",282831,"2008-08-15","Woody Allen"
tt2976176,10,2017-10-25,"Lakshmi","Lakshmi",https://www.imdb.com/title/tt2976176,Movie,7.9,115,2014,"Drama",1766,"2014-03-21","Nagesh Kukunoor"
tt6108090,10,2017-10-25,"Secret Superstar","Secret Superstar",https://www.imdb.com/title/tt6108090,Movie,7.7,150,2017,"Drama, Music",32769,"2017-10-18","Advait Chandan"
tt4466894,7,2017-10-25,"Sahara","Sahara",https://www.imdb.com/title/tt4466894,Movie,5.5,86,2017,"Animation, Family, Adventure, Comedy, Romance",3519,"2017-02-01","Pierre Coré"
tt0112715,10,2017-10-25,"Congo","Congo",https://www.imdb.com/title/tt0112715,Movie,5.4,109,1995,"Sci-Fi, Mystery, Adventure, Action",53658,"1995-06-09","Frank Marshall"
tt1979319,9,2017-10-21,"Rurouni Kenshin Part I: Origins","Rurôni Kenshin: Meiji kenkaku romantan",https://www.imdb.com/title/tt1979319,Movie,7.3,134,2012,"Drama, Action, History, Adventure, War",31806,"2012-08-25","Keishi Otomo"
tt3450958,9,2017-10-18,"War for the Planet of the Apes","War for the Planet of the Apes",https://www.imdb.com/title/tt3450958,Movie,7.4,140,2017,"Action, Drama, Sci-Fi, Adventure, Thriller",330698,"2017-07-14","Matt Reeves"
tt3890160,10,2017-10-17,"Baby Driver","Baby Driver",https://www.imdb.com/title/tt3890160,Movie,7.5,113,2017,"Action, Music, Crime, Drama, Romance, Thriller",696508,"2017-06-28","Edgar Wright"
tt5923962,6,2017-10-17,"Gantz: O","Gantz: O",https://www.imdb.com/title/tt5923962,Movie,7.1,95,2016,"Animation, Drama, Fantasy, Sci-Fi, Thriller, Action",18075,"2017-04-04","Yasushi Kawamura,Keiichi Satô"
tt3014284,8,2017-10-17,"The Lego Ninjago Movie","The Lego Ninjago Movie",https://www.imdb.com/title/tt3014284,Movie,6.1,101,2017,"Animation, Comedy, Adventure, Family, Drama, Fantasy, Sci-Fi, Thriller, Action",35671,"2017-09-22","Charlie Bean,Paul Fisher,Bob Logan"
tt3982254,9,2017-10-17,"Mad_e in Bangladesh","Mad_e in Bangladesh",https://www.imdb.com/title/tt3982254,Movie,8.2,106,2007,"Drama, Comedy",2805,"2007-01-01","Mostofa Sarwar Farooki"
tt0119558,5,2017-10-14,"Lolita","Lolita",https://www.imdb.com/title/tt0119558,Movie,6.8,137,1997,"Romance, Drama",75932,"1998-09-25","Adrian Lyne"
tt4635372,10,2017-10-14,"Masaan","Masaan",https://www.imdb.com/title/tt4635372,Movie,8.1,109,2015,"Drama",36206,"2015-06-24","Neeraj Ghaywan"
tt7166310,10,2017-10-14,"Dhananjay","Dhananjay",https://www.imdb.com/title/tt7166310,Movie,7.9,140,2017,"Drama",1142,"2017-08-11","Arindam Sil"
tt2564706,10,2017-10-14,"Television","Television",https://www.imdb.com/title/tt2564706,Movie,8.2,106,2012,"Drama, Comedy, Family, Romance",6176,"2013-01-25","Mostofa Sarwar Farooki"
tt5534436,8,2017-10-09,"Dhaka Attack","Dhaka Attack",https://www.imdb.com/title/tt5534436,Movie,7.5,147,2017,"Action, Thriller",5911,"2017-10-20","Dipankar Dipon"
tt0268978,10,2017-10-06,"A Beautiful Mind","A Beautiful Mind",https://www.imdb.com/title/tt0268978,Movie,8.2,135,2001,"Biography, Mystery, Drama",1065233,"2002-01-04","Ron Howard"
tt0266543,10,2017-10-04,"Finding Nemo","Finding Nemo",https://www.imdb.com/title/tt0266543,Movie,8.2,100,2003,"Animation, Family, Comedy, Adventure",1227205,"2003-05-30","Andrew Stanton,Lee Unkrich"
tt0119177,10,2017-10-03,"Gattaca","Gattaca",https://www.imdb.com/title/tt0119177,Movie,7.7,106,1997,"Sci-Fi, Drama, Thriller",351433,"1997-10-24","Andrew Niccol"
tt0095953,10,2017-10-01,"Rain Man","Rain Man",https://www.imdb.com/title/tt0095953,Movie,8.0,133,1988,"Drama",590923,"1988-12-16","Barry Levinson"
tt4888834,10,2017-10-01,"Ennu Ninte Moideen","Ennu Ninte Moideen",https://www.imdb.com/title/tt4888834,Movie,8.0,166,2015,"Drama, Romance, Biography",7727,"2015-09-19","R.S. Vimal"
tt0120815,10,2017-09-27,"Saving Private Ryan","Saving Private Ryan",https://www.imdb.com/title/tt0120815,Movie,8.6,169,1998,"Drama, War",1665416,"1998-07-24","Steven Spielberg"
tt5462602,10,2017-09-26,"The Big Sick","The Big Sick",https://www.imdb.com/title/tt5462602,Movie,7.5,120,2017,"Comedy, Romance, Drama",151794,"2017-07-14","Michael Showalter"
tt1645170,10,2017-09-23,"The Dictator","The Dictator",https://www.imdb.com/title/tt1645170,Movie,6.5,83,2012,"Comedy",373575,"2012-05-16","Larry Charles"
tt0443453,7,2017-09-23,"Borat","Borat: Cultural Learnings of America for Make Benefit Glorious Nation of Kazakhstan",https://www.imdb.com/title/tt0443453,Movie,7.4,84,2006,"Comedy",483914,"2006-11-03","Larry Charles"
tt1152836,10,2017-09-23,"Public Enemies","Public Enemies",https://www.imdb.com/title/tt1152836,Movie,6.9,140,2009,"Crime, Drama, Biography, History",337448,"2009-07-01","Michael Mann"
tt5335128,10,2017-09-21,"Kali","Kali",https://www.imdb.com/title/tt5335128,Movie,6.9,115,2016,"Thriller, Action, Drama",5997,"2016-04-01","Sameer Thahir"
tt0457430,8,2017-09-20,"Pan's Labyrinth","El laberinto del fauno",https://www.imdb.com/title/tt0457430,Movie,8.2,118,2006,"Drama, Fantasy, War",753985,"2007-01-19","Guillermo del Toro"
tt1754656,10,2017-09-18,"The Little Prince","Le petit prince",https://www.imdb.com/title/tt1754656,Movie,7.6,108,2015,"Animation, Fantasy, Adventure, Drama, Family, Sci-Fi, Comedy",72475,"2016-08-05","Mark Osborne"
tt2278388,10,2017-09-16,"The Grand Budapest Hotel","The Grand Budapest Hotel",https://www.imdb.com/title/tt2278388,Movie,8.1,99,2014,"Comedy, Drama",988415,"2014-03-28","Wes Anderson"
tt2191701,9,2017-09-16,"Grown Ups 2","Grown Ups 2",https://www.imdb.com/title/tt2191701,Movie,5.4,101,2013,"Comedy",195228,"2013-07-12","Dennis Dugan"
tt2648034,10,2017-09-16,"Annayum Rasoolum","Annayum Rasoolum",https://www.imdb.com/title/tt2648034,Movie,7.5,168,2013,"Romance, Drama",2998,"2013-01-04","Rajeev Ravi"
tt4651520,8,2017-09-16,"Bad Moms","Bad Moms",https://www.imdb.com/title/tt4651520,Movie,6.2,100,2016,"Comedy",142365,"2016-07-29","Jon Lucas,Scott Moore"
tt4899370,10,2017-09-16,"Megan Leavey","Megan Leavey",https://www.imdb.com/title/tt4899370,Movie,7.1,116,2017,"Drama, Biography, War, Action, History",30510,"2017-06-09","Gabriela Cowperthwaite"
tt0803096,10,2017-09-12,"Warcraft","Warcraft",https://www.imdb.com/title/tt0803096,Movie,6.7,123,2016,"Action, Adventure, Fantasy",298441,"2016-06-10","Duncan Jones"
tt0183505,9,2017-09-11,"Me, Myself & Irene","Me, Myself & Irene",https://www.imdb.com/title/tt0183505,Movie,6.6,116,2000,"Comedy",266161,"2000-06-23","Bobby Farrelly,Peter Farrelly"
tt0108052,10,2017-09-10,"Schindler's List","Schindler's List",https://www.imdb.com/title/tt0108052,Movie,9.0,196,1993,"Biography, History, Drama",1606462,"1994-02-04","Steven Spielberg"
tt4877122,8,2017-09-07,"The Emoji Movie","The Emoji Movie",https://www.imdb.com/title/tt4877122,Movie,3.5,86,2017,"Animation, Comedy, Family, Adventure, Fantasy, Sci-Fi",81354,"2017-07-28","Tony Leondis"
tt5700672,10,2017-09-05,"Train to Busan","Busanhaeng",https://www.imdb.com/title/tt5700672,Movie,7.6,118,2016,"Horror, Thriller, Action",316135,"2016-07-20","Yeon Sang-ho"
tt3717490,8,2017-09-04,"Power Rangers","Power Rangers",https://www.imdb.com/title/tt3717490,Movie,5.9,124,2017,"Action, Sci-Fi, Adventure, Fantasy",120185,"2017-03-24","Dean Israelite"
tt4981636,8,2017-09-04,"Middle School: The Worst Years of My Life","Middle School: The Worst Years of My Life",https://www.imdb.com/title/tt4981636,Movie,6.1,92,2016,"Comedy, Family",11245,"2016-10-07","Steve Carr"
tt3748528,10,2017-09-03,"Rogue One: A Star Wars Story","Rogue One",https://www.imdb.com/title/tt3748528,Movie,7.8,133,2016,"Action, Adventure, Sci-Fi",766917,"2016-12-16","Gareth Edwards"
tt0816692,10,2017-09-03,"Interstellar","Interstellar",https://www.imdb.com/title/tt0816692,Movie,8.7,169,2014,"Sci-Fi, Adventure",2615269,"2014-11-07","Christopher Nolan"
tt3465996,9,2017-09-02,"Vaayai Moodi Pesavum","Vaayai Moodi Pesavum",https://www.imdb.com/title/tt3465996,Movie,6.7,140,2014,"Comedy, Drama, Romance",2200,"2014-04-25","Balaji Mohan"
tt1375670,10,2017-08-31,"Grown Ups","Grown Ups",https://www.imdb.com/title/tt1375670,Movie,6.0,102,2010,"Comedy",319849,"2010-06-25","Dennis Dugan"
tt2250192,10,2017-08-29,"Sword Art Online","Sword Art Online",https://www.imdb.com/title/tt2250192,TV Series,7.5,24,2012,"Animation, Action, Fantasy, Sci-Fi, Thriller, Romance, Adventure, Drama",65184,"2012-07-08",
tt0182629,10,2017-08-29,"Rurouni Kenshin","Rurôni Kenshin: Meiji kenkaku romantan",https://www.imdb.com/title/tt0182629,TV Series,8.5,24,1996,"Animation, Thriller, History, Drama, Comedy, Action, Adventure",22330,"2003-03-17",
tt0434665,10,2017-08-29,"Bleach","Bleach",https://www.imdb.com/title/tt0434665,TV Series,8.3,24,2004,"Animation, Adventure, Fantasy, Action",100009,"2006-09-09",
tt2560140,10,2017-08-29,"Attack on Titan","Shingeki no kyojin",https://www.imdb.com/title/tt2560140,TV Series,9.1,24,2013,"Animation, Fantasy, Horror, Adventure, Drama, Action",750830,"2013-09-28",
tt4508902,7,2017-08-29,"One Punch Man","One Punch Man: Wanpanman",https://www.imdb.com/title/tt4508902,TV Series,8.6,24,2015,"Animation, Action, Comedy, Sci-Fi, Fantasy",231072,"2015-10-05",
tt5249462,10,2017-08-29,"Erased","Boku dake ga inai machi",https://www.imdb.com/title/tt5249462,TV Mini Series,8.4,22,2016,"Animation, Drama, Mystery, Sci-Fi, Thriller, Fantasy, Crime",77413,"2016-01-08",
tt1118804,10,2017-08-29,"Clannad","Kuranado",https://www.imdb.com/title/tt1118804,TV Series,8.2,24,2007,"Animation, Drama, Romance, Comedy, Fantasy",17888,"2007-10-05",
tt1639109,10,2017-08-29,"Angel Beats!","Angel Beats!",https://www.imdb.com/title/tt1639109,TV Series,7.6,25,2010,"Animation, Action, Drama, Comedy, Fantasy",18494,"2010-04-02",
tt3741634,10,2017-08-29,"Tokyo Ghoul","Tokyo Ghoul",https://www.imdb.com/title/tt3741634,TV Mini Series,7.7,24,2014,"Animation, Action, Drama, Fantasy, Horror, Thriller",85925,"2014-07-03",
tt2176165,10,2017-08-29,"Another","Anazâ",https://www.imdb.com/title/tt2176165,TV Mini Series,7.5,22,2012,"Animation, Horror, Drama, Mystery, Fantasy, Thriller",23004,"2012-01-10",
tt0325547,10,2017-08-29,"Hellsing","Herushingu",https://www.imdb.com/title/tt0325547,TV Mini Series,7.7,23,2001,"Animation, Horror, Fantasy, Action",20979,"2003-10-04",
tt0495212,7,2017-08-29,"Hellsing Ultimate","Hellsing Ultimate",https://www.imdb.com/title/tt0495212,TV Mini Series,8.2,50,2006,"Animation, Horror, Action, Fantasy",31714,"2006-12-05",
tt0423731,10,2017-08-29,"Samurai Champloo","Samurai Chanpurû",https://www.imdb.com/title/tt0423731,TV Series,8.5,24,2004,"Animation, Action, Adventure, Comedy, Drama, Thriller",65187,"2005-01-11",
tt0108885,10,2017-08-27,"Ocean Girl","Ocean Girl",https://www.imdb.com/title/tt0108885,TV Series,7.3,25,1994,"Action, Family, Fantasy, Thriller, Sci-Fi, Adventure",2129,"1994-10-03",
tt3005920,10,2017-08-27,"5 Sundarikal","5 Sundarikal",https://www.imdb.com/title/tt3005920,Movie,6.8,140,2013,"Romance, Drama",1348,"2013-06-22","Aashiq Abu,Siddharth Bharathan,Shyju Khalid,Amal Neerad,Anwar Rasheed,Sameer Thahir"
tt0209144,10,2017-08-26,"Memento","Memento",https://www.imdb.com/title/tt0209144,Movie,8.4,113,2000,"Thriller, Mystery",1461576,"2001-05-25","Christopher Nolan"
tt3164068,10,2017-08-25,"Salala Mobiles","Salala Mobiles",https://www.imdb.com/title/tt3164068,Movie,4.2,129,2014,"Comedy",975,"2014-01-23","Sharath Haridaasan"
tt3061202,9,2017-08-23,"Blue Skies, Green Waters, Red Earth","Neelakasham Pachakadal Chuvanna Bhoomi",https://www.imdb.com/title/tt3061202,Movie,7.6,137,2013,"Drama, Adventure, Romance, Thriller",4751,"2013-08-08","Sameer Thahir"
tt0287978,8,2017-08-23,"Daredevil","Daredevil",https://www.imdb.com/title/tt0287978,Movie,5.3,103,2003,"Crime, Sci-Fi, Drama, Action",242762,"2003-02-14","Mark Steven Johnson"
tt0137523,10,2017-08-22,"Fight Club","Fight Club",https://www.imdb.com/title/tt0137523,Movie,8.8,139,1999,"Drama, Crime, Thriller",2668065,"1999-10-15","David Fincher"
tt0116209,10,2017-08-19,"The English Patient","The English Patient",https://www.imdb.com/title/tt0116209,Movie,7.4,162,1996,"War, Romance, Drama",215561,"1996-12-06","Anthony Minghella"
tt1397496,6,2017-08-17,"Bibar","Bibar",https://www.imdb.com/title/tt1397496,Movie,6.4,113,2006,"Adventure, Crime, Drama, Romance",56,"2006-06-06","Subrata Sen"
tt3043252,9,2017-08-17,"Parched","Parched",https://www.imdb.com/title/tt3043252,Movie,7.5,116,2015,"Drama",6634,"2016-06-17","Leena Yadav"
tt3995348,8,2017-08-17,"100 Days of Love","100 Days of Love",https://www.imdb.com/title/tt3995348,Movie,6.6,153,2015,"Comedy, Romance",2923,"2015-03-20","Jenuse Mohamed"
tt0105323,10,2017-08-15,"Scent of a Woman","Scent of a Woman",https://www.imdb.com/title/tt0105323,Movie,8.0,156,1992,"Drama",376755,"1993-01-08","Martin Brest"
tt0405422,8,2017-08-15,"The 40-Year-Old Virgin","The 40 Year Old Virgin",https://www.imdb.com/title/tt0405422,Movie,7.1,116,2005,"Comedy, Romance",508868,"2005-08-19","Judd Apatow"
tt2922382,10,2017-08-14,"Neram","Neram",https://www.imdb.com/title/tt2922382,Movie,7.5,117,2013,"Drama, Thriller, Action, Comedy, Crime",5850,"2013-05-10","Alphonse Puthren"
tt1638355,9,2017-08-14,"The Man from U.N.C.L.E.","The Man from U.N.C.L.E.",https://www.imdb.com/title/tt1638355,Movie,7.2,116,2015,"Action, Adventure, Comedy",361147,"2015-08-14","Guy Ritchie"
tt1359552,8,2017-08-13,"Antaheen","Antaheen",https://www.imdb.com/title/tt1359552,Movie,7.9,120,2009,"Drama, Romance",1968,"2009-11-15","Aniruddha Roy Chowdhury"
tt4851630,10,2017-08-13,"Maheshinte Prathikaaram","Maheshinte Prathikaaram",https://www.imdb.com/title/tt4851630,Movie,8.3,120,2016,"Drama, Comedy, Romance",12111,"2016-02-05","Dileesh Pothan"
tt3449292,8,2017-08-13,"Manjhi: The Mountain Man","Manjhi: The Mountain Man",https://www.imdb.com/title/tt3449292,Movie,8.0,120,2015,"Drama, Biography",21494,"2015-08-21","Ketan Mehta"
tt2248028,10,2017-08-11,"Thattathin Marayathu","Thattathin Marayathu",https://www.imdb.com/title/tt2248028,Movie,7.5,127,2012,"Drama, Romance",4970,"2012-07-13","Vineeth Sreenivasan"
tt0421715,10,2017-08-10,"The Curious Case of Benjamin Button","The Curious Case of Benjamin Button",https://www.imdb.com/title/tt0421715,Movie,7.8,166,2008,"Romance, Drama, Fantasy",755485,"2008-12-25","David Fincher"
tt3517192,10,2017-08-06,"Ohm Shanthi Oshaana","Ohm Shanthi Oshaana",https://www.imdb.com/title/tt3517192,Movie,7.7,136,2014,"Romance, Comedy",7352,"2014-02-07","Jude Anthany Joseph"
tt2404435,10,2017-08-06,"The Magnificent Seven","The Magnificent Seven",https://www.imdb.com/title/tt2404435,Movie,6.9,132,2016,"Action, Western, Adventure, Drama",249680,"2016-09-23","Antoine Fuqua"
tt5312232,10,2017-08-01,"Sairat","Sairat",https://www.imdb.com/title/tt5312232,Movie,8.3,174,2016,"Romance, Drama",16622,"2016-04-29","Nagraj Manjule"
tt2278871,7,2017-07-31,"Blue Is the Warmest Colour","La Vie d'Adèle: Chapitres 1 et 2",https://www.imdb.com/title/tt2278871,Movie,7.6,180,2013,"Drama, Romance",174922,"2013-10-09","Abdellatif Kechiche"
tt5440700,8,2017-07-31,"Theri","Theri",https://www.imdb.com/title/tt5440700,Movie,7.4,157,2016,"Action, Crime, Drama, Thriller",26950,"2016-04-15","Atlee"
tt1182937,10,2017-07-30,"Rab Ne Bana Di Jodi","Rab Ne Bana Di Jodi",https://www.imdb.com/title/tt1182937,Movie,7.2,167,2008,"Drama, Romance, Comedy, Music",60455,"2008-12-12","Aditya Chopra"
tt5764096,10,2017-07-30,"Hindi Medium","Hindi Medium",https://www.imdb.com/title/tt5764096,Movie,7.9,132,2017,"Drama, Comedy",36662,"2017-05-19","Saket Chaudhary,Kumar Pawan"
tt3203910,6,2017-07-28,"Raja Rani","Raja Rani",https://www.imdb.com/title/tt3203910,Movie,7.6,160,2013,"Comedy, Romance, Drama",6791,"2013-09-26","Atlee"
tt0783233,8,2017-07-27,"Atonement","Atonement",https://www.imdb.com/title/tt0783233,Movie,7.8,123,2007,"Drama, Romance, Mystery, War",334194,"2008-01-11","Joe Wright"
tt2218988,9,2017-07-25,"Ustad Hotel","Ustad Hotel",https://www.imdb.com/title/tt2218988,Movie,8.2,151,2012,"Musical, Comedy, Drama",19209,"2012-06-29","Anwar Rasheed"
tt5082014,8,2017-07-22,"Charlie","Charlie",https://www.imdb.com/title/tt5082014,Movie,8.1,130,2015,"Thriller, Drama, Adventure, Romance",15441,"2015-12-25","Martin Prakkat"
tt4679210,10,2017-07-21,"Premam","Premam",https://www.imdb.com/title/tt4679210,Movie,8.3,156,2015,"Musical, Romance, Comedy, Drama",29054,"2015-06-12","Alphonse Puthren"
tt0102926,10,2017-07-21,"The Silence of the Lambs","The Silence of the Lambs",https://www.imdb.com/title/tt0102926,Movie,8.6,118,1991,"Crime, Drama, Horror, Thriller",1754065,"1991-02-14","Jonathan Demme"
tt5523594,10,2017-07-20,"Rupkothar Golpo","Rupkothar Golpo",https://www.imdb.com/title/tt5523594,Movie,7.6,,2006,"Drama",350,"2006-10-25","Tauquir Ahmed"
tt5510934,10,2017-07-20,"The Unnamed","Oggatonama",https://www.imdb.com/title/tt5510934,Movie,8.9,100,2016,"Drama",6237,"2016-08-19","Tauquir Ahmed"
tt3668162,10,2017-07-20,"Bangalore Days","Bangalore Days",https://www.imdb.com/title/tt3668162,Movie,8.3,171,2014,"Musical, Romance, Drama, Comedy",28829,"2014-05-30","Anjali Menon"
tt1727388,8,2017-07-20,"The Way Way Back","The Way, Way Back",https://www.imdb.com/title/tt1727388,Movie,7.4,103,2013,"Comedy, Drama",165140,"2013-07-26","Nat Faxon,Jim Rash"
tt4287320,7,2017-07-19,"The Circle","The Circle",https://www.imdb.com/title/tt4287320,Movie,5.4,110,2017,"Sci-Fi, Thriller, Drama, Mystery",106196,"2017-04-28","James Ponsoldt"
tt1274296,10,2017-07-14,"Listen to Your Heart","Listen to Your Heart",https://www.imdb.com/title/tt1274296,Movie,6.9,102,2010,"Drama, Music, Romance",4953,"2011-05-04","Matt Thompson"
tt2250912,9,2017-07-12,"Spider-Man: Homecoming","Spider-Man: Homecoming",https://www.imdb.com/title/tt2250912,Movie,7.4,133,2017,"Action, Sci-Fi, Adventure",840638,"2017-07-07","Jon Watts"
tt0107822,7,2017-07-11,"The Piano","The Piano",https://www.imdb.com/title/tt0107822,Movie,7.5,121,1993,"Music, Romance, Drama",102654,"1994-02-11","Jane Campion"
tt3469046,9,2017-07-10,"Despicable Me 3","Despicable Me 3",https://www.imdb.com/title/tt3469046,Movie,6.3,90,2017,"Animation, Adventure, Comedy, Family, Sci-Fi, Crime",186619,"2017-06-30","Kyle Balda,Pierre Coffin,Eric Guillon"
tt0119217,10,2017-07-09,"Good Will Hunting","Good Will Hunting",https://www.imdb.com/title/tt0119217,Movie,8.4,126,1997,"Romance, Drama",1245640,"1998-01-09","Gus Van Sant"
tt1762399,7,2017-07-09,"Walking with Dinosaurs 3D","Walking with Dinosaurs 3D",https://www.imdb.com/title/tt1762399,Movie,5.2,87,2013,"Animation, Family, Adventure, Comedy",12613,"2013-12-19","Barry Cook,Neil Nightingale"
tt0105156,8,2017-07-09,"Poison Ivy","Poison Ivy",https://www.imdb.com/title/tt0105156,Movie,5.4,93,1992,"Drama, Thriller",21804,"1992-05-08","Katt Shea"
tt0446802,10,2017-07-09,"A West Texas Children's Story","Have Dreams, Will Travel",https://www.imdb.com/title/tt0446802,Movie,7.2,86,2007,"Drama, Romance",2069,"2008-06-06","Brad Isaacs"
tt0364517,8,2017-07-08,"Love Me If You Dare","Jeux d'enfants",https://www.imdb.com/title/tt0364517,Movie,7.5,93,2003,"Drama, Romance, Comedy",74700,"2004-05-28","Yann Samuell"
tt2123129,10,2017-07-04,"3","3",https://www.imdb.com/title/tt2123129,Movie,7.4,145,2012,"Drama, Romance, Mystery, Thriller",7403,"2012-03-30","Aishwarya Rajinikanth"
tt0097493,6,2017-07-03,"Heathers","Heathers",https://www.imdb.com/title/tt0097493,Movie,7.1,103,1989,"Crime, Comedy",127723,"1989-03-31","Michael Lehmann"
tt1255953,6,2017-07-02,"Incendies","Incendies",https://www.imdb.com/title/tt1255953,Movie,8.3,131,2010,"Drama, Mystery, War",260479,"2011-04-22","Denis Villeneuve"
tt0405094,8,2017-07-02,"The Lives of Others","Das Leben der Anderen",https://www.imdb.com/title/tt0405094,Movie,8.4,137,2006,"Drama, Thriller, Mystery",447729,"2007-03-30","Florian Henckel von Donnersmarck"
tt0970866,8,2017-07-01,"Little Fockers","Little Fockers",https://www.imdb.com/title/tt0970866,Movie,5.5,98,2010,"Comedy, Romance",127720,"2010-12-22","Paul Weitz"
tt2788732,8,2017-06-30,"Pete's Dragon","Pete's Dragon",https://www.imdb.com/title/tt2788732,Movie,6.7,102,2016,"Family, Adventure, Fantasy, Action, Comedy, Drama",64929,"2016-08-12","David Lowery"
tt0995868,10,2017-06-30,"Pele: Birth of a Legend","Pelé: Birth of a Legend",https://www.imdb.com/title/tt0995868,Movie,7.1,107,2016,"Biography, Drama, Sport",23954,"2016-05-13","Jeff Zimbalist,Michael Zimbalist"
tt2361509,10,2017-06-29,"The Intern","The Intern",https://www.imdb.com/title/tt2361509,Movie,7.1,121,2015,"Comedy, Drama",315525,"2015-09-25","Nancy Meyers"
tt2091256,8,2017-06-28,"Captain Underpants: The First Epic Movie","Captain Underpants: The First Epic Movie",https://www.imdb.com/title/tt2091256,Movie,6.2,89,2017,"Animation, Comedy, Action, Family, Adventure, Sci-Fi",37520,"2017-06-02","David Soren"
tt3606752,9,2017-06-28,"Cars 3","Cars 3",https://www.imdb.com/title/tt3606752,Movie,6.7,102,2017,"Animation, Comedy, Family, Sport, Adventure",158250,"2017-06-16","Brian Fee"
tt2306299,10,2017-06-28,"Vikings","Vikings",https://www.imdb.com/title/tt2306299,TV Series,8.5,45,2013,"Action, Drama, History, War, Adventure",651153,"2013-03-03",
tt0120888,8,2017-06-25,"The Wedding Singer","The Wedding Singer",https://www.imdb.com/title/tt0120888,Movie,6.9,97,1998,"Music, Romance, Comedy",175283,"1998-02-13","Frank Coraci"
tt0111161,10,2017-06-25,"The Shawshank Redemption","The Shawshank Redemption",https://www.imdb.com/title/tt0111161,Movie,9.3,142,1994,"Drama",3246754,"1994-10-14","Frank Darabont"
tt0119698,8,2017-06-24,"Princess Mononoke","Mononoke-hime",https://www.imdb.com/title/tt0119698,Movie,8.3,133,1997,"Animation, Adventure, Fantasy",492026,"1997-07-12","Hayao Miyazaki"
tt0118715,8,2017-06-23,"The Big Lebowski","The Big Lebowski",https://www.imdb.com/title/tt0118715,Movie,8.1,117,1998,"Crime, Comedy",925582,"1998-03-06","Joel Coen,Ethan Coen"
tt0092005,10,2017-06-22,"Stand by Me","Stand by Me",https://www.imdb.com/title/tt0092005,Movie,8.1,89,1986,"Drama, Adventure",495997,"1986-08-22","Rob Reiner"
tt0162661,9,2017-06-21,"Sleepy Hollow","Sleepy Hollow",https://www.imdb.com/title/tt0162661,Movie,7.3,105,1999,"Mystery, Fantasy, Horror",417169,"1999-11-19","Tim Burton"
tt1055292,9,2017-06-21,"Life as We Know It","Life as We Know It",https://www.imdb.com/title/tt1055292,Movie,6.5,114,2010,"Comedy, Drama, Romance",146544,"2010-10-08","Greg Berlanti"
tt4481414,10,2017-06-21,"Gifted","Gifted",https://www.imdb.com/title/tt4481414,Movie,7.6,101,2017,"Drama",162397,"2017-04-12","Marc Webb"
tt0110167,9,2017-06-20,"It Could Happen to You","It Could Happen to You",https://www.imdb.com/title/tt0110167,Movie,6.4,101,1994,"Romance, Drama, Comedy",49820,"1994-07-29","Andrew Bergman"
tt1878870,9,2017-06-19,"The Edge of Seventeen","The Edge of Seventeen",https://www.imdb.com/title/tt1878870,Movie,7.3,104,2016,"Comedy, Drama, Romance",153440,"2016-11-18","Kelly Fremon Craig"
tt0408236,8,2017-06-19,"Sweeney Todd: The Demon Barber of Fleet Street","Sweeney Todd: The Demon Barber of Fleet Street",https://www.imdb.com/title/tt0408236,Movie,7.3,116,2007,"Musical, Drama, Thriller, Horror",409823,"2007-12-21","Tim Burton"
tt1605783,7,2017-06-19,"Midnight in Paris","Midnight in Paris",https://www.imdb.com/title/tt1605783,Movie,7.6,94,2011,"Comedy, Romance, Fantasy",474569,"2011-06-10","Woody Allen"
tt0317248,10,2017-06-18,"City of God","Cidade de Deus",https://www.imdb.com/title/tt0317248,Movie,8.6,130,2002,"Drama, Crime",883706,"2004-02-13","Fernando Meirelles,Kátia Lund"
tt2582496,10,2017-06-16,"Me and Earl and the Dying Girl","Me and Earl and the Dying Girl",https://www.imdb.com/title/tt2582496,Movie,7.7,105,2015,"Drama, Comedy",145468,"2015-07-01","Alfonso Gomez-Rejon"
tt0118799,10,2017-06-15,"Life Is Beautiful","La vita è bella",https://www.imdb.com/title/tt0118799,Movie,8.6,116,1997,"Comedy, War, Romance, Drama",824445,"1997-12-20","Roberto Benigni"
tt1104001,8,2017-06-15,"Tron: Legacy","Tron: Legacy",https://www.imdb.com/title/tt1104001,Movie,6.8,125,2010,"Action, Adventure, Sci-Fi",390167,"2010-12-17","Joseph Kosinski"
tt2345759,7,2017-06-14,"The Mummy","The Mummy",https://www.imdb.com/title/tt2345759,Movie,5.4,110,2017,"Action, Adventure, Fantasy, Thriller, Horror",225538,"2017-06-09","Alex Kurtzman"
tt0451279,8,2017-06-14,"Wonder Woman","Wonder Woman",https://www.imdb.com/title/tt0451279,Movie,7.3,141,2017,"Action, Adventure, Fantasy, Sci-Fi, War",742582,"2017-06-02","Patty Jenkins"
tt0119488,10,2017-06-12,"L.A. Confidential","L.A. Confidential",https://www.imdb.com/title/tt0119488,Movie,8.2,138,1997,"Crime, Drama, Thriller, Mystery",664630,"1997-09-19","Curtis Hanson"
tt1790809,9,2017-06-11,"Pirates of the Caribbean: Dead Men Tell No Tales","Pirates of the Caribbean: Dead Men Tell No Tales",https://www.imdb.com/title/tt1790809,Movie,6.5,129,2017,"Action, Adventure, Fantasy",392569,"2017-05-26","Joachim Rønning,Espen Sandberg"
tt0821640,8,2017-06-10,"Ghosts of Girlfriends Past","Ghosts of Girlfriends Past",https://www.imdb.com/title/tt0821640,Movie,5.8,100,2009,"Comedy, Romance, Fantasy",101223,"2009-05-01","Mark Waters"
tt0305224,7,2017-06-09,"Anger Management","Anger Management",https://www.imdb.com/title/tt0305224,Movie,6.3,106,2003,"Comedy",244494,"2003-04-11","Peter Segal"
tt2562232,7,2017-06-08,"Birdman or (The Unexpected Virtue of Ignorance)","Birdman or (The Unexpected Virtue of Ignorance)",https://www.imdb.com/title/tt2562232,Movie,7.7,119,2014,"Comedy, Drama",704310,"2014-11-14","Alejandro G. Iñárritu"
tt0404203,8,2017-06-07,"Little Children","Little Children",https://www.imdb.com/title/tt0404203,Movie,7.5,137,2006,"Drama, Romance",122762,"2007-02-09","Todd Field"
tt0492956,8,2017-06-07,"The Game Plan","The Game Plan",https://www.imdb.com/title/tt0492956,Movie,6.2,110,2007,"Comedy, Family, Sport",104832,"2007-09-28","Andy Fickman"
tt0385880,10,2017-06-07,"Monster House","Monster House",https://www.imdb.com/title/tt0385880,Movie,6.7,91,2006,"Animation, Family, Comedy, Mystery, Fantasy",158653,"2006-07-21","Gil Kenan"
tt0424774,6,2017-06-07,"The Adventures of Sharkboy and Lavagirl 3-D","The Adventures of Sharkboy and Lavagirl in 3-D",https://www.imdb.com/title/tt0424774,Movie,3.9,93,2005,"Family, Action, Adventure, Fantasy, Comedy, Sci-Fi",47280,"2005-06-10","Robert Rodriguez"
tt0396555,10,2017-06-07,"Meet the Robinsons","Meet the Robinsons",https://www.imdb.com/title/tt0396555,Movie,6.9,95,2007,"Animation, Adventure, Family, Comedy, Sci-Fi",123812,"2007-03-30","Stephen J. Anderson"
tt0371606,9,2017-06-07,"Chicken Little","Chicken Little",https://www.imdb.com/title/tt0371606,Movie,5.7,81,2005,"Animation, Family, Comedy, Sci-Fi, Adventure, Fantasy",111056,"2005-11-04","Mark Dindal"
tt0088161,8,2017-06-06,"Splash","Splash",https://www.imdb.com/title/tt0088161,Movie,6.3,111,1984,"Romance, Comedy, Fantasy",89384,"1984-03-09","Ron Howard"
tt0426931,9,2017-06-06,"August Rush","August Rush",https://www.imdb.com/title/tt0426931,Movie,7.4,114,2007,"Drama, Music",115357,"2007-11-21","Kirsten Sheridan"
tt1691916,7,2017-06-05,"Before I Fall","Before I Fall",https://www.imdb.com/title/tt1691916,Movie,6.4,98,2017,"Drama, Mystery, Fantasy",61571,"2017-03-03","Ry Russo-Young"
tt0449059,10,2017-06-03,"Little Miss Sunshine","Little Miss Sunshine",https://www.imdb.com/title/tt0449059,Movie,7.8,101,2006,"Comedy, Drama",566888,"2006-08-18","Jonathan Dayton,Valerie Faris"
tt3922818,8,2017-06-01,"The Space Between Us","The Space Between Us",https://www.imdb.com/title/tt3922818,Movie,6.4,120,2017,"Sci-Fi, Drama, Romance",59242,"2017-02-03","Peter Chelsom"
tt5323662,8,2017-05-31,"A Silent Voice: The Movie","Koe no katachi",https://www.imdb.com/title/tt5323662,Movie,8.2,130,2016,"Animation, Drama",151052,"2016-09-17","Naoko Yamada"
tt0431308,9,2017-05-31,"P.S. I Love You","P.S. I Love You",https://www.imdb.com/title/tt0431308,Movie,7.0,126,2007,"Drama, Romance, Comedy",227069,"2007-12-21","Richard LaGravenese"
tt2034800,8,2017-05-30,"The Great Wall","The Great Wall",https://www.imdb.com/title/tt2034800,Movie,5.9,103,2016,"Thriller, Action, Adventure, Fantasy",161680,"2017-02-17","Yimou Zhang"
tt1748122,10,2017-05-28,"Moonrise Kingdom","Moonrise Kingdom",https://www.imdb.com/title/tt1748122,Movie,7.7,94,2012,"Drama, Comedy, Romance, Adventure, Fantasy",385358,"2012-06-29","Wes Anderson"
tt3896198,8,2017-05-28,"Guardians of the Galaxy: Vol. 2","Guardians of the Galaxy Vol.2",https://www.imdb.com/title/tt3896198,Movie,7.6,136,2017,"Action, Sci-Fi, Adventure, Comedy, Fantasy, Music",848605,"2017-05-05","James Gunn"
tt0187393,10,2017-05-27,"The Patriot","The Patriot",https://www.imdb.com/title/tt0187393,Movie,7.2,165,2000,"Drama, War, Action",316980,"2000-06-28","Roland Emmerich"
tt2975590,8,2017-05-26,"Batman v Superman: Dawn of Justice","Batman v Superman: Dawn of Justice",https://www.imdb.com/title/tt2975590,Movie,6.4,151,2016,"Sci-Fi",800109,"2016-03-25","Zack Snyder"
tt0119822,8,2017-05-25,"As Good as It Gets","As Good as It Gets",https://www.imdb.com/title/tt0119822,Movie,7.7,139,1997,"Romance, Drama, Comedy",340669,"1997-12-25","James L. Brooks"
tt0407887,9,2017-05-22,"The Departed","The Departed",https://www.imdb.com/title/tt0407887,Movie,8.5,151,2006,"Crime, Drama, Thriller",1582139,"2006-10-06","Martin Scorsese"
tt0361748,10,2017-05-22,"Inglourious Basterds","Inglourious Basterds",https://www.imdb.com/title/tt0361748,Movie,8.4,153,2009,"War, Drama",1821741,"2009-08-21","Quentin Tarantino"
tt0112573,10,2017-05-21,"Braveheart","Braveheart",https://www.imdb.com/title/tt0112573,Movie,8.3,178,1995,"Drama, War",1173737,"1995-05-24","Mel Gibson"
tt5475244,8,2017-05-20,"Load Shedding","Load Shedding",https://www.imdb.com/title/tt5475244,Movie,7.6,110,2015,"Drama, Romance",405,"2015-12-13","Soukarya Ghosal"
tt1031243,7,2017-05-20,"The Garden of Eden","The Garden of Eden",https://www.imdb.com/title/tt1031243,Movie,5.3,111,2008,"Drama, Thriller",1369,"2011-09-15","John Irvin"
tt1334260,6,2017-05-20,"Never Let Me Go","Never Let Me Go",https://www.imdb.com/title/tt1334260,Movie,7.1,103,2010,"Drama, Romance, Sci-Fi",161427,"2010-10-15","Mark Romanek"
tt0412922,10,2017-05-17,"Little Manhattan","Little Manhattan",https://www.imdb.com/title/tt0412922,Movie,7.4,90,2005,"Comedy, Romance, Family",26164,"2006-01-05","Mark Levin"
tt0099685,8,2017-05-15,"GoodFellas","GoodFellas",https://www.imdb.com/title/tt0099685,Movie,8.7,145,1990,"Biography, Crime, Drama",1416447,"1990-09-21","Martin Scorsese"
tt0167260,10,2017-05-14,"The Lord of the Rings: The Return of the King","The Lord of the Rings: The Return of the King",https://www.imdb.com/title/tt0167260,Movie,9.0,201,2003,"Drama, Adventure, Fantasy",2197709,"2003-12-17","Peter Jackson"
tt2119532,9,2017-05-14,"Hacksaw Ridge","Hacksaw Ridge",https://www.imdb.com/title/tt2119532,Movie,8.1,139,2016,"Drama, War, History, Biography",698699,"2016-11-04","Mel Gibson"
tt4849438,9,2017-05-12,"Baahubali 2: The Conclusion","Bãhubali 2: The Conclusion",https://www.imdb.com/title/tt4849438,Movie,8.2,167,2017,"Action, Drama",137074,"2017-04-28","S.S. Rajamouli"
tt0110912,7,2017-05-10,"Pulp Fiction","Pulp Fiction",https://www.imdb.com/title/tt0110912,Movie,8.8,154,1994,"Crime, Drama",2472369,"1994-10-14","Quentin Tarantino"
tt1937390,5,2017-05-08,"Nymphomaniac: Vol. I","Nymphomaniac: Vol. I",https://www.imdb.com/title/tt1937390,Movie,6.9,117,2013,"Drama",140164,"2014-03-06","Lars von Trier"
tt2261287,4,2017-05-06,"Leap!","Ballerina",https://www.imdb.com/title/tt2261287,Movie,6.8,89,2016,"Animation, Adventure, Family, Comedy, Music",27252,"2017-08-25","Eric Summer,Éric Warin"
tt0094737,9,2017-05-03,"Big","Big",https://www.imdb.com/title/tt0094737,Movie,7.3,104,1988,"Drama, Romance, Comedy, Fantasy",263974,"1988-06-03","Penny Marshall"
tt3895150,10,2017-05-01,"Your Lie in April","Shigatsu wa kimi no uso",https://www.imdb.com/title/tt3895150,TV Series,8.6,23,2014,"Animation, Drama, Music, Romance, Comedy",54452,"2014-10-09",
tt1058017,9,2017-04-27,"The Invention of Lying","The Invention of Lying",https://www.imdb.com/title/tt1058017,Movie,6.4,100,2009,"Comedy, Fantasy, Romance",158629,"2009-10-02","Ricky Gervais,Matthew Robinson"
tt0481141,8,2017-04-21,"No Reservations","No Reservations",https://www.imdb.com/title/tt0481141,Movie,6.4,104,2007,"Drama, Romance, Comedy",86293,"2007-07-27","Scott Hicks"
tt0976051,7,2017-04-19,"The Reader","The Reader",https://www.imdb.com/title/tt0976051,Movie,7.6,124,2008,"Drama, Romance, Mystery",275811,"2009-01-30","Stephen Daldry"
tt0959337,9,2017-04-19,"Revolutionary Road","Revolutionary Road",https://www.imdb.com/title/tt0959337,Movie,7.3,119,2008,"Drama, Romance",238851,"2009-01-23","Sam Mendes"
tt0102492,10,2017-04-18,"My Girl","My Girl",https://www.imdb.com/title/tt0102492,Movie,6.9,102,1991,"Family, Comedy, Romance, Drama",99493,"1991-11-27","Howard Zieff"
tt1219827,7,2017-04-17,"Ghost in the Shell","Ghost in the Shell",https://www.imdb.com/title/tt1219827,Movie,6.3,107,2017,"Action, Drama, Sci-Fi, Thriller, Crime, Mystery",241956,"2017-03-31","Rupert Sanders"
tt2771200,8,2017-04-16,"Beauty and the Beast","Beauty and the Beast",https://www.imdb.com/title/tt2771200,Movie,7.1,129,2017,"Musical, Fantasy, Romance, Family, Adventure",363290,"2017-03-17","Bill Condon"
tt3874544,7,2017-04-16,"The Boss Baby","The Boss Baby",https://www.imdb.com/title/tt3874544,Movie,6.3,97,2017,"Animation, Comedy, Family, Fantasy, Adventure",162319,"2017-03-31","Tom McGrath"
tt3731562,9,2017-04-15,"Kong: Skull Island","Kong: Skull Island",https://www.imdb.com/title/tt3731562,Movie,6.7,118,2017,"Action, Adventure, Fantasy, Sci-Fi",379445,"2017-03-10","Jordan Vogt-Roberts"
tt0374812,7,2017-04-01,"Lalsalu","Lalsalu",https://www.imdb.com/title/tt0374812,Movie,7.7,110,2001,"Comedy, Drama",1125,"2001","Tanvir Mokammel"
tt0800039,10,2017-03-27,"Forgetting Sarah Marshall","Forgetting Sarah Marshall",https://www.imdb.com/title/tt0800039,Movie,7.1,111,2008,"Comedy, Romance, Drama",322795,"2008-04-18","Nicholas Stoller"
tt0241303,8,2017-03-26,"Chocolat","Chocolat",https://www.imdb.com/title/tt0241303,Movie,7.2,121,2000,"Romance, Drama",211799,"2001-01-19","Lasse Hallström"
tt0452694,8,2017-03-24,"The Time Traveler's Wife","The Time Traveler's Wife",https://www.imdb.com/title/tt0452694,Movie,7.1,107,2009,"Drama, Romance, Fantasy, Sci-Fi",168463,"2009-08-14","Robert Schwentke"
tt1001508,10,2017-03-21,"He's Just Not That Into You","He's Just Not That Into You",https://www.imdb.com/title/tt1001508,Movie,6.4,129,2009,"Comedy, Drama, Romance",198045,"2009-02-06","Ken Kwapis"
tt0889573,8,2017-03-20,"The Switch","The Switch",https://www.imdb.com/title/tt0889573,Movie,6.1,101,2010,"Comedy, Romance, Drama",118392,"2010-08-20","Josh Gordon,Will Speck"
tt0413895,8,2017-03-20,"Charlotte's Web","Charlotte's Web",https://www.imdb.com/title/tt0413895,Movie,6.3,97,2006,"Family, Comedy, Fantasy, Adventure",50603,"2006-12-15","Gary Winick"
tt0410297,8,2017-03-18,"The Lake House","The Lake House",https://www.imdb.com/title/tt0410297,Movie,6.8,99,2006,"Drama, Romance, Fantasy",167039,"2006-06-16","Alejandro Agresti"
tt0356910,8,2017-03-18,"Mr. & Mrs. Smith","Mr. & Mrs. Smith",https://www.imdb.com/title/tt0356910,Movie,6.5,120,2005,"Comedy, Crime, Thriller, Action",603408,"2005-06-10","Doug Liman"
tt0421994,6,2017-03-17,"Imagine Me & You","Imagine Me & You",https://www.imdb.com/title/tt0421994,Movie,6.8,90,2005,"Comedy, Romance, Drama",40168,"2006-05-25","Ol Parker"
tt0107048,8,2017-03-16,"Groundhog Day","Groundhog Day",https://www.imdb.com/title/tt0107048,Movie,8.0,101,1993,"Fantasy, Drama, Romance, Comedy",741667,"1993-02-12","Harold Ramis"
tt5354160,10,2017-03-15,"Mirror Game","Aynabaji",https://www.imdb.com/title/tt5354160,Movie,8.8,147,2016,"Crime, Mystery, Thriller",31173,"2016-09-30","Amitabh Reza Chowdhury"
tt1700841,5,2017-03-14,"Sausage Party","Sausage Party",https://www.imdb.com/title/tt1700841,Movie,6.1,89,2016,"Animation, Comedy, Adventure, Fantasy",229468,"2016-08-12","Greg Tiernan,Conrad Vernon"
tt0248126,10,2017-03-14,"Kabhi Khushi Kabhie Gham...","Kabhi Khushi Kabhie Gham...",https://www.imdb.com/title/tt0248126,Movie,7.5,210,2001,"Musical, Drama, Romance",63979,"2001-12-14","Karan Johar"
tt1559547,7,2017-03-13,"Beautiful Creatures","Beautiful Creatures",https://www.imdb.com/title/tt1559547,Movie,6.1,124,2013,"Drama, Fantasy, Romance",94007,"2013-02-14","Richard LaGravenese"
tt1570728,10,2017-03-12,"Crazy, Stupid, Love.","Crazy, Stupid, Love.",https://www.imdb.com/title/tt1570728,Movie,7.4,118,2011,"Comedy, Romance, Drama",630695,"2011-07-29","Glenn Ficarra,John Requa"
tt1187043,10,2017-03-12,"3 Idiots","3 Idiots",https://www.imdb.com/title/tt1187043,Movie,8.4,170,2009,"Drama, Comedy",490650,"2009-12-25","Rajkumar Hirani"
tt0389860,9,2017-03-11,"Click","Click",https://www.imdb.com/title/tt0389860,Movie,6.5,107,2006,"Comedy, Drama, Romance, Fantasy",393256,"2006-06-23","Frank Coraci"
tt0252076,9,2017-03-11,"Maid in Manhattan","Maid in Manhattan",https://www.imdb.com/title/tt0252076,Movie,5.4,105,2002,"Drama, Romance, Comedy",103422,"2002-12-13","Wayne Wang"
tt0129387,8,2017-03-11,"There's Something About Mary","There's Something About Mary",https://www.imdb.com/title/tt0129387,Movie,7.1,119,1998,"Romance, Comedy",351557,"1998-07-15","Bobby Farrelly,Peter Farrelly"
tt0092890,10,2017-03-08,"Dirty Dancing","Dirty Dancing",https://www.imdb.com/title/tt0092890,Movie,7.1,100,1987,"Music, Romance, Drama",285048,"1987-08-21","Emile Ardolino"
tt0133093,10,2017-03-08,"The Matrix","The Matrix",https://www.imdb.com/title/tt0133093,Movie,8.7,136,1999,"Action, Sci-Fi",2283078,"1999-03-31","Lana Wachowski,Lilly Wachowski"
tt1411238,7,2017-03-07,"No Strings Attached","No Strings Attached",https://www.imdb.com/title/tt1411238,Movie,6.2,108,2011,"Comedy, Romance",257131,"2011-01-21","Ivan Reitman"
tt0817230,9,2017-03-07,"Valentine's Day","Valentine's Day",https://www.imdb.com/title/tt0817230,Movie,5.8,125,2010,"Comedy, Romance",132053,"2010-02-12","Garry Marshall"
tt0832266,10,2017-03-07,"Definitely, Maybe","Definitely, Maybe",https://www.imdb.com/title/tt0832266,Movie,7.1,112,2008,"Comedy, Romance, Drama",182913,"2008-02-14","Adam Brooks"
tt1185416,9,2017-03-07,"When in Rome","When in Rome",https://www.imdb.com/title/tt1185416,Movie,5.5,91,2010,"Comedy, Romance",67484,"2010-01-29","Mark Steven Johnson"
tt1216492,9,2017-03-07,"Leap Year","Leap Year",https://www.imdb.com/title/tt1216492,Movie,6.5,100,2010,"Comedy, Romance",117568,"2010-01-08","Anand Tucker"
tt0209475,7,2017-03-06,"The Wedding Planner","The Wedding Planner",https://www.imdb.com/title/tt0209475,Movie,5.4,103,2001,"Romance, Comedy",94305,"2001-01-26","Adam Shankman"
tt0213890,10,2017-03-06,"Mohabbatein","Mohabbatein",https://www.imdb.com/title/tt0213890,Movie,7.1,216,2000,"Musical, Romance, Drama",37985,"2000-10-27","Aditya Chopra"
tt0128853,10,2017-03-06,"You've Got Mail","You've Got Mail",https://www.imdb.com/title/tt0128853,Movie,6.8,119,1998,"Drama, Romance, Comedy",249038,"1998-12-18","Nora Ephron"
tt0035423,8,2017-03-06,"Kate & Leopold","Kate & Leopold",https://www.imdb.com/title/tt0035423,Movie,6.4,118,2001,"Romance, Comedy, Fantasy",94884,"2001-12-25","James Mangold"
tt4302938,7,2017-03-05,"Kubo and the Two Strings","Kubo and the Two Strings",https://www.imdb.com/title/tt4302938,Movie,7.7,101,2016,"Animation, Adventure, Family, Fantasy, Action, Drama",148636,"2016-08-19","Travis Knight"
tt3183660,8,2017-03-05,"Fantastic Beasts and Where to Find Them","Fantastic Beasts and Where to Find Them",https://www.imdb.com/title/tt3183660,Movie,7.2,132,2016,"Adventure, Family, Fantasy",546221,"2016-11-18","David Yates"
tt2356180,8,2017-03-05,"Bhaag Milkha Bhaag","Bhaag Milkha Bhaag",https://www.imdb.com/title/tt2356180,Movie,8.2,186,2013,"Biography, Drama, Sport",80129,"2013-07-12","Rakeysh Omprakash Mehra"
tt0446029,7,2017-03-05,"Scott Pilgrim vs. the World","Scott Pilgrim vs. the World",https://www.imdb.com/title/tt0446029,Movie,7.5,112,2010,"Action, Comedy, Romance, Fantasy",501609,"2010-08-13","Edgar Wright"
tt0414387,7,2017-03-04,"Pride & Prejudice","Pride & Prejudice",https://www.imdb.com/title/tt0414387,Movie,7.8,129,2005,"Romance, Drama",383827,"2005-11-23","Joe Wright"
tt0092099,10,2017-03-04,"Top Gun","Top Gun",https://www.imdb.com/title/tt0092099,Movie,7.0,109,1986,"Drama, Action",562129,"1986-05-16","Tony Scott"
tt0467406,9,2017-03-04,"Juno","Juno",https://www.imdb.com/title/tt0467406,Movie,7.4,96,2007,"Comedy, Drama",575829,"2007-12-25","Jason Reitman"
tt1306980,7,2017-03-04,"50/50","50/50",https://www.imdb.com/title/tt1306980,Movie,7.6,100,2011,"Comedy, Drama, Romance",356925,"2011-09-30","Jonathan Levine"
tt0110148,9,2017-03-02,"Interview with the Vampire: The Vampire Chronicles","Interview with the Vampire: The Vampire Chronicles",https://www.imdb.com/title/tt0110148,Movie,7.5,123,1994,"Horror, Drama, Fantasy",381641,"1994-11-11","Neil Jordan"
tt4217392,6,2017-03-01,"Kung Fu Yoga","Gong fu yu jia",https://www.imdb.com/title/tt4217392,Movie,5.2,107,2017,"Comedy, Action, Adventure, Mystery, Fantasy, Family",12497,"2017-01-28","Stanley Tong"
tt0272338,6,2017-02-28,"Punch-Drunk Love","Punch-Drunk Love",https://www.imdb.com/title/tt0272338,Movie,7.3,95,2002,"Drama, Comedy, Thriller, Romance",200016,"2002-11-01","Paul Thomas Anderson"
tt1007028,8,2017-02-28,"Zack and Miri Make a Porno","Zack and Miri Make a Porno",https://www.imdb.com/title/tt1007028,Movie,6.5,101,2008,"Comedy, Romance",187571,"2008-10-31","Kevin Smith"
tt0944947,10,2017-02-27,"Game of Thrones","Game of Thrones",https://www.imdb.com/title/tt0944947,TV Series,9.2,60,2011,"Fantasy, Drama",2668962,"2011-04-17",
tt0207201,9,2017-02-24,"What Women Want","What Women Want",https://www.imdb.com/title/tt0207201,Movie,6.5,127,2000,"Romance, Comedy, Fantasy",241248,"2000-12-15","Nancy Meyers"
tt0348836,8,2017-02-23,"Gothika","Gothika",https://www.imdb.com/title/tt0348836,Movie,5.9,98,2003,"Horror, Mystery, Thriller",125071,"2003-11-21","Mathieu Kassovitz"
tt0259711,9,2017-02-23,"Vanilla Sky","Vanilla Sky",https://www.imdb.com/title/tt0259711,Movie,6.9,136,2001,"Mystery, Fantasy, Sci-Fi, Romance, Thriller",312588,"2001-12-14","Cameron Crowe"
tt0138097,6,2017-02-22,"Shakespeare in Love","Shakespeare in Love",https://www.imdb.com/title/tt0138097,Movie,7.1,123,1998,"Drama, History, Romance, Comedy",244553,"1999-01-08","John Madden"
tt3416532,8,2017-02-22,"A Monster Calls","A Monster Calls",https://www.imdb.com/title/tt3416532,Movie,7.4,108,2016,"Drama, Fantasy, Adventure, Family, Horror",100001,"2017-01-06","J.A. Bayona"
tt1860213,8,2017-02-21,"Dirty Grandpa","Dirty Grandpa",https://www.imdb.com/title/tt1860213,Movie,5.9,102,2016,"Comedy",143634,"2016-01-22","Dan Mazer"
tt4116284,8,2017-02-20,"The Lego Batman Movie","The LEGO Batman Movie",https://www.imdb.com/title/tt4116284,Movie,7.3,104,2017,"Animation, Action, Comedy, Family, Adventure, Fantasy, Sci-Fi",198139,"2017-02-10","Chris McKay"
tt2294449,8,2017-02-19,"22 Jump Street","22 Jump Street",https://www.imdb.com/title/tt2294449,Movie,7.0,112,2014,"Comedy, Action, Crime, Mystery",446764,"2014-06-13","Phil Lord,Christopher Miller"
tt1285016,9,2017-02-19,"The Social Network","The Social Network",https://www.imdb.com/title/tt1285016,Movie,7.8,120,2010,"Drama, Biography",830864,"2010-10-01","David Fincher"
tt0116695,9,2017-02-15,"Jerry Maguire","Jerry Maguire",https://www.imdb.com/title/tt0116695,Movie,7.3,139,1996,"Sport, Romance, Drama, Comedy",316796,"1996-12-13","Cameron Crowe"
tt1375666,9,2017-02-15,"Inception","Inception",https://www.imdb.com/title/tt1375666,Movie,8.8,148,2010,"Sci-Fi, Thriller, Adventure",2875305,"2010-07-16","Christopher Nolan"
tt1142988,9,2017-02-15,"The Ugly Truth","The Ugly Truth",https://www.imdb.com/title/tt1142988,Movie,6.4,96,2009,"Romance, Comedy",243719,"2009-07-24","Robert Luketic"
tt3858372,9,2017-02-14,"Mune: Guardian of the Moon","Mune: Le Gardien de la Lune",https://www.imdb.com/title/tt3858372,Movie,7.1,85,2014,"Animation, Adventure, Family, Fantasy, Comedy",9032,"2015-10-14","Alexandre Heboyan,Benoît Philippon"
tt0093779,8,2017-02-14,"The Princess Bride","The Princess Bride",https://www.imdb.com/title/tt0093779,Movie,8.0,98,1987,"Family, Comedy, Romance, Adventure, Fantasy",491813,"1987-10-09","Rob Reiner"
tt0100405,10,2017-02-13,"Pretty Woman","Pretty Woman",https://www.imdb.com/title/tt0100405,Movie,7.1,119,1990,"Romance, Comedy",412756,"1990-03-23","Garry Marshall"
tt0125439,6,2017-02-13,"Notting Hill","Notting Hill",https://www.imdb.com/title/tt0125439,Movie,7.2,124,1999,"Drama, Romance, Comedy",391099,"1999-05-28","Roger Michell"
tt0276751,5,2017-02-13,"About a Boy","About a Boy",https://www.imdb.com/title/tt0276751,Movie,7.1,101,2002,"Romance, Drama, Comedy",200070,"2002-05-17","Chris Weitz,Paul Weitz"
tt0468569,10,2017-02-13,"The Dark Knight","The Dark Knight",https://www.imdb.com/title/tt0468569,Movie,9.1,152,2008,"Crime, Thriller",3234288,"2008-07-18","Christopher Nolan"
tt1282140,9,2017-02-12,"Easy A","Easy A",https://www.imdb.com/title/tt1282140,Movie,7.0,92,2010,"Comedy, Romance, Drama",448510,"2010-09-17","Will Gluck"
tt0486655,7,2017-02-11,"Stardust","Stardust",https://www.imdb.com/title/tt0486655,Movie,7.6,127,2007,"Adventure, Fantasy, Romance",301067,"2007-08-10","Matthew Vaughn"
tt1386932,10,2017-02-10,"Ip Man 2","Yip Man 2",https://www.imdb.com/title/tt1386932,Movie,7.5,108,2010,"Action, Biography, Drama, History",117920,"2025-10-05","Wilson Yip"
tt1220719,10,2017-02-10,"Ip Man","Ip Man",https://www.imdb.com/title/tt1220719,Movie,8.0,106,2008,"Action, Drama, Biography, War",245466,"2025-10-05","Wilson Yip"
tt0099674,5,2017-02-09,"The Godfather Part III","The Godfather Part III",https://www.imdb.com/title/tt0099674,Movie,7.5,162,1990,"Crime, Drama",461449,"1990-12-25","Francis Ford Coppola"
tt0147800,10,2017-02-08,"10 Things I Hate About You","10 Things I Hate About You",https://www.imdb.com/title/tt0147800,Movie,7.4,97,1999,"Drama, Romance, Comedy",463172,"1999-03-31","Gil Junger"
tt0454945,10,2017-02-08,"She's the Man","She's the Man",https://www.imdb.com/title/tt0454945,Movie,6.4,105,2006,"Comedy, Romance, Sport",196953,"2006-03-17","Andy Fickman"
tt1041829,9,2017-02-08,"The Proposal","The Proposal",https://www.imdb.com/title/tt1041829,Movie,6.8,108,2009,"Comedy, Romance, Drama",404560,"2009-06-19","Anne Fletcher"
tt0988595,9,2017-02-08,"27 Dresses","27 Dresses",https://www.imdb.com/title/tt0988595,Movie,6.2,111,2008,"Comedy, Romance",195285,"2008-01-18","Anne Fletcher"
tt0457939,9,2017-02-08,"The Holiday","The Holiday",https://www.imdb.com/title/tt0457939,Movie,7.0,136,2006,"Comedy, Romance",371596,"2006-12-08","Nancy Meyers"
tt1857913,8,2017-02-08,"The Sorcerer and the White Snake","Bai she chuan shuo",https://www.imdb.com/title/tt1857913,Movie,5.8,102,2011,"Action, Fantasy, Romance",9348,"2011-09-28","Siu-Tung Ching"
tt0378194,8,2017-02-06,"Kill Bill: Vol. 2","Kill Bill: Vol. 2",https://www.imdb.com/title/tt0378194,Movie,8.0,137,2004,"Thriller, Crime, Action",881634,"2004-04-16","Quentin Tarantino"
tt0266697,8,2017-02-06,"Kill Bill: Vol. 1","Kill Bill: Vol. 1",https://www.imdb.com/title/tt0266697,Movie,8.2,111,2003,"Action, Thriller, Crime",1327131,"2003-10-10","Quentin Tarantino"
tt1956620,7,2017-02-05,"Sex Tape","Sex Tape",https://www.imdb.com/title/tt1956620,Movie,5.1,94,2014,"Comedy, Romance",124133,"2014-07-18","Jake Kasdan"
tt1086772,7,2017-02-05,"Blended","Blended",https://www.imdb.com/title/tt1086772,Movie,6.5,117,2014,"Comedy, Romance",160599,"2014-05-23","Frank Coraci"
tt1564367,8,2017-02-05,"Just Go with It","Just Go with It",https://www.imdb.com/title/tt1564367,Movie,6.4,117,2011,"Comedy, Romance",294756,"2011-02-11","Dennis Dugan"
tt0343660,9,2017-02-05,"50 First Dates","50 First Dates",https://www.imdb.com/title/tt0343660,Movie,6.8,99,2004,"Drama, Romance, Comedy",421378,"2004-02-13","Peter Segal"
tt0151738,8,2017-02-05,"Never Been Kissed","Never Been Kissed",https://www.imdb.com/title/tt0151738,Movie,6.0,107,1999,"Drama, Romance, Comedy",104004,"1999-04-09","Raja Gosnell"
tt0256415,6,2017-02-05,"Sweet Home Alabama","Sweet Home Alabama",https://www.imdb.com/title/tt0256415,Movie,6.2,108,2002,"Romance, Comedy",137249,"2002-09-27","Andy Tennant"
tt0099653,10,2017-02-04,"Ghost","Ghost",https://www.imdb.com/title/tt0099653,Movie,7.1,126,1990,"Drama, Fantasy, Romance, Thriller",259876,"1990-07-13","Jerry Zucker"
tt1022603,7,2017-02-03,"500 Days of Summer","(500) Days of Summer",https://www.imdb.com/title/tt1022603,Movie,7.6,95,2009,"Comedy, Drama, Romance",628568,"2009-08-07","Marc Webb"
tt1659337,6,2017-02-03,"The Perks of Being a Wallflower","The Perks of Being a Wallflower",https://www.imdb.com/title/tt1659337,Movie,7.9,103,2012,"Drama",607296,"2012-10-12","Stephen Chbosky"
tt2980516,10,2017-02-03,"The Theory of Everything","The Theory of Everything",https://www.imdb.com/title/tt2980516,Movie,7.7,123,2014,"Drama, Biography, Romance",511180,"2014-11-26","James Marsh"
tt2674426,9,2017-02-03,"Me Before You","Me Before You",https://www.imdb.com/title/tt2674426,Movie,7.4,110,2016,"Drama, Romance",344804,"2016-06-03","Thea Sharrock"
tt2726560,10,2017-02-03,"The Longest Ride","The Longest Ride",https://www.imdb.com/title/tt2726560,Movie,7.0,123,2015,"Drama, Romance",95700,"2015-04-10","George Tillman Jr."
tt1355630,7,2017-02-03,"If I Stay","If I Stay",https://www.imdb.com/title/tt1355630,Movie,6.7,107,2014,"Drama, Music, Romance, Fantasy, Sci-Fi, Comedy",131961,"2014-08-22","R.J. Cutler"
tt2582846,10,2017-02-03,"The Fault in Our Stars","The Fault in Our Stars",https://www.imdb.com/title/tt2582846,Movie,7.6,126,2014,"Drama, Romance",428561,"2014-06-06","Josh Boone"
tt0281358,7,2017-02-03,"A Walk to Remember","A Walk to Remember",https://www.imdb.com/title/tt0281358,Movie,7.3,101,2002,"Romance, Drama",233212,"2002-01-25","Adam Shankman"
tt1606389,10,2017-02-03,"The Vow","The Vow",https://www.imdb.com/title/tt1606389,Movie,6.8,104,2012,"Drama, Romance",215906,"2012-02-10","Michael Sucsy"
tt0989757,7,2017-02-03,"Dear John","Dear John",https://www.imdb.com/title/tt0989757,Movie,6.3,108,2010,"Drama, Romance, War",165096,"2010-02-05","Lasse Hallström"
tt1327194,7,2017-02-03,"The Lucky One","The Lucky One",https://www.imdb.com/title/tt1327194,Movie,6.4,101,2012,"Drama, Romance, Mystery, War",119241,"2012-04-20","Scott Hicks"
tt1386697,7,2017-02-02,"Suicide Squad","Suicide Squad",https://www.imdb.com/title/tt1386697,Movie,5.9,123,2016,"Action, Sci-Fi, Adventure, Fantasy",767771,"2016-08-05","David Ayer"
tt2094766,5,2017-02-02,"Assassin's Creed","Assassin's Creed",https://www.imdb.com/title/tt2094766,Movie,5.6,115,2016,"Action, Adventure, Sci-Fi",221313,"2016-12-21","Justin Kurzel"
tt3783958,7,2017-02-01,"La La Land","La La Land",https://www.imdb.com/title/tt3783958,Movie,8.0,128,2016,"Musical, Comedy, Drama, Romance, Music",780447,"2016-12-25","Damien Chazelle"
tt0109830,10,2017-02-01,"Forrest Gump","Forrest Gump",https://www.imdb.com/title/tt0109830,Movie,8.8,142,1994,"Romance, Drama",2540562,"1994-07-06","Robert Zemeckis"
tt0068646,10,2017-02-01,"The Godfather","The Godfather",https://www.imdb.com/title/tt0068646,Movie,9.2,175,1972,"Crime, Drama",2261303,"1972-03-24","Francis Ford Coppola"
tt0108550,10,2017-02-01,"What's Eating Gilbert Grape","What's Eating Gilbert Grape",https://www.imdb.com/title/tt0108550,Movie,7.7,118,1993,"Drama",271697,"1994-03-04","Lasse Hallström"
tt0817177,10,2017-02-01,"Flipped","Flipped",https://www.imdb.com/title/tt0817177,Movie,7.6,90,2010,"Comedy, Drama, Romance",109887,"2010-09-10","Rob Reiner"
tt1598822,6,2017-02-01,"New Year's Eve","New Year's Eve",https://www.imdb.com/title/tt1598822,Movie,5.6,118,2011,"Comedy, Romance",93237,"2011-12-09","Garry Marshall"
tt0314331,10,2017-02-01,"Love Actually","Love Actually",https://www.imdb.com/title/tt0314331,Movie,7.5,135,2003,"Drama, Romance, Comedy",584981,"2003-11-14","Richard Curtis"
tt2592614,6,2017-02-01,"Resident Evil: The Final Chapter","Resident Evil: The Final Chapter",https://www.imdb.com/title/tt2592614,Movie,5.5,107,2016,"Action, Horror, Sci-Fi, Thriller",110894,"2017-01-27","Paul W.S. Anderson"
tt2277860,7,2017-02-01,"Finding Dory","Finding Dory",https://www.imdb.com/title/tt2277860,Movie,7.2,97,2016,"Animation, Comedy, Adventure, Family, Fantasy, Mystery",340673,"2016-06-17","Andrew Stanton,Angus MacLane"
tt2709768,8,2017-02-01,"The Secret Life of Pets","The Secret Life of Pets",https://www.imdb.com/title/tt2709768,Movie,6.5,86,2016,"Animation, Comedy, Family, Adventure",239501,"2016-07-08","Chris Renaud"
tt1679335,8,2017-02-01,"Trolls","Trolls",https://www.imdb.com/title/tt1679335,Movie,6.4,92,2016,"Animation, Musical, Comedy, Adventure, Fantasy, Music, Family",102612,"2016-11-04","Mike Mitchell,Walt Dohrn"
tt3095734,7,2017-02-01,"Monster Trucks","Monster Trucks",https://www.imdb.com/title/tt3095734,Movie,5.7,104,2016,"Action, Family, Comedy, Adventure, Sci-Fi, Sport",20810,"2017-01-13","Chris Wedge"
tt3470600,9,2017-02-01,"Sing","Sing",https://www.imdb.com/title/tt3470600,Movie,7.1,108,2016,"Animation, Comedy, Family, Music",217424,"2016-12-21","Garth Jennings,Christophe Lourdelet"
tt3521164,8,2017-02-01,"Moana","Moana",https://www.imdb.com/title/tt3521164,Movie,7.6,107,2016,"Animation, Musical, Adventure, Family, Comedy, Fantasy",451277,"2016-11-23","Ron Clements,John Musker,Don Hall,Chris Williams"
